,lamar.csv
0,0.7736720554272518
1,0.7899741882896345
2,0.7902458905040075
3,0.7936421681836707
4,0.7891590816465155
5,0.7814155685368835
6,0.7853552506452928
7,0.792147806004619
8,0.7973101480777067
9,0.7945931259339765
10,0.7941855726124167
11,0.801521532400489
12,0.7989403613639452
13,0.7786985463931531
14,0.7697323733188426
15,0.7909251460399402
16,0.7977177013992665
17,0.7857628039668523
18,0.7925553593261785
19,0.7834533351446815
20,0.7852193995381063
21,0.7970384458633337
22,0.8045102567585924
23,0.8146990897975819
24,0.8141556853688359
25,0.82923515826654
26,0.8295068604809128
27,0.8345333514468143
28,0.8436353756283115
29,0.8401032468414618
30,0.8315446270887108
31,0.8258388805868768
32,0.8198614318706698
33,0.8314087759815243
34,0.8247520717293846
35,0.8223067518000271
36,0.8290993071593533
37,0.8517864420595027
38,0.9129194402934384
39,0.9025947561472625
40,0.8660508083140877
41,0.8483901643798397
42,0.8678168727075124
43,0.8780057057465018
44,0.8714848526015488
45,0.850292079880451
46,0.8369786713761718
47,0.8384730335552235
48,0.8310012226599646
49,0.8216274962640946
50,0.848933568808586
51,0.8483901643798397
52,0.8546393153104197
53,0.8763754924602636
54,0.8974324140741747
55,0.904224969433501
56,0.9011003939682107
57,0.8958022007879363
58,0.904224969433501
59,0.905583480505366
60,0.9110175247928272
61,0.9184893356880859
62,0.9144138024724902
63,0.9265045510120906
64,0.9115609292215732
65,0.905311778290993
66,0.8998777340035322
67,0.8964814563238692
68,0.9119684825431327
69,0.9023230539328895
70,0.9061268849341122
71,0.9210705067246296
72,0.8989267762532265
73,0.8977041162885477
74,0.907892949327537
75,0.9156364624371689
76,0.9346556174432821
77,0.9346556174432821
78,0.93669338405108
79,0.9292215731558213
80,0.9299008286917538
81,0.9279989131911424
82,0.9375084906941991
83,0.9592446678440429
84,0.9699769053117784
85,0.9683466920255399
86,0.9910338269256893
87,0.9860073359597881
88,0.9777204184214101
89,0.9709278630620839
90,0.9663089254177419
91,0.9664447765249287
92,0.9592446678440429
93,0.9641353077027577
94,0.9604673278087217
95,0.9559842412715664
96,0.948104877054748
97,0.9318027441923651
98,0.9354707240864013
99,0.9440293438391523
100,0.954354027985328
101,0.9525879635919032
102,0.9626409455237059
103,0.9660372232033689
104,0.9661730743105557
105,0.9648145632386902
106,0.9542181768781417
107,0.9620975410949599
108,0.9625050944165194
109,0.945252003803831
110,0.950414345876919
111,0.9714712674908301
112,0.9750033962776796
113,0.943757641624779
114,0.8766471946746366
115,0.8735226192093466
116,0.8667300638500204
117,0.8830321967124031
118,0.8740660236380926
119,0.8596658062763212
120,0.8588506996332019
121,0.849205271022959
122,0.8455372911289227
123,0.834940904768374
124,0.8540959108816737
125,0.8603450618122537
126,0.8569487841325907
127,0.8592582529547617
128,0.8602092107050674
129,0.8703980437440566
130,0.8676810216003261
131,0.8585789974188289
132,0.8493411221301452
133,0.8451297378073632
134,0.847439206629534
135,0.8538242086673007
136,0.8487977177013992
137,0.842548566770819
138,0.8429561200923787
139,0.8570846352397772
140,0.849748675451705
141,0.836299415840239
142,0.8118462165466649
143,0.8193180274419236
144,0.8061404700448309
145,0.7973101480777067
146,0.801249830186116
147,0.7951365303627225
148,0.787257166145904
149,0.794728977041163
150,0.7928270615405515
151,0.7967667436489607
152,0.783860888466241
153,0.7905175927183807
154,0.7860345061812253
155,0.8103518543676131
156,0.8102160032604266
157,0.8104877054747996
158,0.8293710093737263
159,0.8303219671240321
160,0.8282842005162341
161,0.8187746230131774
162,0.8247520717293846
163,0.8178236652628719
164,0.8060046189376442
165,0.8127971742969704
166,0.8069555766879501
167,0.8032875967939137
168,0.7988045102567585
169,0.8031517456867274
170,0.8170085586197526
171,0.8145632386903954
172,0.8156500475478876
173,0.8108952587963592
174,0.8212199429425351
175,0.8108952587963592
176,0.8164651541910068
177,0.8570846352397772
178,0.8570846352397772
179,0.8441787800570575
180,0.8558619752750984
181,0.8921342208939003
182,0.8847982611058278
183,0.8940361363945115
184,0.89879092514604
185,0.8955304985735635
186,0.9129194402934384
187,0.9141421002581172
188,0.9077570982203507
189,0.897296562966988
190,0.890775709822035
191,0.8924059231082733
192,0.9051759271838065
193,0.904496671647874
194,0.9097948648281484
195,0.9114250781143867
196,0.9110175247928272
197,0.9070778426844177
198,0.9121043336503192
199,0.9126477380790654
200,0.9243309332971064
201,0.9351990218720283
202,0.9255535932617851
203,0.9191685912240184
204,0.9347914685504686
205,0.9305800842276863
206,0.9341122130145361
207,0.9224290177964951
208,0.9145496535796767
209,0.9115609292215732
210,0.9319385952995518
211,0.9432142371960333
212,0.9275913598695829
213,0.9015079472897705
214,0.8903681565004755
215,0.8852058144273875
216,0.8952587963591905
217,0.8860209210705068
218,0.8759679391387041
219,0.8680885749218856
220,0.8718924059231083
221,0.8861567721776933
222,0.9004211384322782
223,0.8875152832495585
224,0.8771905991033828
225,0.8716207037087351
226,0.8622469773128651
227,0.8857492188561338
228,0.8826246433908436
229,0.8803151745686726
230,0.8895530498573563
231,0.887379432142372
232,0.8751528324955848
233,0.8686319793506316
234,0.8732509169949736
235,0.8951229452520038
236,0.8739301725309061
237,0.8729792147806006
238,0.881673685640538
239,0.8733867681021601
240,0.8926776253226465
241,0.895938051895123
242,0.8769188968890096
243,0.8831680478195898
244,0.8941719875016982
245,0.9000135851107187
246,0.9051759271838065
247,0.9138703980437439
248,0.9130552914006249
249,0.9207988045102566
250,0.9190327401168321
251,0.9178100801521532
252,0.9241950821899199
253,0.9271838065480233
254,0.9184893356880859
255,0.9214780600461894
256,0.9057193316125527
257,0.9201195489743241
258,0.9227007200108681
259,0.9123760358646922
260,0.9153647602227957
261,0.9171308246162206
262,0.9224290177964951
263,0.9288140198342616
264,0.9254177421545986
265,0.9414481728026083
266,0.9448444504822713
267,0.9445727482678983
268,0.94606711044695
269,0.950414345876919
270,0.9529955169134627
271,0.9679391387039804
272,0.958022007879364
273,0.9669881809536749
274,0.9781279717429696
275,0.9816601005298193
276,0.9672598831680477
277,0.9588371145224832
278,0.9498709414481727
279,0.9555766879500067
280,0.9547615813068875
281,0.950957750305665
282,0.9584295612009237
283,0.9634560521668252
284,0.9622333922021464
285,0.9578861567721777
286,0.960331476701535
287,0.9505501969841053
288,0.951501154734411
289,0.952044559163157
290,0.9391387039804373
291,0.9379160440157588
292,0.9714712674908301
293,1.0
294,0.9870941448172801
295,0.9918489335688085
296,0.9849205271022958
297,0.9773128650998504
298,0.9722863741339491
299,0.9642711588099442
300,0.9544898790925147
301,0.956663496807499
302,0.9528596658062762
303,0.944980301589458
304,0.94606711044695
305,0.943757641624779
306,0.9440293438391523
307,0.952044559163157
308,0.9544898790925147
309,0.959516370058416
310,0.9612824344518407
311,0.9626409455237059
312,0.9529955169134627
313,0.9441651949463388
314,0.93669338405108
315,0.9237875288683604
316,0.9319385952995518
317,0.9274555087623964
318,0.9089797581850292
319,0.9024589050400762
320,0.893085178644206
321,0.8812661323189785
322,0.8660508083140877
323,0.8678168727075124
324,0.8748811302812118
325,0.8665942127428339
326,0.8496128243445185
327,0.8395598424127155
328,0.8430919711995652
329,0.8424127156636327
330,0.8451297378073632
331,0.8539600597744872
332,0.8493411221301452
333,0.852601548702622
334,0.8546393153104197
335,0.846895802200788
336,0.8316804781958973
337,0.8282842005162341
338,0.8426844178780057
339,0.8429561200923787
340,0.8350767558755603
341,0.8387447357695965
342,0.8433636734139383
343,0.836027713625866
344,0.8205406874066024
345,0.8189104741203641
346,0.8167368564053799
347,0.8190463252275506
348,0.8266539872299961
349,0.8406466512702078
350,0.8320880315174568
351,0.8263822850156228
352,0.8267898383371823
353,0.8254313272653173
354,0.7992120635783182
355,0.786442059502785
356,0.783589186251868
357,0.7754381198206766
358,0.7588642847439206
359,0.7523434315989674
360,0.731694063306616
361,0.7397092786306207
362,0.7561472626001902
363,0.7599510936014129
364,0.7560114114930037
365,0.7516641760630349
366,0.7526151338133407
367,0.7772041842141013
368,0.7767966308925418
369,0.7880722727890233
370,0.783317484037495
371,0.778155141964407
372,0.795000679255536
373,0.8000271702214372
374,0.8079065344382557
375,0.8081782366526289
376,0.8095367477244939
377,0.8053253634017117
378,0.8030158945795407
379,0.8024724901507949
380,0.8081782366526289
381,0.8020649368292352
382,0.8050536611873387
383,0.7797853552506453
384,0.789294932753702
385,0.79445727482679
386,0.795815785898655
387,0.8041027034370329
388,0.8129330254041571
389,0.8202689851922291
390,0.8133405787257166
391,0.8083140877598152
392,0.8140198342616491
393,0.8096725988316806
394,0.8129330254041571
395,0.8170085586197526
396,0.8161934519766336
397,0.8065480233663904
398,0.7905175927183807
399,0.7556038581714442
400,0.749083005026491
401,0.7561472626001902
402,0.741339491916859
403,0.74677353620432
404,0.7579133269936149
405,0.7445999184893357
406,0.7721776932482001
407,0.7763890775709823
408,0.7758456731422361
409,0.7816872707512565
410,0.7816872707512565
411,0.7728569487841326
412,0.7816872707512565
413,0.7858986550740388
414,0.7777475886428473
415,0.7863062083955985
416,0.7796495041434588
417,0.781008015215324
418,0.7686455644613504
419,0.7619888602092106
420,0.7615813068876511
421,0.7670153511751121
422,0.7657926912104334
423,0.7731286509985056
424,0.7785626952859666
425,0.780464610786578
426,0.7743513109631843
427,0.7611737535660916
428,0.8232577095503328
429,0.8167368564053799
430,0.8170085586197526
431,0.8197255807634833
432,0.8361635647330525
433,0.8509713354163837
434,0.8479826110582802
435,0.8478467599510935
436,0.8550468686319792
437,0.8569487841325907
438,0.8591224018475752
439,0.8649639994565956
440,0.8554544219535389
441,0.8551827197391659
442,0.8558619752750984
443,0.8452655889145495
444,0.8380654802336638
445,0.8399673957342753
446,0.8368428202689853
447,0.8413259068061405
448,0.8463523977720417
449,0.8451297378073632
450,0.832631435946203
451,0.8270615405515553
452,0.8285559027306073
453,0.8380654802336638
454,0.8267898383371823
455,0.8051895122945252
456,0.7826382285015623
457,0.7693248199972831
458,0.7710908843907078
459,0.789023230539329
460,0.784404292894987
461,0.784132590680614
462,0.7907892949327537
463,0.7868496128243445
464,0.7948648281483495
465,0.7876647194674637
466,0.7811438663225105
467,0.8007064257573699
468,0.8019290857220487
469,0.8038310012226599
470,0.8026083412579812
471,0.8050536611873387
472,0.8045102567585924
473,0.8046461078657792
474,0.8095367477244939
475,0.7994837657926912
476,0.8098084499388669
477,0.8039668523298467
478,0.7918761037902458
479,0.7920119548974325
480,0.7973101480777067
481,0.7888873794321423
482,0.7857628039668523
483,0.7719059910338268
484,0.7738079065344383
485,0.7803287596793915
486,0.7902458905040075
487,0.7856269528596658
488,0.7948648281483495
489,0.7935063170764842
490,0.7935063170764842
491,0.7887515283249558
492,0.7997554680070642
493,0.7964950414345877
494,0.786442059502785
495,0.7697323733188426
496,0.778155141964407
497,0.7689172666757234
498,0.7702757777475886
499,0.7693248199972831
500,0.7767966308925418
501,0.7693248199972831
502,0.7670153511751121
503,0.7619888602092106
504,0.7716342888194538
505,0.7705474799619616
506,0.7685097133541638
507,0.7678304578182313
508,0.7681021600326041
509,0.7664719467463659
510,0.7660643934248064
511,0.7576416247792419
512,0.7575057736720554
513,0.7545170493139519
514,0.7671512022822986
515,0.7591359869582937
516,0.7644341801385681
517,0.7618530091020241
518,0.7615813068876511
519,0.7470452384186932
520,0.7524792827061539
521,0.7399809808449938
522,0.7390300230946882
523,0.734818638771906
524,0.7363130009509578
525,0.7333242765928543
526,0.737128107594077
527,0.741339491916859
528,0.7398451297378072
529,0.7277543811982068
530,0.7280260834125798
531,0.74364896073903
532,0.7307431055563103
533,0.7232712946610516
534,0.7183806548023366
535,0.7398451297378072
536,0.734546936557533
537,0.7323733188425485
538,0.7194674636598288
539,0.7054747996196169
540,0.7022143730471404
541,0.6872707512566227
542,0.6838744735769597
543,0.6632251052846081
544,0.6621382964271159
545,0.7008558619752752
546,0.6764026626817008
547,0.6734139383235973
548,0.6640402119277271
549,0.6484173346012769
550,0.6291264773807907
551,0.6139111533759001
552,0.6164923244124441
553,0.6071185980165739
554,0.6235565819861433
555,0.6587420187474529
556,0.6807498981116695
557,0.6834669202554
558,0.6799347914685505
559,0.6897160711859802
560,0.688357560114115
561,0.6738214916451568
562,0.6747724493954625
563,0.682923515826654
564,0.671512022822986
565,0.6898519222931667
566,0.6611873386768101
567,0.6660779785355251
568,0.6834669202554
569,0.682380111397908
570,0.7191957614454558
571,0.7081918217633474
572,0.725988316804782
573,0.7149843771226736
574,0.74677353620432
575,0.7429697052030975
576,0.7504415160983562
577,0.7475886428474392
578,0.7383507675587555
579,0.7409319385952995
580,0.7421545985599782
581,0.745958429561201
582,0.7435131096318435
583,0.7386224697731287
584,0.7357695965222117
585,0.7330525743784813
586,0.7333242765928543
587,0.7148485260154871
588,0.7235429968754246
589,0.7344110854503465
590,0.7221844858035593
591,0.7071050129058551
592,0.7085993750849069
593,0.7147126749083004
594,0.7225920391251188
595,0.7239505501969841
596,0.7206901236245076
597,0.7107729927998914
598,0.7092786306208396
599,0.7197391658742018
600,0.7244939546257303
601,0.7196033147670153
602,0.7202825703029481
603,0.7210976769460671
604,0.7204184214101346
605,0.7234071457682381
606,0.7227278902323053
607,0.7187882081238963
608,0.7212335280532536
609,0.7110446950142644
610,0.7106371416927049
611,0.7075125662274149
612,0.7138975682651814
613,0.7189240592310828
614,0.7164787393017253
615,0.7050672462980574
616,0.7155277815514196
617,0.7204184214101346
618,0.7085993750849069
619,0.7004483086537154
620,0.7007200108680887
621,0.6927047955440837
622,0.694335008830322
623,0.6941991577231355
624,0.6927047955440837
625,0.6961010732237467
626,0.6992256486890367
627,0.6966444776524929
628,0.6902594756147262
629,0.6927047955440837
630,0.6867273468278767
631,0.6868631979350632
632,0.6808857492188563
633,0.6738214916451568
634,0.6785762803966853
635,0.6867273468278767
636,0.6879500067925552
637,0.6811574514332293
638,0.6736856405379703
639,0.6617307431055564
640,0.6624099986414889
641,0.6489607390300232
642,0.6330661594891998
643,0.6349680749898112
644,0.6293981795951638
645,0.630756690667029
646,0.6463795679934792
647,0.6476022279581579
648,0.6565684010324684
649,0.6572476565684011
650,0.6656704252139654
651,0.6615948919983698
652,0.6636326586061676
653,0.6569759543540279
654,0.6417606303491374
655,0.63931531041978
656,0.6474663768509714
657,0.6406738214916452
658,0.6394511615269665
659,0.6496399945659557
660,0.637005841597609
661,0.6417606303491374
662,0.6356473305257437
663,0.6269528596658063
664,0.6507268034234479
665,0.6617307431055564
666,0.6584703165330796
667,0.6511343567450074
668,0.637277543811982
669,0.6480097812797174
670,0.6731422361092243
671,0.686319793506317
672,0.694335008830322
673,0.7068333106914821
674,0.7117239505501969
675,0.7037087352261922
676,0.7084635239777204
677,0.6929764977584567
678,0.6954218176878142
679,0.6849612824344518
680,0.67721776932482
681,0.6641760630349136
682,0.7527509849205272
683,0.7447357695965222
684,0.745415025132455
685,0.7418828963456052
686,0.731694063306616
687,0.7278902323053933
688,0.7228637413394918
689,0.7128107594076891
690,0.7124032060861296
691,0.7147126749083004
692,0.7197391658742018
693,0.7137617171579949
694,0.7187882081238963
695,0.7213693791604401
696,0.7321016166281755
697,0.7247656568401033
698,0.732237467735362
699,0.7249015079472898
700,0.7239505501969841
701,0.7102295883711451
702,0.7081918217633474
703,0.7152560793370466
704,0.7133541638364354
705,0.7140334193723679
706,0.7140334193723679
707,0.7069691617986686
708,0.7016709686183944
709,0.7210976769460671
710,0.7149843771226736
711,0.7083276728705339
712,0.7191957614454558
713,0.7310148077706833
714,0.7303355522347508
715,0.7307431055563103
716,0.7250373590544763
717,0.7216410813748133
718,0.7190599103382693
719,0.7198750169813883
720,0.7306072544491238
721,0.728841190055699
722,0.7219127835891863
723,0.7303355522347508
724,0.735362043200652
725,0.7397092786306207
726,0.7439206629534032
727,0.7509849205271022
728,0.7530226871349002
729,0.749626409455237
730,0.7564189648145632
731,0.7560114114930037
732,0.7452791740252682
733,0.7477244939546257
734,0.7494905583480505
735,0.7591359869582937
736,0.7591359869582937
737,0.7615813068876511
738,0.7526151338133407
739,0.7509849205271022
740,0.7410677897024862
741,0.7335959788072273
742,0.7311506588778698
743,0.73427523434316
744,0.731965765520989
745,0.7270751256622741
746,0.7060182040483629
747,0.7163428881945388
748,0.7170221437304714
749,0.7134900149436219
750,0.7255807634832223
751,0.7323733188425485
752,0.7349544898790925
753,0.7469093873115067
754,0.7477244939546257
755,0.7463659828827605
756,0.7375356609156365
757,0.7337997554680071
758,0.7365847031653308
759,0.7452791740252682
760,0.7387583208803152
761,0.7398451297378072
762,0.7359054476293982
763,0.7412036408096725
764,0.7399809808449938
765,0.741339491916859
766,0.7299279989131913
767,0.7364488520581443
768,0.7354978943078385
769,0.7367205542725173
770,0.7312865099850565
771,0.7274826789838338
772,0.7239505501969841
773,0.7152560793370466
774,0.7212335280532536
775,0.7301997011275643
776,0.7297921478060045
777,0.7341393832359733
778,0.7242222524113571
779,0.7284336367341395
780,0.7212335280532536
781,0.7200108680885748
782,0.7124032060861296
783,0.7186523570167098
784,0.7098220350495856
785,0.7054747996196169
786,0.7084635239777204
787,0.7085993750849069
788,0.7287053389485123
789,0.7261241679119685
790,0.725988316804782
791,0.7178372503735906
792,0.7153919304442331
793,0.7280260834125798
794,0.7126749083005026
795,0.7189240592310828
796,0.7164787393017253
797,0.7172938459448446
798,0.7170221437304714
799,0.7162070370873521
800,0.7085993750849069
801,0.7079201195489744
802,0.7057465018339899
803,0.6969161798668659
804,0.6977992120635783
805,0.6935199021872029
806,0.7004483086537154
807,0.6999049042249694
808,0.6978671376171717
809,0.697731286509985
810,0.6898519222931667
811,0.6871349001494362
812,0.6936557532943894
813,0.691753837793778
814,0.6927047955440837
815,0.6929764977584567
816,0.6872707512566227
817,0.6875424534709957
818,0.6810216003260428
819,0.6791196848254313
820,0.6747724493954625
821,0.6706969161798668
822,0.6727346827876648
823,0.6693384051080016
824,0.6660779785355251
825,0.6690667028936286
826,0.6704252139654938
827,0.6632251052846081
828,0.6523570167096862
829,0.6467871213150387
830,0.6565684010324684
831,0.6548023366390436
832,0.6554815921749761
833,0.6644477652492868
834,0.6632251052846081
835,0.6658062763211521
836,0.6652628718924058
837,0.6625458497486754
838,0.6629534030702351
839,0.6583344654258931
840,0.6545306344246706
841,0.6484173346012769
842,0.6473305257437849
843,0.6455644613503599
844,0.6603722320336911
845,0.6480097812797174
846,0.6535796766743649
847,0.6571118054612146
848,0.6545306344246706
849,0.6508626545306344
850,0.6535796766743649
851,0.6485531857084634
852,0.6433908436353757
853,0.6500475478875152
854,0.6500475478875152
855,0.6447493547072409
856,0.6496399945659557
857,0.6516777611737534
858,0.6489607390300232
859,0.6482814834940904
860,0.6459040891183263
861,0.6428474392066295
862,0.6399945659557125
863,0.6401304170628992
864,0.6409455237060182
865,0.6368699904904225
866,0.6332020105963863
867,0.6298057329167233
868,0.6236245075397364
869,0.6240999864148893
870,0.6092922157315581
871,0.6322510528460807
872,0.6277679663089255
873,0.6226056242358375
874,0.619345197663361
875,0.6209754109495993
876,0.6088846624099986
877,0.6072544491237604
878,0.6058959380518951
879,0.5963863605488384
880,0.6022279581578591
881,0.5914957206901237
882,0.5863333786170357
883,0.5834805053661187
884,0.5720690123624508
885,0.5470724086401304
886,0.5530498573563374
887,0.5598424127156636
888,0.570302947969026
889,0.5864692297242222
890,0.5802200787936422
891,0.5947561472626002
892,0.5938051895122944
893,0.5821219942942535
894,0.584567314223611
895,0.5951637005841597
896,0.5958429561200924
897,0.5958429561200924
898,0.5886428474392067
899,0.5936693384051079
900,0.5919032740116832
901,0.6027713625866051
902,0.6094280668387446
903,0.6117375356609156
904,0.6229452520038039
905,0.6223339220214645
906,0.6216546664855318
907,0.6249150930580083
908,0.6325227550604537
909,0.6270887107729928
910,0.6408096725988317
911,0.6461078657791062
912,0.6435946202961553
913,0.6356473305257437
914,0.6409455237060182
915,0.642168183670697
916,0.6390436082054067
917,0.6352397772041842
918,0.637549246026355
919,0.6358511071865236
920,0.6327944572748267
921,0.6290585518271974
922,0.628447221844858
923,0.6249830186116017
924,0.6240320608612959
925,0.6223339220214645
926,0.6190734954489878
927,0.619616899877734
928,0.6171715799483766
929,0.6154055155549518
930,0.6182583888058688
931,0.6120092378752886
932,0.6012770004075534
933,0.6063034913734546
934,0.6151338133405788
935,0.6177149843771226
936,0.6095639179459313
937,0.6073903002309469
938,0.6208395598424128
939,0.628447221844858
940,0.6293981795951638
941,0.6303491373454695
942,0.6298057329167233
943,0.6295340307023503
944,0.6314359462029615
945,0.6428474392066295
946,0.6463795679934792
947,0.6440700991713082
948,0.645836163564733
949,0.6413530770275777
950,0.6440700991713082
951,0.6366662138296426
952,0.6337454150251325
953,0.63931531041978
954,0.6376850971335417
955,0.6463795679934792
956,0.6488248879228367
957,0.6488248879228367
958,0.6450210569216139
959,0.6461078657791062
960,0.6452927591359869
961,0.63619073495449
962,0.628447221844858
963,0.6277000407553321
964,0.6266811574514333
965,0.6234207308789566
966,0.6216546664855318
967,0.6181225376986823
968,0.6099714712674909
969,0.6065751935878279
970,0.6041298736584704
971,0.6030430648009781
972,0.6121450889824751
973,0.6145904089118326
974,0.6156772177693248
975,0.6124167911968483
976,0.6090205135171851
977,0.5967939138703979
978,0.5967939138703979
979,0.5957071050129059
980,0.5963863605488384
981,0.6010052981931804
982,0.6037223203369109
983,0.6145904089118326
984,0.6067110446950144
985,0.6031789159081646
986,0.5938051895122944
987,0.5961146583344654
988,0.6008694470859939
989,0.6015487026219264
990,0.6034506181225376
991,0.6087488113028121
992,0.6136394511615268
993,0.6121450889824751
994,0.6007335959788072
995,0.5954354027985329
996,0.5933976361907349
997,0.6010052981931804
998,0.6026355114794186
999,0.6041298736584704
1000,0.6015487026219264
1001,0.6042657247656569
1002,0.6034506181225376
1003,0.6050808314087759
1004,0.6143187066974596
1005,0.6238282842005163
1006,0.6211112620567858
1007,0.6332020105963863
1008,0.6332020105963863
1009,0.6322510528460807
1010,0.6386360548838474
1011,0.6031789159081646
1012,0.6064393424806411
1013,0.6016845537291129
1014,0.6035864692297241
1015,0.6156772177693248
1016,0.6144545578046461
1017,0.6177149843771226
1018,0.6254584974867545
1019,0.6269528596658063
1020,0.6247792419508218
1021,0.6209754109495993
1022,0.6189376443418013
1023,0.6277679663089255
1024,0.631300095095775
1025,0.6268170085586198
1026,0.627632115201739
1027,0.6360548838473032
1028,0.6413530770275777
1029,0.6452927591359869
1030,0.6423040347778834
1031,0.6466512702078522
1032,0.6433908436353757
1033,0.6322510528460807
1034,0.6314359462029615
1035,0.6420323325635104
1036,0.6450210569216139
1037,0.6478739301725309
1038,0.6543947833174841
1039,0.6523570167096862
1040,0.6497758456731422
1041,0.6587420187474529
1042,0.6499116967803287
1043,0.6543947833174841
1044,0.6273604129873658
1045,0.6063034913734546
1046,0.6087488113028121
1047,0.6113299823393561
1048,0.6030430648009781
1049,0.6073903002309469
1050,0.6133677489471541
1051,0.6223339220214645
1052,0.6175791332699361
1053,0.6243716886292623
1054,0.6190734954489878
1055,0.6152696644477653
1056,0.6121450889824751
1057,0.6084771090884391
1058,0.6023638092650456
1059,0.5868767830457817
1060,0.5775030566499118
1061,0.5658198614318708
1062,0.587420187474528
1063,0.5906806140470044
1064,0.5887786985463932
1065,0.5938051895122944
1066,0.5940768917266677
1067,0.6014128515147399
1068,0.6072544491237604
1069,0.6200244531992936
1070,0.6071185980165739
1071,0.6077978535525064
1072,0.6126884934112213
1073,0.6154055155549518
1074,0.6137753022687134
1075,0.6142507811438664
1076,0.622741475343024
1077,0.619345197663361
1078,0.6257301997011275
1079,0.6283113707376715
1080,0.6254584974867545
1081,0.6274962640945525
1082,0.627632115201739
1083,0.6359190327401167
1084,0.6270887107729928
1085,0.6308925417742155
1086,0.6322510528460807
1087,0.6285830729520445
1088,0.6235565819861433
1089,0.6054204591767423
1090,0.6096997690531178
1091,0.6183942399130553
1092,0.6121450889824751
1093,0.6135036000543406
1094,0.6116016845537291
1095,0.6056242358375221
1096,0.6082054068740661
1097,0.6091563646243716
1098,0.6053525336231491
1099,0.6026355114794186
1100,0.5997826382285016
1101,0.5999184893356881
1102,0.5965222116560249
1103,0.5980165738350767
1104,0.6042657247656569
1105,0.6052166825159626
1106,0.6109224290177964
1107,0.6136394511615268
1108,0.6166281755196306
1109,0.6188017932346148
1110,0.6126884934112213
1111,0.6111941312321696
1112,0.6162206221980708
1113,0.6171715799483766
1114,0.6054883847303356
1115,0.5910881673685642
1116,0.585110718652357
1117,0.5800842276864557
1118,0.5900013585110719
1119,0.5852465697595435
1120,0.5882352941176472
1121,0.5823936965086265
1122,0.576280396685233
1123,0.5712539057193315
1124,0.5470724086401304
1125,0.5523706018204049
1126,0.5597065616084771
1127,0.5592990082869176
1128,0.5626952859665806
1129,0.5597065616084771
1130,0.5587556038581714
1131,0.5644613503600056
1132,0.5606575193587828
1133,0.5644613503600056
1134,0.5656840103246841
1135,0.5610650726803423
1136,0.5598424127156636
1137,0.5620160304306481
1138,0.5598424127156636
1139,0.5583480505366119
1140,0.5516913462844721
1141,0.5552234750713219
1142,0.5631028392881403
1143,0.5690802880043473
1144,0.5597065616084771
1145,0.5648689036815651
1146,0.567993479146855
1147,0.5650047547887516
1148,0.5660915636462438
1149,0.5655481592174976
1150,0.5590273060725446
1151,0.5455780464610787
1152,0.5455780464610787
1153,0.5564461350360006
1154,0.5583480505366119
1155,0.5273739980980845
1156,0.5173210161662818
1157,0.5143322918081783
1158,0.5156908028800435
1159,0.5178644205950278
1160,0.5188153783453335
1161,0.5208531449531313
1162,0.5144681429153648
1163,0.5059095231626138
1164,0.5038717565548159
1165,0.5006113299823394
1166,0.4942263279445727
1167,0.4976226056242358
1168,0.5007471810895259
1169,0.5002037766607799
1170,0.5063170764841733
1171,0.5197663360956393
1172,0.5193587827740795
1173,0.5114794185572613
1174,0.5046868631979351
1175,0.5147398451297378
1176,0.5125662274147536
1177,0.5185436761309605
1178,0.5166417606303491
1179,0.5261513381334058
1180,0.524656975954354
1181,0.5262871892405923
1182,0.524113571525608
1183,0.5238418693112348
1184,0.5242494226327945
1185,0.5245211248471675
1186,0.5247928270615405
1187,0.5209889960603178
1188,0.5265588914549655
1189,0.5147398451297378
1190,0.516098356201603
1191,0.5207172938459448
1192,0.5228909115609293
1193,0.5279174025268305
1194,0.5265588914549655
1195,0.533759000135851
1196,0.5439478331748404
1197,0.5362043200652085
1198,0.5363401711723952
1199,0.533759000135851
1200,0.5319929357424262
1201,0.535253362314903
1202,0.5376986822442604
1203,0.5345741067789702
1204,0.5174568672734683
1205,0.5262871892405923
1206,0.5299551691346285
1207,0.5247928270615405
1208,0.516370058415976
1209,0.5193587827740795
1210,0.5180002717022143
1211,0.515554951772857
1212,0.5203097405243853
1213,0.5093058008422768
1214,0.5012905855182721
1215,0.49884526558891445
1216,0.4999320744464068
1217,0.5027849476973238
1218,0.5167776117375356
1219,0.521532400489064
1220,0.5171851650590953
1221,0.5086265453063443
1222,0.5113435674500746
1223,0.5036000543404429
1224,0.5049585654123081
1225,0.5046868631979351
1226,0.518679527238147
1227,0.5447629398179594
1228,0.5166417606303491
1229,0.5292759135986957
1230,0.5491101752479282
1231,0.5609292215731558
1232,0.5681293302540416
1233,0.5684010324684146
1234,0.5932617850835484
1235,0.5747860345061813
1236,0.5756011411493005
1237,0.579404972150523
1238,0.5963863605488384
1239,0.5866050808314087
1240,0.5872843363673415
1241,0.5798125254720825
1242,0.58538242086673
1243,0.5857899741882897
1244,0.5776389077570983
1245,0.584839016437984
1246,0.5781823121858443
1247,0.5780464610786578
1248,0.5863333786170357
1249,0.584295612009238
1250,0.5855182719739165
1251,0.5821219942942535
1252,0.5669066702893628
1253,0.5621518815378346
1254,0.5628311370737671
1255,0.5694878413259068
1256,0.576552098899606
1257,0.5712539057193315
1258,0.581714440972694
1259,0.57913326993615
1260,0.574242630077435
1261,0.5578046461078658
1262,0.573155821219943
1263,0.5813068876511343
1264,0.5758728433636733
1265,0.5722048634696373
1266,0.5751935878277408
1267,0.5754652900421138
1268,0.5690802880043473
1269,0.5770955033283522
1270,0.5602499660372231
1271,0.5620160304306481
1272,0.5628311370737671
1273,0.5808993343295747
1274,0.58225784540144
1275,0.5860616764026627
1276,0.5795408232577095
1277,0.5829371009373727
1278,0.578589865507404
1279,0.576823801113979
1280,0.5732916723271295
1281,0.5724765656840103
1282,0.567993479146855
1283,0.5700312457546528
1284,0.5777747588642848
1285,0.5792691210433365
1286,0.5792691210433365
1287,0.5747860345061813
1288,0.5746501833989948
1289,0.5636462437168863
1290,0.5590273060725446
1291,0.5616084771090886
1292,0.5556310283928814
1293,0.5527781551419644
1294,0.5495177285694879
1295,0.5542725173210161
1296,0.5435402798532809
1297,0.5185436761309605
1298,0.5117511207716343
1299,0.5197663360956393
1300,0.521804102703437
1301,0.536068468958022
1302,0.5448987909251459
1303,0.5402798532808042
1304,0.5330797445999185
1305,0.5230267626681158
1306,0.5213965493818775
1307,0.5105963863605487
1308,0.5097133541638363
1309,0.5110718652357018
1310,0.5125662274147536
1311,0.5177285694878413
1312,0.5165059095231626
1313,0.515554951772857
1314,0.5053661187338676
1315,0.4972150523026762
1316,0.4997962233392202
1317,0.49830186116016845
1318,0.4996603722320337
1319,0.4995245211248472
1320,0.49857356337454156
1321,0.4985056378209482
1322,0.4966716478739302
1323,0.4995245211248472
1324,0.486754517049314
1325,0.48267898383371827
1326,0.48621111262056776
1327,0.4704523841869311
1328,0.4716750441516098
1329,0.46868631979350633
1330,0.4651541910066567
1331,0.4669202554000816
1332,0.46936965086265453
1333,0.460806955576688
1334,0.46922972422225234
1335,0.45252003803831004
1336,0.4481728026083413
1337,0.4480369515011548
1338,0.45238418693112353
1339,0.45904089118326313
1340,0.461078657791061
1341,0.46895802200787934
1342,0.4640673821491645
1343,0.46610514875696235
1344,0.4714033419372368
1345,0.47534302404564593
1346,0.46583344654258924
1347,0.46868631979350633
1348,0.4671919576144545
1349,0.46243716886292624
1350,0.4646107865779106
1351,0.4510256758592583
1352,0.45034642032332567
1353,0.4517049313951908
1354,0.45279174025268315
1355,0.45958429561200925
1356,0.46338812661323187
1357,0.46298057329167236
1358,0.4643390843635375
1359,0.46882217090069284
1360,0.47221844858035594
1361,0.47249015079472895
1362,0.4764298329031382
1363,0.47887515283249554
1364,0.4738486618665942
1365,0.47289770411628856
1366,0.4747996196168999
1367,0.48240728161934526
1368,0.481320472761853
1369,0.4795544083684283
1370,0.4737128107594077
1371,0.4806412172259204
1372,0.4650183398994702
1373,0.46610514875696235
1374,0.4606711044695015
1375,0.4650183398994702
1376,0.45931259339763614
1377,0.45958429561200925
1378,0.45904089118326313
1379,0.4602635511479419
1380,0.45876918896889013
1381,0.4616220622198071
1382,0.45658877869854647
1383,0.4643390843635375
1384,0.458225784540144
1385,0.45605216682515964
1386,0.44735769596522207
1387,0.4382556717837251
1388,0.43404428746094287
1389,0.43350088303219675
1390,0.4424670561065072
1391,0.44042928949870935
1392,0.4362179051759271
1393,0.44070099171308247
1394,0.43730471403341936
1395,0.43418013856812926
1396,0.4345876918896889
1397,0.42947425621518814
1398,0.4287460942806684
1399,0.4178780057057465
1400,0.4288819453878549
1401,0.42507811438663223
1402,0.4222252411357153
1403,0.40510800163021327
1404,0.3779377801929085
1405,0.38065480233663906
1406,0.3697867137617171
1407,0.3733188425485668
1408,0.3667979894036136
1409,0.3545713897568265
1410,0.3578318163293031
1411,0.3619073495448988
1412,0.3725037359054476
1413,0.37508490694199154
1414,0.3714169270479555
1415,0.3769868224426029
1416,0.3760358646922972
1417,0.3715527781551419
1418,0.3757641624779242
1419,0.37209618258388805
1420,0.3745415025132455
1421,0.3714169270479555
1422,0.3706018204048363
1423,0.3787528868360277
1424,0.3722320336910746
1425,0.3704659692976498
1426,0.36448852058144277
1427,0.36808857492188557
1428,0.3634017117239505
1429,0.3617714984377123
1430,0.36571118054612145
1431,0.37440565140605897
1432,0.383235973373183
1433,0.39356065751935876
1434,0.35402798532808044
1435,0.3503600054340443
1436,0.3469637277543812
1437,0.33174840374949055
1438,0.33269936149979623
1439,0.3384051080016302
1440,0.34085042793098763
1441,0.3517185165059095
1442,0.33799755468007064
1443,0.32672191278358914
1444,0.3293030838201331
1445,0.3305257437848118
1446,0.3374541502513246
1447,0.3348729792147806
1448,0.3275370194267083
1449,0.3279445727482679
1450,0.29235158266539873
1451,0.29180817823665267
1452,0.2855590273060726
1453,0.2886836027713626
1454,0.2919440293438391
1455,0.3051215867409319
1456,0.30838201331340853
1457,0.3146311642439886
1458,0.3206086129601956
1459,0.31707648417334605
1460,0.3146311642439886
1461,0.29860073359597883
1462,0.29778562695285965
1463,0.2958837114522483
1464,0.29574786034506184
1465,0.31028392881401984
1466,0.3063442467056106
1467,0.3158538242086673
1468,0.30865371552778154
1469,0.2988724358103519
1470,0.2975139247384866
1471,0.2892270072001087
1472,0.28909115609292213
1473,0.28678168727075126
1474,0.27537019426708326
1475,0.28324955848390165
1476,0.2756418964814563
1477,0.2770004075533215
1478,0.26117375356609157
1479,0.25010188833038993
1480,0.25091699497350906
1481,0.26042657247656564
1482,0.26015487026219264
1483,0.2699361499796223
1484,0.26558891454965355
1485,0.2687134900149436
1486,0.26721912783589186
1487,0.26042657247656564
1488,0.2616492324412444
1489,0.2547208259747317
1490,0.25852465697595434
1491,0.26463795679934793
1492,0.28175519630484985
1493,0.2723814699089797
1494,0.2839288140198343
1495,0.2801249830186116
1496,0.2892270072001087
1497,0.2874609428066839
1498,0.29425349816601004
1499,0.29411764705882354
1500,0.3187066974595843
1501,0.3581035185436761
1502,0.3585110718652357
1503,0.3583752207580492
1504,0.3528053253634017
1505,0.35239777204184214
1506,0.32903138160576006
1507,0.32278223067517997
1508,0.3181632930308382
1509,0.3185708463523978
1510,0.32740116831952176
1511,0.33161255264230405
1512,0.33365031925010186
1513,0.33269936149979623
1514,0.3377258524656976
1515,0.3441108545034642
1516,0.33541638364352666
1517,0.328487977177014
1518,0.3441108545034642
1519,0.35416383643526694
1520,0.3600054340442875
1521,0.36842820268985194
1522,0.366390436082054
1523,0.366390436082054
1524,0.3538921342208939
1525,0.36652628718924063
1526,0.37209618258388805
1527,0.37848118462165464
1528,0.37413394919168586
1529,0.37712267354978946
1530,0.37440565140605897
1531,0.3725037359054476
1532,0.37386224697731285
1533,0.36666213829642713
1534,0.3673413938323597
1535,0.360141285151474
1536,0.3642168183670697
1537,0.35063170764841733
1538,0.3509034098627904
1539,0.3525336231490287
1540,0.34723542996875423
1541,0.3465561744328216
1542,0.36462437168862927
1543,0.36774894715391926
1544,0.3669338405108002
1545,0.3703301181904633
1546,0.3779377801929085
1547,0.3706018204048363
1548,0.3636734139383236
1549,0.37182448036951504
1550,0.37535660915636465
1551,0.3538921342208939
1552,0.35429968754245345
1553,0.35131096318434996
1554,0.351854367613096
1555,0.3587827740796088
1556,0.36448852058144277
1557,0.3581035185436761
1558,0.3610922429017797
1559,0.34723542996875423
1560,0.3393560657519359
1561,0.33881266132318977
1562,0.33283521260698273
1563,0.3165330797445999
1564,0.3181632930308382
1565,0.3143594620296155
1566,0.32712946610514876
1567,0.3377258524656976
1568,0.3394919168591224
1569,0.34601277000407554
1570,0.33962776796630895
1571,0.32278223067517997
1572,0.3275370194267083
1573,0.33365031925010186
1574,0.32740116831952176
1575,0.32251052846080697
1576,0.32414074174704527
1577,0.3322918081782366
1578,0.3212878684961282
1579,0.3132726531721233
1580,0.299959244667844
1581,0.30077435131096314
1582,0.30063850020377664
1583,0.30566499116967805
1584,0.31028392881401984
1585,0.299687542453471
1586,0.2983290313816057
1587,0.29031381605760087
1588,0.2916723271294661
1589,0.2852873250916995
1590,0.29031381605760087
1591,0.271158809944301
1592,0.2673549789430784
1593,0.25030566499116963
1594,0.2520038038310012
1595,0.24874337725852463
1596,0.24235837522075804
1597,0.24222252411357154
1598,0.2513245482950686
1599,0.25621518815378347
1600,0.2472490150794729
1601,0.26423040347778837
1602,0.2640945523706018
1603,0.2676266811574514
1604,0.2612416791196848
1605,0.25417742154598555
1606,0.2560793370465969
1607,0.2390979486482815
1608,0.24249422632794454
1609,0.23053932889553047
1610,0.22564868903681568
1611,0.236380926504551
1612,0.24752071729384595
1613,0.24996603722320337
1614,0.25390571933161254
1615,0.2568944436897161
1616,0.2634152968346692
1617,0.26178508354843094
1618,0.26640402119277273
1619,0.2602907213693792
1620,0.25295476158130686
1621,0.2742833854095911
1622,0.271158809944301
1623,0.27455508762396413
1624,0.2802608341257981
1625,0.21179187610379024
1626,0.20798804510256758
1627,0.23162613775302265
1628,0.23407145768238014
1629,0.2294525200380383
1630,0.21518815378345335
1631,0.21056921613911156
1632,0.2139654938187746
1633,0.1878820812389621
1634,0.1831272924874338
1635,0.17742154598559978
1636,0.1797310148077707
1637,0.16804781958972964
1638,0.1794593125933976
1639,0.18693112348865643
1640,0.18924059231082735
1641,0.18394239913055294
1642,0.18407825023773938
1643,0.17959516370058415
1644,0.1810895258796359
1645,0.16818367069691617
1646,0.17130824616220622
1647,0.15568536883575598
1648,0.15745143322918081
1649,0.16859122401847576
1650,0.16777611737535658
1651,0.1798668659149572
1652,0.17130824616220622
1653,0.1631571797310148
1654,0.15650047547887516
1655,0.1760630349137345
1656,0.18665942127428337
1657,0.19032740116831953
1658,0.19046325227550603
1659,0.18502920798804506
1660,0.1827197391658742
1661,0.1801385681293302
1662,0.17416111941312323
1663,0.1810895258796359
1664,0.19032740116831953
1665,0.19997282977856268
1666,0.1907349544898791
1667,0.19739165874201875
1668,0.21084091835348456
1669,0.21016166281755194
1670,0.2134220893900285
1671,0.21301453606846898
1672,0.19983697867137612
1673,0.1895802200787936
1674,0.1969841054204592
1675,0.18924059231082735
1676,0.18054612145088983
1677,0.1764705882352941
1678,0.19168591224018477
1679,0.20595027849476977
1680,0.20649368292351583
1681,0.2134220893900285
1682,0.19358782774079608
1683,0.19644070099171307
1684,0.184485803559299
1685,0.2003803831001223
1686,0.1843499524521125
1687,0.20921070506724632
1688,0.2264637956799348
1689,0.26436625458497487
1690,0.25838880586876783
1691,0.2695285966580628
1692,0.2719739165874202
1693,0.27251732101616627
1694,0.2759135986958294
1695,0.2847439206629534
1696,0.28949870941448175
1697,0.2956120092378753
1698,0.29153647602227956
1699,0.28053253634017117
1700,0.28053253634017117
1701,0.2742833854095911
1702,0.2812117918761038
1703,0.2793098763754925
1704,0.28678168727075126
1705,0.28610243173481864
1706,0.2919440293438391
1707,0.3002309468822171
1708,0.3112348865643255
1709,0.30308382013313406
1710,0.30580084227686455
1711,0.31368020649368294
1712,0.2979214780600462
1713,0.29955169134628445
1714,0.29710637141692703
1715,0.28352126069827466
1716,0.28053253634017117
1717,0.2875967939138704
1718,0.2839288140198343
1719,0.2992799891319114
1720,0.29411764705882354
1721,0.29493275370194266
1722,0.2937100937372639
1723,0.2909930715935335
1724,0.2975139247384866
1725,0.29248743377258524
1726,0.28909115609292213
1727,0.2972422225241136
1728,0.29411764705882354
1729,0.2990082869175384
1730,0.299687542453471
1731,0.3108273332427659
1732,0.3125933976361907
1733,0.3109631843499524
1734,0.3206086129601956
1735,0.32006520853144954
1736,0.32006520853144954
1737,0.31707648417334605
1738,0.3187066974595843
1739,0.32088031517456866
1740,0.3272653172123353
1741,0.33337861703572885
1742,0.33595978807227284
1743,0.32672191278358914
1744,0.3291672327129466
1745,0.3309332971063714
1746,0.33365031925010186
1747,0.3340578725716615
1748,0.3339220214644749
1749,0.33134085042793093
1750,0.3331069148213558
1751,0.32808042385545444
1752,0.31666893085178643
1753,0.36122809400896616
1754,0.3608205406874066
1755,0.36788479826110587
1756,0.3761717157994838
1757,0.38079065344382557
1758,0.3795679934791469
1759,0.3714169270479555
1760,0.37100937372639586
1761,0.3695150115473441
1762,0.3631300095095775
1763,0.3534845808993343
1764,0.3639451161526966
1765,0.36041298736584704
1766,0.37182448036951504
1767,0.37114522483358237
1768,0.3786170357288412
1769,0.3791604401575873
1770,0.3851378888737943
1771,0.3875832088031517
1772,0.39097948648281483
1773,0.4284743920662953
1774,0.43051215867409326
1775,0.42793098763754917
1776,0.42602907213693786
1777,0.42793098763754917
1778,0.42344790110039393
1779,0.4243988588506996
1780,0.4298329031381605
1781,0.42073087895666345
1782,0.42371960331476705
1783,0.4294253498166009
1784,0.42684417878005704
1785,0.4148892813476429
1786,0.400624915093058
1787,0.4101344925961147
1788,0.42290449667164787
1789,0.4345876918896889
1790,0.42304034777883437
1791,0.4354027985328081
1792,0.4292894987094145
1793,0.42738758320880316
1794,0.43390843635375637
1795,0.4360820540687406
1796,0.44056514060589586
1797,0.4358103518543676
1798,0.45279174025268315
1799,0.44599918489335694
1800,0.44070099171308247
1801,0.4216818367069691
1802,0.4637956799347915
1803,0.4904224969433501
1804,0.48186387719059903
1805,0.4871620703708735
1806,0.46637685097133547
1807,0.4704523841869311
1808,0.4681429153647602
1809,0.46664855318570847
1810,0.46882217090069284
1811,0.46882217090069284
1812,0.4715391930444233
1813,0.4552370601820405
1814,0.44599918489335694
1815,0.43703301181904636
1816,0.4318706697459584
1817,0.42657247656568403
1818,0.4282026898519223
1819,0.4487162070370873
1820,0.4449123760358647
1821,0.44599918489335694
1822,0.45347099578861566
1823,0.4549653579676674
1824,0.4521124847167504
1825,0.44695014264366256
1826,0.45578046461078664
1827,0.44273875832088033
1828,0.4481728026083413
1829,0.45890504007607663
1830,0.464203233256351
1831,0.460535253362315
1832,0.4617579133269936
1833,0.46583344654258924
1834,0.4834940904768374
1835,0.4709957886156772
1836,0.47873930172530904
1837,0.4673278087216411
1838,0.46202961554136673
1839,0.463931531041978
1840,0.4618937644341801
1841,0.4648824887922836
1842,0.46583344654258924
1843,0.4648824887922836
1844,0.46012770004075537
1845,0.4479011003939682
1846,0.44681429153647595
1847,0.44287460942806683
1848,0.43703301181904636
1849,0.4445048227143051
1850,0.43771226735497887
1851,0.45238418693112353
1852,0.4477652492867817
1853,0.4477652492867817
1854,0.4511615269664448
1855,0.46325227550604536
1856,0.460535253362315
1857,0.45632386903953265
1858,0.4488520581442738
1859,0.4253498166010053
1860,0.42507811438663223
1861,0.42589322102975136
1862,0.4261649232441244
1863,0.4099986414889281
1864,0.4243988588506996
1865,0.4199157723135444
1866,0.41964407009917126
1867,0.40925146039940224
1868,0.3916587420187475
1869,0.39288140198342614
1870,0.3760358646922972
1871,0.38038310012226595
1872,0.38092650455101207
1873,0.3628583072952044
1874,0.3787528868360277
1875,0.3848661866594213
1876,0.38119820676538513
1877,0.3892134220893901
1878,0.3881266132318978
1879,0.3859529955169135
1880,0.38785491101752484
1881,0.39097948648281483
1882,0.3957342752343432
1883,0.406330661594892
1884,0.3973644885205814
1885,0.39220214644749357
1886,0.3855454421953539
1887,0.3831001222659965
1888,0.3707376715120228
1889,0.37848118462165464
1890,0.37712267354978946
1891,0.3828284200516234
1892,0.38894171987501697
1893,0.38636054883847304
1894,0.3860888466241
1895,0.39111533759000133
1896,0.3788887379432142
1897,0.3696508626545306
1898,0.3537562831137074
1899,0.34003532128786845
1900,0.35511479418557257
1901,0.3583752207580492
1902,0.35497894307838607
1903,0.35443553864964
1904,0.35592990082869175
1905,0.34628447221844855
1906,0.3087895666349681
1907,0.3098763754924603
1908,0.3143594620296155
1909,0.32536340171172395
1910,0.3187066974595843
1911,0.31395190870805595
1912,0.32278223067517997
1913,0.32740116831952176
1914,0.3321559570710501
1915,0.32169542181768784
1916,0.31843499524521124
1917,0.3193859529955169
1918,0.3188425485667708
1919,0.3337861703572884
1920,0.3298464882488792
1921,0.3097405243852737
1922,0.28216274962640947
1923,0.27876647194674636
1924,0.2935742426300774
1925,0.2899062627360413
1926,0.293981795951637
1927,0.28949870941448175
1928,0.28949870941448175
1929,0.31028392881401984
1930,0.3123216954218177
1931,0.3298464882488792
1932,0.33038989267762536
1933,0.3196576552098899
1934,0.3165330797445999
1935,0.32088031517456866
1936,0.3242765928542317
1937,0.3538921342208939
1938,0.36272245618801796
1939,0.35144681429153646
1940,0.3469637277543812
1941,0.3146311642439886
1942,0.29601956255943485
1943,0.30471403341937237
1944,0.29764977584567315
1945,0.29778562695285965
1946,0.3131368020649368
1947,0.32359733731829915
1948,0.33106914821355793
1949,0.3233256351039261
1950,0.3000950957750306
1951,0.2839288140198343
1952,0.2842005162342073
1953,0.2749626409455237
1954,0.2710229588371145
1955,0.29764977584567315
1956,0.30050264909659014
1957,0.30213286238282844
1958,0.27645700312457544
1959,0.28800434723542995
1960,0.2802608341257981
1961,0.27645700312457544
1962,0.2560793370465969
1963,0.25621518815378347
1964,0.26246433908436356
1965,0.25920391251188696
1966,0.2650455101209075
1967,0.2799891319114251
1968,0.2786306208395598
1969,0.2726531721233528
1970,0.2863741339491917
1971,0.2813476429832903
1972,0.29479690259475616
1973,0.30471403341937237
1974,0.3125933976361907
1975,0.3233256351039261
1976,0.3272653172123353
1977,0.31558212199429425
1978,0.3180274419236517
1979,0.31558212199429425
1980,0.2928949870941448
1981,0.2873250916994973
1982,0.28175519630484985
1983,0.2912308110311099
1984,0.319929357424263
1985,0.3158538242086673
1986,0.3060725444912376
1987,0.32645021056921614
1988,0.33704659692976496
1989,0.33161255264230405
1990,0.3215595707105013
1991,0.32169542181768784
1992,0.3286238282842005
1993,0.3202010596386361
1994,0.34886564325499253
1995,0.36747724493954625
1996,0.3877190599103382
1997,0.38703980437440566
1998,0.39016437983969565
1999,0.4011683195218041
2000,0.3881266132318978
2001,0.3831001222659965
2002,0.3537562831137074
2003,0.3555223475071322
2004,0.4033419372367885
2005,0.4223610922429018
2006,0.4416519494633882
2007,0.4317348186387719
2008,0.4423312049993207
2009,0.4245347099578861
2010,0.4155685368835756
2011,0.44056514060589586
2012,0.4477652492867817
2013,0.4450482271430512
2014,0.44328216274962645
2015,0.4417878005705747
2016,0.4261649232441244
2017,0.4318706697459584
2018,0.43662545849748674
2019,0.4387990762124711
2020,0.42358375220758043
2021,0.42725173210161665
2022,0.4214101344925961
2023,0.4095910881673686
2024,0.4030702350224154
2025,0.4071457682380111
2026,0.40796087488113025
2027,0.39423991305529144
2028,0.39274555087623964
2029,0.3939682108409183
2030,0.39654938187746236
2031,0.3943757641624779
2032,0.400624915093058
2033,0.3976361907349545
2034,0.40592310827333244
2035,0.40836842820268987
2036,0.400624915093058
2037,0.4071457682380111
2038,0.41094959923923374
2039,0.38296427115881
2040,0.3851378888737943
2041,0.3923379975546801
2042,0.38133405787257163
2043,0.37209618258388805
2044,0.36149979622333916
2045,0.3703301181904633
2046,0.37100937372639586
2047,0.35497894307838607
2048,0.3498166010052982
2049,0.3591903274011683
2050,0.3571525607933705
2051,0.33473712810759404
2052,0.3214237196033148
2053,0.32740116831952176
2054,0.33079744599918487
2055,0.3390843635375628
2056,0.34669202554000816
2057,0.3412579812525472
2058,0.33365031925010186
2059,0.33174840374949055
2060,0.32291808178236653
2061,0.3240048906398587
2062,0.30946882217090066
2063,0.30919711995652766
2064,0.2956120092378753
2065,0.2988724358103519
2066,0.3013177557397093
2067,0.3252275506045374
2068,0.33704659692976496
2069,0.32305393288955303
2070,0.3146311642439886
2071,0.3159896753158538
2072,0.3250916994973509
2073,0.33106914821355793
2074,0.33161255264230405
2075,0.33677489471539196
2076,0.3420730878956664
2077,0.35470724086401306
2078,0.3598695829371009
2079,0.35063170764841733
2080,0.3635375628311371
2081,0.366118733867681
2082,0.36258660508083146
2083,0.37522075804917815
2084,0.3761717157994838
2085,0.3765792691210433
2086,0.3851378888737943
2087,0.3760358646922972
2088,0.36530362722456183
2089,0.34845808993343297
2090,0.35429968754245345
2091,0.3585110718652357
2092,0.3528053253634017
2093,0.3552506452927591
2094,0.36136394511615266
2095,0.35266947425621514
2096,0.3492731965765521
2097,0.3385409591088167
2098,0.3222388262464339
2099,0.3238690395326722
2100,0.3180274419236517
2101,0.3214237196033148
2102,0.3115065887786986
2103,0.30213286238282844
2104,0.2958837114522483
2105,0.3018611601684554
2106,0.3055291400624915
2107,0.3072952044559163
2108,0.30050264909659014
2109,0.31272924874337726
2110,0.31028392881401984
2111,0.30213286238282844
2112,0.31109903545713896
2113,0.32264637956799347
2114,0.32006520853144954
2115,0.3158538242086673
2116,0.3147670153511751
2117,0.32115201738894167
2118,0.33134085042793093
2119,0.33174840374949055
2120,0.3337861703572884
2121,0.3318842548566771
2122,0.3309332971063714
2123,0.3382692568944437
2124,0.33595978807227284
2125,0.33365031925010186
2126,0.3210161662817552
2127,0.31734818638771906
2128,0.26653987229995924
2129,0.26477380790653443
2130,0.2579812525472083
2131,0.25621518815378347
2132,0.28107594076891723
2133,0.26817008558619754
2134,0.29778562695285965
2135,0.3177557397092786
2136,0.3278087216410814
2137,0.3358239369650863
2138,0.3272653172123353
2139,0.32373318842548565
2140,0.31707648417334605
2141,0.3036272245618802
2142,0.316804781958973
2143,0.3132726531721233
2144,0.3100122265996468
2145,0.30933297106371416
2146,0.31204999320744464
2147,0.3121858443146312
2148,0.29574786034506184
2149,0.2934383915228909
2150,0.28053253634017117
2151,0.27075125662274147
2152,0.2742833854095911
2153,0.2988724358103519
2154,0.29506860480912916
2155,0.2721097676946067
2156,0.25920391251188696
2157,0.26586061676402667
2158,0.2782230675180003
2159,0.28270615405515553
2160,0.271158809944301
2161,0.27020785219399535
2162,0.2778155141964407
2163,0.25838880586876783
2164,0.23773943757641625
2165,0.24548295068604808
2166,0.24385273739980984
2167,0.23746773536204324
2168,0.23651677761173756
2169,0.23203369107458227
2170,0.22510528460806956
2171,0.21736177149843772
2172,0.20662953403070233
2173,0.21287868496128243
2174,0.23706018204048362
2175,0.24398858850699628
2176,0.2515962505094417
2177,0.25716614590408915
2178,0.2616492324412444
2179,0.2515962505094417
2180,0.24235837522075804
2181,0.23787528868360275
2182,0.2343431598967532
2183,0.22918081782366523
2184,0.22578454014400218
2185,0.2397772041842141
2186,0.23733188425485668
2187,0.22048634696372776
2188,0.22537698682244262
2189,0.24670561065072683
2190,0.22605624235837518
2191,0.20350495856541234
2192,0.22361092242901776
2193,0.22537698682244262
2194,0.22225241135715257
2195,0.21192772721097675
2196,0.19453878549110176
2197,0.181632930308382
2198,0.19046325227550603
2199,0.18299144138024726
2200,0.17470452384186932
2201,0.18489335688085856
2202,0.16370058415976088
2203,0.1562287732645021
2204,0.15432685776389077
2205,0.1517456867273468
2206,0.15595707105012907
2207,0.14821355794049723
2208,0.13856812933025403
2209,0.13598695829371008
2210,0.13326993614997962
2211,0.12933025404157045
2212,0.1245754652900421
2213,0.12973780736313
2214,0.13530770275777748
2215,0.1389756826518136
2216,0.14821355794049723
2217,0.13354163836435265
2218,0.13734546936557532
2219,0.13394919168591224
2220,0.13517185165059095
2221,0.12539057193316125
2222,0.12552642304034778
2223,0.124032060861296
2224,0.1418285559027306
2225,0.13856812933025403
2226,0.141149300366798
2227,0.15133813340578722
2228,0.15487026219263686
2229,0.16750441516098355
2230,0.17307431055563102
2231,0.16723271294661052
2232,0.16940633066159488
2233,0.16370058415976088
2234,0.16872707512566226
2235,0.17293845944844452
2236,0.1723950550196984
2237,0.18991984784675997
2238,0.19168591224018477
2239,0.17796495041434585
2240,0.17402526830593668
2241,0.17511207716342886
2242,0.17728569487841322
2243,0.16709686183942396
2244,0.16519494633881268
2245,0.17701399266404017
2246,0.18557261241679118
2247,0.19127835891862516
2248,0.16981388398315447
2249,0.18353484580899332
2250,0.16614590408911833
2251,0.19535389213422089
2252,0.22822986007335955
2253,0.2301317755739709
2254,0.2265996467871213
2255,0.17742154598559978
2256,0.16723271294661052
2257,0.16410813748132047
2258,0.15432685776389077
2259,0.15568536883575598
2260,0.13816057600869444
2261,0.12552642304034778
2262,0.1401983426164923
2263,0.15663632658606166
2264,0.1517456867273468
2265,0.14060589593805187
2266,0.14359462029615544
2267,0.12443961418285557
2268,0.16342888194538782
2269,0.14223610922429017
2270,0.11696780328759679
2271,0.11805461214508897
2272,0.12090748539600596
2273,0.11153375900013585
2274,0.10270343703301182
2275,0.10501290585518272
2276,0.1165602499660372
2277,0.09849205271022957
2278,0.08911832631435945
2279,0.06615948919983697
2280,0.05855182719739166
2281,0.05705746501833989
2282,0.0686048091291944
2283,0.07716342888194536
2284,0.05678576280396683
2285,0.05094416519494632
2286,0.04931395190870805
2287,0.03898926776253227
2288,0.045238418693112334
2289,0.024045645972014668
2290,0.02323053932889553
2291,0.017388941719874998
2292,0.025947561472625988
2293,0.025268305936693367
2294,0.0161662817551963
2295,0.01046053525336231
2296,0.0
2297,0.0020377666077978362
2298,0.0048906398587148375
2299,0.012905855182719722
2300,0.009373726395870113
2301,0.01385681293302539
2302,0.020105963863605483
2303,0.012905855182719722
2304,0.008422768645564446
2305,0.016437983969569345
2306,0.011139790789294918
2307,0.016437983969569345
2308,0.021328623828284182
2309,0.030158945795408218
2310,0.02866458361635646
2311,0.03898926776253227
2312,0.04048362994158401
2313,0.04279309876375491
2314,0.043879907621247105
2315,0.056106507268034234
2316,0.05868767830457816
2317,0.04890639858714846
2318,0.04061948104877053
2319,0.04211384322782229
2320,0.045917674229044955
2321,0.0484988452655889
2322,0.05868767830457816
2323,0.0743105556310284
2324,0.06615948919983697
2325,0.07145768238011138
2326,0.06901236245075396
2327,0.07308789566634968
2328,0.07892949327537019
2329,0.06846895802200786
2330,0.08653715527781553
2331,0.08517864420595028
2332,0.08925417742154598
2333,0.1101752479282706
2334,0.11615269664447764
2335,0.1203640809672599
2336,0.1199565276457003
2337,0.13422089390028527
2338,0.1509305800842277
2339,0.12647738079065343
2340,0.11710365439478332
2341,0.09672598831680479
2342,0.09319385952995518
2343,0.09102024181497079
2344,0.10080152153240046
2345,0.10012226599646787
2346,0.10297513924738486
2347,0.10501290585518272
2348,0.11452248335823936
2349,0.11044695014264366
2350,0.11778290993071591
2351,0.10976769460671104
2352,0.09672598831680479
2353,0.11099035457138973
2354,0.112348865643255
2355,0.12960195625594348
2356,0.12933025404157045
2357,0.12647738079065343
2358,0.12185844314631164
2359,0.12077163428881946
2360,0.11914142100258118
2361,0.11221301453606844
2362,0.1084091835348458
2363,0.1281075940768917
2364,0.11778290993071591
2365,0.10528460806955575
2366,0.08055970656160846
2367,0.07580491781008014
2368,0.06724629805732918
2369,0.08572204863469637
2370,0.10406194810487704
2371,0.10433365031925007
2372,0.12824344518407826
2373,0.1203640809672599
2374,0.09726939274555085
2375,0.10813748132047277
2376,0.11058280124983016
2377,0.13707376715120226
2378,0.12484716750441516
2379,0.13422089390028527
2380,0.1446814291536476
2381,0.14359462029615544
2382,0.13218312729248743
2383,0.12933025404157045
2384,0.1365303627224562
2385,0.10745822578454012
2386,0.10311099035457139
2387,0.1141149300366798
2388,0.1302812117918761
2389,0.1441380247249015
2390,0.16723271294661052
2391,0.16940633066159488
2392,0.17198750169813884
2393,0.1706289906262736
2394,0.17579133269936148
2395,0.21162206221980706
2396,0.23719603314767013
2397,0.23149028664583615
2398,0.276592854231762
2399,0.2983290313816057
2400,0.2756418964814563
2401,0.29275913598695824
2402,0.30580084227686455
2403,0.3159896753158538
2404,0.3348729792147806
2405,0.3457410677897025
2406,0.3294389349273197
2407,0.3735905447629398
2408,0.3854095910881674
2409,0.38799076212471134
2410,0.4098627903817416
2411,0.4287460942806684
2412,0.4385273739980981
2413,0.41339491916859117
2414,0.39953810623556585
2415,0.4136666213829643
2416,0.41108545034642036
2417,0.43091971199565277
2418,0.432821627496264
2419,0.4215459855997826
2420,0.43703301181904636
2421,0.4612145088982475
2422,0.43771226735497887
2423,0.44029343839152296
2424,0.4440972693927456
2425,0.4381198206765385
2426,0.43078386088846626
2427,0.4355386496399946
2428,0.429697052030974
2429,0.42657247656568403
2430,0.43309332971063713
2431,0.44953131368020655
2432,0.4442331204999321
2433,0.44083684282026897
2434,0.44640673821491644
2435,0.46610514875696235
2436,0.46895802200787934
2437,0.45985599782638226
2438,0.4219535389213422
2439,0.43078386088846626
2440,0.437983969569352
2441,0.42100258117103656
2442,0.39546257301997007
2443,0.4212742833854096
2444,0.46216546664855324
2445,0.43676130960467335
2446,0.4359462029615541
2447,0.4420595027849476
2448,0.4389349273196576
2449,0.4378481184621655
2450,0.41339491916859117
2451,0.4298329031381605
2452,0.41760630349137345
2453,0.44708599375084906
2454,0.42032332563510394
2455,0.3924738486618666
2456,0.40510800163021327
2457,0.4099986414889281
2458,0.38065480233663906
2459,0.3509034098627904
2460,0.3597337318299144
2461,0.37522075804917815
2462,0.3874473576959652
2463,0.3862246977312865
2464,0.39831544627088705
2465,0.39220214644749357
2466,0.4085042793098764
2467,0.4030702350224154
2468,0.40279853280804245
2469,0.4155685368835756
2470,0.4038853416655346
2471,0.4021192772721098
2472,0.4011683195218041
2473,0.38242086673006387
2474,0.3818774623013177
2475,0.38703980437440566
2476,0.39423991305529144
2477,0.3957342752343432
2478,0.4131232169542182
2479,0.4095910881673686
2480,0.4072816193451977
2481,0.40171172395055016
2482,0.4067382149164516
2483,0.4233120499932075
2484,0.43975003396277684
2485,0.46202961554136673
2486,0.47615813068876517
2487,0.4708599375084907
2488,0.4637956799347915
2489,0.4682787664719467
2490,0.49463388126613234
2491,0.47806004618937653
2492,0.4617579133269936
2493,0.46257301997011274
2494,0.45360684689580216
2495,0.4742562151881538
2496,0.4719467463659828
2497,0.48417334601277
2498,0.4836299415840239
2499,0.48172802608341253
2500,0.4814563238690395
2501,0.48159217497622603
2502,0.47181089525879644
2503,0.4643390843635375
2504,0.45238418693112353
2505,0.4556446135036
2506,0.46569759543540273
2507,0.4697731286509986
2508,0.46922972422225234
2509,0.4802336639043608
2510,0.4905583480505366
2511,0.46325227550604536
2512,0.4637956799347915
2513,0.46270887107729924
2514,0.4424670561065072
2515,0.4485803559299008
2516,0.435131096318435
2517,0.4257573699225649
2518,0.429153647602228
2519,0.42711588099443015
2520,0.40918353484580905
2521,0.4098627903817416
2522,0.39410406194810493
2523,0.39206629534030696
2524,0.4008966173074311
2525,0.40239097948648284
2526,0.3976361907349545
2527,0.40279853280804245
2528,0.4170628990626274
2529,0.41203640809672604
2530,0.4197799212063579
2531,0.42480641217225923
2532,0.43037630756690665
2533,0.41421002581171035
2534,0.4021192772721098
2535,0.41244396141828554
2536,0.418285559027306
2537,0.4253498166010053
2538,0.4349952452112485
2539,0.40864013041706293
2540,0.39885885069963317
2541,0.39885885069963317
2542,0.38160576008694475
2543,0.39002852873250915
2544,0.39980980844993885
2545,0.38894171987501697
2546,0.3936965086265453
2547,0.39614182855590274
2548,0.4064665127020785
2549,0.4135307702757778
2550,0.41516098356201603
2551,0.4212742833854096
2552,0.4381198206765385
2553,0.44382556717837246
2554,0.4540144002173618
2555,0.4646107865779106
2556,0.5063170764841733
2557,0.4805053661187339
2558,0.47262600190191545
2559,0.46841461757913333
2560,0.4741203640809673
2561,0.48838473033555224
2562,0.49246026355114786
2563,0.5036000543404429
2564,0.5091699497350903
2565,0.4931395190870806
2566,0.4928678168727075
2567,0.4959923923379976
2568,0.5002037766607799
2569,0.49218856133677497
2570,0.5076755875560386
2571,0.527781551419644
2572,0.5264230403477788
2573,0.5118869718788208
2574,0.5018339899470181
2575,0.5131096318434996
2576,0.5065887786985463
2577,0.5006113299823394
2578,0.5010188833038989
2579,0.4939546257301997
2580,0.47873930172530904
2581,0.4909659013720961
2582,0.49803015894579544
2583,0.5002037766607799
2584,0.5004754788751529
2585,0.5131096318434996
2586,0.5120228229860073
2587,0.5150115473441108
2588,0.5088982475207173
2589,0.5254720825974732
2590,0.5432685776389077
2591,0.5481592174976226
2592,0.5647330525743786
2593,0.5728841190055698
2594,0.57913326993615
2595,0.5682651813612281
2596,0.5678576280396685
2597,0.5844314631164245
2598,0.5852465697595435
2599,0.5931259339763619
2600,0.5886428474392067
2601,0.582529547615813
2602,0.584567314223611
2603,0.5719331612552643
2604,0.581986143187067
2605,0.5966580627632114
2606,0.5988316804781959
2607,0.6015487026219264
2608,0.6201603043064801
2609,0.6158130688765113
2610,0.6235565819861433
2611,0.6188017932346148
2612,0.6159489199836978
2613,0.6348322238826247
2614,0.6326586061676402
2615,0.619345197663361
2616,0.619345197663361
2617,0.5863333786170357
2618,0.5780464610786578
2619,0.58850699633202
2620,0.5882352941176472
2621,0.6049449803015894
2622,0.6065751935878279
2623,0.6130960467327808
2624,0.6117375356609156
2625,0.619888602092107
2626,0.634424670561065
2627,0.6174432821627496
2628,0.6163564733052576
2629,0.6223339220214645
2630,0.6573835076755876
2631,0.6481456323869039
2632,0.6473305257437849
2633,0.6402662681700857
2634,0.639858714848526
2635,0.6523570167096862
2636,0.6420323325635104
2637,0.63619073495449
2638,0.6340171172395055
2639,0.6327944572748267
2640,0.625322646379568
2641,0.6326586061676402
2642,0.6238282842005163
2643,0.6136394511615268
2644,0.6298057329167233
2645,0.6330661594891998
2646,0.6414889281347642
2647,0.6486890368156499
2648,0.6595571253905719
2649,0.6662138296427116
2650,0.6700176606439343
2651,0.6791196848254313
2652,0.6814291536476023
2653,0.6788493411221301
2654,0.6463795679934792
2655,0.6171715799483766
2656,0.6061676402662681
2657,0.587963591903274
2658,0.5913598695829372
2659,0.5959788072272789
2660,0.578589865507404
2661,0.5761445455780465
2662,0.5917674229044967
2663,0.6064393424806411
2664,0.619616899877734
2665,0.6207037087352263
2666,0.6289906262736042
2667,0.5974731694063307
2668,0.6026355114794186
2669,0.6041298736584704
2670,0.5995109360141284
2671,0.6087488113028121
2672,0.6207037087352263
2673,0.6247792419508218
2674,0.6318434995245212
2675,0.6455644613503599
2676,0.6493682923515827
2677,0.6450210569216139
2678,0.6465154191006657
2679,0.6465154191006657
2680,0.6353756283113707
2681,0.6507268034234479
2682,0.6535796766743649
2683,0.6378209482407282
2684,0.6418964814563239
2685,0.6436625458497487
2686,0.6318434995245212
2687,0.6249150930580083
2688,0.6105148756962369
2689,0.6083412579812526
2690,0.6132318978399673
2691,0.6448852058144274
2692,0.6546664855318571
2693,0.6890368156500475
2694,0.6732780872164108
2695,0.7585925825295476
2696,0.7240864013041706
2697,0.7087352261920934
2698,0.7278902323053933
2699,0.7282977856269528
2700,0.734818638771906
2701,0.7287053389485123
2702,0.7276185300910203
2703,0.7187882081238963
2704,0.7232712946610516
2705,0.731965765520989
2706,0.745686727346828
2707,0.7523434315989674
2708,0.7561472626001902
2709,0.7570982203504959
2710,0.7638907757098221
2711,0.7705474799619616
2712,0.7647058823529411
2713,0.7686455644613504
2714,0.7652492867816874
2715,0.7648417334601276
2716,0.7736720554272518
2717,0.7797853552506453
2718,0.7706833310691483
2719,0.7770683331069148
2720,0.7829099307159353
2721,0.7786985463931531
2722,0.786170357288412
2723,0.7822306751800028
2724,0.7712267354978943
2725,0.7746230131775573
2726,0.7754381198206766
2727,0.7940497215052302
2728,0.7871213150387175
2729,0.7878005705746502
2730,0.7909251460399402
2731,0.8049178100801522
2732,0.8020649368292352
2733,0.8099443010460536
2734,0.8148349409047684
2735,0.8157858986550739
2736,0.8076348322238827
2737,0.7996196168998777
2738,0.8141556853688359
2739,0.8263822850156228
2740,0.8259747316940633
2741,0.8229860073359598
2742,0.8159217497622606
2743,0.8227143051215868
2744,0.8152424942263279
2745,0.8134764298329031
2746,0.8023366390436082
2747,0.8185029207988044
2748,0.8251596250509443
2749,0.8278766471946746
2750,0.8227143051215868
2751,0.8174161119413124
2752,0.8217633473712811
2753,0.8132047276185301
2754,0.8174161119413124
2755,0.8057329167232714
2756,0.7894307838608885
2757,0.7594076891726669
2758,0.7545170493139519
2759,0.7445999184893357
2760,0.7523434315989674
2761,0.7515283249558484
2762,0.7530226871349002
2763,0.7477244939546257
2764,0.7458225784540145
2765,0.7538377937780192
2766,0.7588642847439206
2767,0.7682380111397908
2768,0.7763890775709823
2769,0.7791060997147126
2770,0.7717701399266403
2771,0.7667436489607391
2772,0.7581850292079881
2773,0.7629398179595164
2774,0.7633473712810759
2775,0.7668795000679256
2776,0.7676946067110448
2777,0.7734003532128786
2778,0.7772041842141013
2779,0.781279717429697
2780,0.7914685504686865
2781,0.7856269528596658
2782,0.790381741611194
2783,0.783860888466241
2784,0.78155141964407
2785,0.7742154598559978
2786,0.7532943893492732
2787,0.7671512022822986
2788,0.7729927998913191
2789,0.778155141964407
2790,0.7829099307159353
2791,0.7860345061812253
2792,0.7664719467463659
2793,0.8057329167232714
2794,0.7945931259339765
2795,0.794728977041163
2796,0.792419508218992
2797,0.7948648281483495
2798,0.8077706833310692
2799,0.7918761037902458
2800,0.7894307838608885
2801,0.792419508218992
2802,0.7959516370058417
2803,0.7820948240728163
2804,0.7960874881130282
2805,0.7956799347914687
2806,0.7962233392202147
2807,0.801521532400489
2808,0.8217633473712811
2809,0.8392881401983425
2810,0.843227822306752
2811,0.8289634560521668
2812,0.8247520717293846
2813,0.8189104741203641
2814,0.8228501562287733
2815,0.8248879228365711
2816,0.833174840374949
2817,0.8319521804102705
2818,0.83860888466241
2819,0.8454014400217362
2820,0.8402390979486485
2821,0.8280124983018611
2822,0.8229860073359598
2823,0.8210840918353484
2824,0.8210840918353484
2825,0.8265181361228093
2826,0.8214916451569081
2827,0.8248879228365711
2828,0.8240728161934519
2829,0.8282842005162341
2830,0.8304578182312186
2831,0.8254313272653173
2832,0.8271973916587421
2833,0.8361635647330525
2834,0.8470316533079745
2835,0.8557261241679122
2836,0.8519222931666894
2837,0.8807227278902323
2838,0.8809944301046055
2839,0.8524656975954354
2840,0.8274690938731151
2841,0.8144273875832089
2842,0.8085857899741882
2843,0.8178236652628719
2844,0.8163293030838201
2845,0.8144273875832089
2846,0.8098084499388669
2847,0.8180953674772449
2848,0.8098084499388669
2849,0.801793234614862
2850,0.8095367477244939
2851,0.8026083412579812
2852,0.789838337182448
2853,0.7887515283249558
2854,0.7786985463931531
2855,0.7837250373590545
2856,0.7806004618937645
2857,0.784404292894987
2858,0.7846759951093603
2859,0.7808721641081375
2860,0.7780192908572205
2861,0.7808721641081375
2862,0.7636190734954489
2863,0.7561472626001902
2864,0.7432414074174705
2865,0.745958429561201
2866,0.7418828963456052
2867,0.7239505501969841
2868,0.7081918217633474
2869,0.7170221437304714
2870,0.7208259747316941
2871,0.7221844858035593
2872,0.7181089525879636
2873,0.7289770411628855
2874,0.7206901236245076
2875,0.7215052302676266
2876,0.7179731014807771
2877,0.7163428881945388
2878,0.7151202282298601
2879,0.7065616084771091
2880,0.7065616084771091
2881,0.6990897975818502
2882,0.7018068197255807
2883,0.6910745822578455
2884,0.7000407553321559
2885,0.7130824616220621
2886,0.7096861839423991
2887,0.6992256486890367
2888,0.6903953267219127
2889,0.6992256486890367
2890,0.6893085178644205
2891,0.6759951093601413
2892,0.678304578182312
2893,0.6685232984648826
2894,0.6701535117511208
2895,0.6721912783589186
2896,0.6609156364624371
2897,0.6705610650726803
2898,0.6720554272517321
2899,0.6658062763211521
2900,0.6613231897839966
2901,0.6633609563917946
2902,0.6496399945659557
2903,0.6465154191006657
2904,0.6550740388534166
2905,0.6489607390300232
2906,0.637005841597609
2907,0.6311642439885885
2908,0.6516777611737534
2909,0.6622741475343024
2910,0.6702893628583073
2911,0.6630892541774216
2912,0.6586061676402664
2913,0.6443418013856812
2914,0.6505909523162614
2915,0.6613231897839966
2916,0.6496399945659557
2917,0.6596929764977584
2918,0.6554815921749761
2919,0.6583344654258931
2920,0.6636326586061676
2921,0.6575193587827741
2922,0.6457003124575464
2923,0.6351039260969977
2924,0.631571797310148
2925,0.6322510528460807
2926,0.6378209482407282
2927,0.6394511615269665
2928,0.6365982882760495
2929,0.6257301997011275
2930,0.6236924330933298
2931,0.6243716886292623
2932,0.6234207308789566
2933,0.6111941312321696
2934,0.6076620024453199
2935,0.6103790245890504
2936,0.6042657247656569
2937,0.6060317891590816
2938,0.6007335959788072
2939,0.5978807227278902
2940,0.590544762939818
2941,0.5799483765792692
2942,0.567450074718109
2943,0.5773672055427252
2944,0.5837522075804917
2945,0.5914957206901237
2946,0.6004618937644342
2947,0.6020921070506724
2948,0.6061676402662681
2949,0.6014128515147399
2950,0.581442738758321
2951,0.5923108273332427
2952,0.5867409319385954
2953,0.5886428474392067
2954,0.5982882760494497
2955,0.6095639179459313
2956,0.6088846624099986
2957,0.6001901915500611
2958,0.6205678576280396
2959,0.6239641353077028
2960,0.6125526423040348
2961,0.6151338133405788
2962,0.619888602092107
2963,0.6352397772041842
2964,0.6503192501018884
2965,0.6482814834940904
2966,0.6470588235294117
2967,0.6481456323869039
2968,0.6584703165330796
2969,0.6577910609971471
2970,0.6590137209618259
2971,0.6577910609971471
2972,0.6632251052846081
2973,0.6408096725988317
2974,0.6280396685232985
2975,0.6405379703844587
2976,0.6298057329167233
2977,0.6342888194538785
2978,0.6520853144953132
2979,0.6399945659557125
2980,0.6390436082054067
2981,0.6462437168862927
2982,0.6556174432821629
2983,0.6121450889824751
2984,0.6174432821627496
2985,0.6383643526694742
2986,0.6455644613503599
2987,0.6535796766743649
2988,0.6636326586061676
2989,0.6659421274283386
2990,0.6766743648960738
2991,0.6856405379703845
2992,0.6825159625050945
2993,0.6667572340714578
2994,0.6698818095367478
2995,0.6747724493954625
2996,0.6685232984648826
2997,0.6662138296427116
2998,0.6766743648960738
2999,0.6793913870398045
3000,0.697459584295612
3001,0.697731286509985
3002,0.6903953267219127
3003,0.7020785219399537
3004,0.6982746909387312
3005,0.7106371416927049
3006,0.7186523570167098
3007,0.7281619345197663
3008,0.7159353348729793
3009,0.691482135579405
3010,0.6848254313272653
3011,0.6728705338948513
3012,0.6725988316804783
3013,0.6719195761445456
3014,0.6668930851786443
3015,0.6731422361092243
3016,0.6702893628583073
3017,0.6625458497486754
3018,0.6671647873930173
3019,0.6690667028936286
3020,0.6625458497486754
3021,0.6689308517864421
3022,0.6683874473576961
3023,0.6571118054612146
3024,0.6482814834940904
3025,0.6519494633881266
3026,0.6402662681700857
3027,0.637549246026355
3028,0.6511343567450074
3029,0.6461078657791062
3030,0.6444776524928679
3031,0.6431191414210027
3032,0.6425757369922565
3033,0.6385002037766607
3034,0.6408096725988317
3035,0.6379567993479147
3036,0.6261377530226873
3037,0.6238282842005163
3038,0.6323869039532672
3039,0.6452927591359869
3040,0.6461078657791062
3041,0.634152968346692
3042,0.6462437168862927
3043,0.6448852058144274
3044,0.6598288276049449
3045,0.6413530770275777
3046,0.6399945659557125
3047,0.6379567993479147
3048,0.6186659421274283
3049,0.6175791332699361
3050,0.6135036000543406
3051,0.6183942399130553
3052,0.6262736041298735
3053,0.6260019019155008
3054,0.6295340307023503
3055,0.6251867952723815
3056,0.6239641353077028
3057,0.6192093465561745
3058,0.6175791332699361
3059,0.6034506181225376
3060,0.5978807227278902
3061,0.5985599782638229
3062,0.5904089118326314
3063,0.5847031653307975
3064,0.585654123081103
3065,0.5727482678983833
3066,0.5701670968618393
3067,0.5693519902187203
3068,0.5654123081103111
3069,0.5631028392881403
3070,0.5605216682515963
3071,0.5621518815378346
3072,0.5664991169678033
3073,0.5616084771090886
3074,0.5590273060725446
3075,0.5595707105012906
3076,0.5499252818910474
3077,0.5439478331748404
3078,0.5442195353892134
3079,0.5419100665670424
3080,0.5405515554951772
3081,0.5489743241407419
3082,0.5533215595707106
3083,0.5564461350360006
3084,0.5578046461078658
3085,0.5535932617850836
3086,0.5579404972150523
3087,0.5588914549653579
3088,0.5576687950006793
3089,0.5631028392881403
3090,0.5622877326450211
3091,0.5625594348593941
3092,0.5606575193587828
3093,0.5568536883575601
3094,0.5549517728569489
3095,0.5538649639994566
3096,0.5527781551419644
3097,0.5550876239641354
3098,0.5575329438934926
3099,0.5523706018204049
3100,0.5667708191821763
3101,0.5666349680749898
3102,0.5648689036815651
3103,0.5694878413259068
3104,0.5637820948240728
3105,0.5686727346827876
3106,0.570302947969026
3107,0.5747860345061813
3108,0.5761445455780465
3109,0.5666349680749898
3110,0.5692161391115338
3111,0.5685368835756011
3112,0.573970927863062
3113,0.5636462437168863
3114,0.570846352397772
3115,0.5650047547887516
3116,0.567721776932482
3117,0.5557668795000679
3118,0.5514196440700991
3119,0.5489743241407419
3120,0.5525064529275914
3121,0.5510120907485396
3122,0.5481592174976226
3123,0.5482950686048091
3124,0.5537291128922701
3125,0.5417742154598559
3126,0.533487297921478
3127,0.5424534709957887
3128,0.5409591088167369
3129,0.5408232577095504
3130,0.5438119820676539
3131,0.5322646379567992
3132,0.5356609156364625
3133,0.5450346420323327
3134,0.5530498573563374
3135,0.5552234750713219
3136,0.5499252818910474
3137,0.5368835756011412
3138,0.5322646379567992
3139,0.5256079337046597
3140,0.5245211248471675
3141,0.5347099578861567
3142,0.5364760222795815
3143,0.5288683602771362
3144,0.5319929357424262
3145,0.5234343159896753
3146,0.524928678168727
3147,0.5205814427387583
3148,0.5203097405243853
3149,0.5121586740931938
3150,0.5148756962369243
3151,0.5208531449531313
3152,0.5182719739165875
3153,0.5253362314902867
3154,0.522347507132183
3155,0.51895122945252
3156,0.5190870805597065
3157,0.527781551419644
3158,0.5348458089933432
3159,0.5421817687814157
3160,0.535796766743649
3161,0.5294117647058822
3162,0.5304985735633745
3163,0.5224833582393695
3164,0.5175927183806548
3165,0.5147398451297378
3166,0.5139247384866188
3167,0.5224833582393695
3168,0.5084906941991576
3169,0.5078114386632251
3170,0.4830865371552778
3171,0.47602227958157856
3172,0.4809129194402935
3173,0.48199972829778565
3174,0.4814563238690395
3175,0.4647466376850971
3176,0.47520717293845943
3177,0.4805053661187339
3178,0.47181089525879644
3179,0.47289770411628856
3180,0.47221844858035594
3181,0.47262600190191545
3182,0.48172802608341253
3183,0.4768373862246977
3184,0.4807770683331069
3185,0.47887515283249554
3186,0.4879771770139926
3187,0.4897432414074175
3188,0.48580355929900837
3189,0.49205271022958835
3190,0.5102567585925826
3191,0.5125662274147536
3192,0.5151473984512973
3193,0.5099850563782093
3194,0.5076755875560386
3195,0.5048227143051216
3196,0.5067246298057329
3197,0.4877054747996196
3198,0.5231626137753023
3199,0.5258796359190328
3200,0.527509849205271
3201,0.5242494226327945
3202,0.5245211248471675
3203,0.5239777204184213
3204,0.5239777204184213
3205,0.527238146990898
3206,0.524928678168727
3207,0.5235701670968618
3208,0.5232984648824888
3209,0.5213965493818775
3210,0.5224833582393695
3211,0.5178644205950278
3212,0.5137888873794321
3213,0.5174568672734683
3214,0.5128379296291266
3215,0.516098356201603
3216,0.5177285694878413
3217,0.5162342073087895
3218,0.5171851650590953
3219,0.5109360141285151
3220,0.49898111669610107
3221,0.5038717565548159
3222,0.5030566499116969
3223,0.5071321831272926
3224,0.5079472897704116
3225,0.5052302676266811
3226,0.4877054747996196
3227,0.49150930580084223
3228,0.49504143458769195
3229,0.5015622877326451
3230,0.5033283521260699
3231,0.5072680342344791
3232,0.5094416519494633
3233,0.5108001630213286
3234,0.5074038853416656
3235,0.5060453742698003
3236,0.49843771226735506
3237,0.48919983697867137
3238,0.4938187746230132
3239,0.4974867545170493
3240,0.4959923923379976
3241,0.5002037766607799
3242,0.49870941448172795
3243,0.4993886700176607
3244,0.49137345469365573
3245,0.4938187746230132
3246,0.4832223882624643
3247,0.4783317484037494
3248,0.47806004618937653
3249,0.47887515283249554
3250,0.4743920662953403
3251,0.47181089525879644
3252,0.4699089797581851
3253,0.4643390843635375
3254,0.4652900421138432
3255,0.4701806819725581
3256,0.4606711044695015
3257,0.460535253362315
3258,0.4586333378617036
3259,0.4506181225376987
3260,0.46012770004075537
3261,0.4555087623964135
3262,0.4514332291808178
3263,0.45645972014671915
3264,0.4359462029615541
3265,0.43975003396277684
3266,0.43390843635375637
3267,0.42684417878005704
3268,0.44708599375084906
3269,0.4409726939274555
3270,0.4457274826789838
3271,0.44042928949870935
3272,0.44640673821491644
3273,0.43975003396277684
3274,0.4548295068604809
3275,0.45034642032332567
3276,0.4555087623964135
3277,0.45999184893356876
3278,0.4673278087216411
3279,0.4796902594756148
3280,0.4781958972965629
3281,0.4773807906534438
3282,0.47860345061812254
3283,0.4701806819725581
3284,0.4734411085450347
3285,0.4700448308653716
3286,0.4764298329031382
3287,0.4734411085450347
3288,0.45890504007607663
3289,0.4537426980029888
3290,0.4447765249286782
3291,0.4457274826789838
3292,0.44396141828555896
3293,0.4481728026083413
3294,0.45605216682515964
3295,0.4576823801113979
3296,0.4580899334329574
3297,0.45972014671919575
3298,0.4671919576144545
3299,0.47289770411628856
3300,0.46909387311506584
3301,0.4644749354707241
3302,0.4552370601820405
3303,0.4540144002173618
3304,0.4576823801113979
3305,0.4614862111126205
3306,0.4572748267898384
3307,0.45319929357424255
3308,0.4580899334329574
3309,0.45985599782638226
3310,0.46610514875696235
3311,0.4618937644341801
3312,0.4477652492867817
3313,0.4738486618665942
3314,0.48838473033555224
3315,0.48919983697867137
3316,0.49218856133677497
3317,0.48281483494090477
3318,0.48267898383371827
3319,0.4868903681565005
3320,0.48240728161934526
3321,0.4877054747996196
3322,0.4966716478739302
3323,0.4999320744464068
3324,0.4966716478739302
3325,0.49843771226735506
3326,0.4965357967667437
3327,0.5078114386632251
3328,0.5099850563782093
3329,0.5075397364488521
3330,0.5026490965901371
3331,0.5021056921613911
3332,0.5044151609835621
3333,0.5050944165194946
3334,0.5068604809129194
3335,0.5113435674500746
3336,0.5174568672734683
3337,0.5169134628447223
3338,0.5030566499116969
3339,0.49191685912240185
3340,0.4965357967667437
3341,0.49857356337454156
3342,0.4940904768373862
3343,0.487026219263687
3344,0.49259611465833447
3345,0.4934112213014536
3346,0.5022415432685776
3347,0.5049585654123081
3348,0.5072680342344791
3349,0.5083548430919711
3350,0.5063170764841733
3351,0.5021056921613911
3352,0.49789430783860894
3353,0.5014264366254586
3354,0.5015622877326451
3355,0.4977584567314223
3356,0.49898111669610107
3357,0.4993886700176607
3358,0.5025132454829506
3359,0.5067246298057329
3360,0.5026490965901371
3361,0.4999320744464068
3362,0.5116152696644478
3363,0.4942263279445727
3364,0.4803695150115473
3365,0.4741203640809673
3366,0.46610514875696235
3367,0.4735769596522211
3368,0.4837657926912104
3369,0.48104877054748
3370,0.4618937644341801
3371,0.4650183398994702
3372,0.4701806819725581
3373,0.47181089525879644
3374,0.4719467463659828
3375,0.46868631979350633
3376,0.4674636598288276
3377,0.46664855318570847
3378,0.4681429153647602
3379,0.46950142643662546
3380,0.48281483494090477
3381,0.4741203640809673
3382,0.4742562151881538
3383,0.48186387719059903
3384,0.48539600597744875
3385,0.5008830321967124
3386,0.5037359054476294
3387,0.5023773943757641
3388,0.5023773943757641
3389,0.4943621790517592
3390,0.4864828148349409
3391,0.48879228365711186
3392,0.4878413259068061
3393,0.484445048227143
3394,0.4701806819725581
3395,0.46922972422225234
3396,0.47235429968754244
3397,0.4739845129737807
3398,0.4707240864013042
3399,0.4747996196168999
3400,0.47928270615405516
3401,0.4802336639043608
3402,0.4795544083684283
3403,0.4875696236924331
3404,0.489879092514604
3405,0.49218856133677497
3406,0.4881130281211791
3407,0.4959923923379976
3408,0.5041434587691889
3409,0.4963999456595571
3410,0.49898111669610107
3411,0.4962640945523706
3412,0.49137345469365573
3413,0.4931395190870806
3414,0.4935470724086402
3415,0.48865643254992525
3416,0.49178100801521535
3417,0.492731965765521
3418,0.484445048227143
3419,0.4901507947289771
3420,0.48892813476429836
3421,0.4966716478739302
3422,0.49585654123081097
3423,0.4973509034098627
3424,0.5074038853416656
3425,0.5026490965901371
3426,0.5046868631979351
3427,0.5040076076620024
3428,0.5090340986279038
3429,0.5141964407009918
3430,0.5143322918081783
3431,0.5175927183806548
3432,0.5101209074853961
3433,0.5196304849884525
3434,0.5088982475207173
3435,0.5101209074853961
3436,0.5075397364488521
3437,0.5095775030566501
3438,0.5093058008422768
3439,0.5128379296291266
3440,0.5173210161662818
3441,0.5068604809129194
3442,0.5049585654123081
3443,0.4928678168727075
3444,0.5011547344110854
3445,0.48186387719059903
3446,0.4716750441516098
3447,0.4776524928678169
3448,0.47181089525879644
3449,0.45265588914549654
3450,0.4578182312185844
3451,0.4734411085450347
3452,0.5117511207716343
3453,0.5006113299823394
3454,0.4863469637277544
3455,0.47235429968754244
3456,0.48240728161934526
3457,0.4746637685097134
3458,0.4811846216546665
3459,0.4739845129737807
3460,0.47588642847439205
3461,0.483901643798397
3462,0.47873930172530904
3463,0.49259611465833447
3464,0.4830865371552778
3465,0.47941855726124166
3466,0.4843091971199566
3467,0.48892813476429836
3468,0.4934112213014536
3469,0.49572069012362446
3470,0.5016981388398316
3471,0.4940904768373862
3472,0.49558483901643796
3473,0.5000679255535934
3474,0.5113435674500746
3475,0.5110718652357018
3476,0.5150115473441108
3477,0.5122945252003803
3478,0.5170493139519088
3479,0.5207172938459448
3480,0.5203097405243853
3481,0.5193587827740795
3482,0.515554951772857
3483,0.5063170764841733
3484,0.5102567585925826
3485,0.5162342073087895
3486,0.526966444776525
3487,0.5292759135986957
3488,0.5211248471675043
3489,0.5182719739165875
3490,0.5143322918081783
3491,0.51582665398723
3492,0.5074038853416656
3493,0.47982611058280117
3494,0.4881130281211791
3495,0.48227143051215865
3496,0.48281483494090477
3497,0.481320472761853
3498,0.47221844858035594
3499,0.4703165330797446
3500,0.4697731286509986
3501,0.46651270207852197
3502,0.4699089797581851
3503,0.4648824887922836
3504,0.46678440429289497
3505,0.4644749354707241
3506,0.4612145088982475
3507,0.46678440429289497
3508,0.4779241950821899
3509,0.47588642847439205
3510,0.47507132183127293
3511,0.4682787664719467
3512,0.4697731286509986
3513,0.4800978127971743
3514,0.4900149436217905
3515,0.4928678168727075
3516,0.48919983697867137
3517,0.48566770819182176
3518,0.49137345469365573
3519,0.4931395190870806
3520,0.4969433500883033
3521,0.49925281891047407
3522,0.5088982475207173
3523,0.5121586740931938
3524,0.5079472897704116
3525,0.5040076076620024
3526,0.5084906941991576
3527,0.4993886700176607
3528,0.489879092514604
3529,0.4931395190870806
3530,0.48919983697867137
3531,0.49205271022958835
3532,0.484716750441516
3533,0.47928270615405516
3534,0.4836299415840239
3535,0.4877054747996196
3536,0.48852058144273874
3537,0.46651270207852197
3538,0.4742562151881538
3539,0.4635239777204185
3540,0.4580899334329574
3541,0.44966716478739305
3542,0.4572748267898384
3543,0.455372911289227
3544,0.44912376035864693
3545,0.4517049313951908
3546,0.46230131775573974
3547,0.4640673821491645
3548,0.46596929764977585
3549,0.45659557125390565
3550,0.45238418693112353
3551,0.46569759543540273
3552,0.46243716886292624
3553,0.46270887107729924
3554,0.47262600190191545
3555,0.4784675995109359
3556,0.48892813476429836
3557,0.48295068604809127
3558,0.47289770411628856
3559,0.4747996196168999
3560,0.48295068604809127
3561,0.46542589322102984
3562,0.46882217090069284
3563,0.4643390843635375
3564,0.46311642439885886
3565,0.4643390843635375
3566,0.4697731286509986
3567,0.4714033419372368
3568,0.47289770411628856
3569,0.4802336639043608
3570,0.47575057736720555
3571,0.4739845129737807
3572,0.4745279174025268
3573,0.44939546257302004
3574,0.4455916315717973
3575,0.44681429153647595
3576,0.43350088303219675
3577,0.44273875832088033
3578,0.4484445048227143
3579,0.4519766336095639
3580,0.4481728026083413
3581,0.43119141421002577
3582,0.43418013856812926
3583,0.43771226735497887
3584,0.4389349273196576
3585,0.44042928949870935
3586,0.44029343839152296
3587,0.4451840782502377
3588,0.4355386496399946
3589,0.44667844042928945
3590,0.461078657791061
3591,0.45659557125390565
3592,0.45292759135986965
3593,0.45238418693112353
3594,0.44953131368020655
3595,0.45252003803831004
3596,0.44667844042928945
3597,0.4442331204999321
3598,0.44667844042928945
3599,0.43635375628311374
3600,0.43309332971063713
3601,0.4347235429968754
3602,0.432278223067518
3603,0.42602907213693786
3604,0.4286102431734819
3605,0.43119141421002577
3606,0.42670832767287054
3607,0.4263007743513109
3608,0.4314631164243989
3609,0.42670832767287054
3610,0.4317348186387719
3611,0.42738758320880316
3612,0.42657247656568403
3613,0.4222252411357153
3614,0.40904768373862244
3615,0.41529683466920253
3616,0.4125798125254721
3617,0.4064665127020785
3618,0.40864013041706293
3619,0.4068740660236381
3620,0.4042928949870942
3621,0.4042928949870942
3622,0.4042928949870942
3623,0.40510800163021327
3624,0.40456459720146715
3625,0.3947833174840375
3626,0.39097948648281483
3627,0.3907077842684418
3628,0.3885341665534574
3629,0.38133405787257163
3630,0.3913870398043744
3631,0.4022551283792962
3632,0.40470044830865365
3633,0.4131232169542182
3634,0.41094959923923374
3635,0.4030702350224154
3636,0.406330661594892
3637,0.39872299959244667
3638,0.38778698546393153
3639,0.35416383643526694
3640,0.3481863877190599
3641,0.33704659692976496
3642,0.3377258524656976
3643,0.3358239369650863
3644,0.3457410677897025
3645,0.3405787257166146
3646,0.33636734139383234
3647,0.33432957478603453
3648,0.33351446814291535
3649,0.3366390436082054
3650,0.33269936149979623
3651,0.3331069148213558
3652,0.3424806412172259
3653,0.3441108545034642
3654,0.34682787664719467
3655,0.34506181225376986
3656,0.34764298329031385
3657,0.3457410677897025
3658,0.34601277000407554
3659,0.35429968754245345
3660,0.35239777204184214
3661,0.3510392609699769
3662,0.34506181225376986
3663,0.34044287460942807
3664,0.32631435946202964
3665,0.32414074174704527
3666,0.325635103926097
3667,0.33337861703572885
3668,0.3377258524656976
3669,0.3499524521124847
3670,0.3449259611465833
3671,0.3574242630077435
3672,0.3583752207580492
3673,0.36272245618801796
3674,0.3726395870126341
3675,0.35674500747181087
3676,0.3534845808993343
3677,0.35701670968618393
3678,0.3525336231490287
3679,0.36204320065208534
3680,0.37820948240728164
3681,0.3791604401575873
3682,0.39030023094688227
3683,0.3759000135851107
3684,0.38119820676538513
3685,0.3799755468007064
3686,0.3763075669066703
3687,0.3707376715120228
3688,0.3608205406874066
3689,0.360141285151474
3690,0.360141285151474
3691,0.3673413938323597
3692,0.3608205406874066
3693,0.3639451161526966
3694,0.3553864963999457
3695,0.3499524521124847
3696,0.34954489879092515
3697,0.34764298329031385
3698,0.3449259611465833
3699,0.337318299144138
3700,0.33269936149979623
3701,0.3411221301453607
3702,0.3491373454693656
3703,0.3791604401575873
3704,0.37712267354978946
3705,0.38296427115881
3706,0.39220214644749357
3707,0.3915228909115609
3708,0.3912511886971879
3709,0.4010324684146176
3710,0.4019834261649233
3711,0.39002852873250915
3712,0.3828284200516234
3713,0.3877190599103382
3714,0.3795679934791469
3715,0.3854095910881674
3716,0.38242086673006387
3717,0.3945116152696644
3718,0.3957342752343432
3719,0.39845129737807367
3720,0.3955984241271567
3721,0.3873115065887787
3722,0.394647466376851
3723,0.40700991713082457
3724,0.4041570438799076
3725,0.39288140198342614
3726,0.39600597744871624
3727,0.3994565955712539
3728,0.40836842820268987
3729,0.406602363809265
3730,0.4104061948104877
3731,0.4052438527373998
3732,0.4085042793098764
3733,0.40919711995652763
3734,0.41842141013449263
3735,0.4169270479554409
3736,0.42275506045374267
3737,0.4233120499932075
3738,0.4192365167776117
3739,0.4075533215595707
3740,0.4139383235973373
3741,0.41414210025811704
3742,0.40048906398587153
3743,0.41094959923923374
3744,0.4201874745279174
3745,0.41855726124167913
3746,0.41964407009917126
3747,0.4093193859529955
3748,0.4214101344925961
3749,0.40510800163021327
3750,0.3981795951637006
3751,0.40157587284336366
3752,0.4022551283792962
3753,0.3957342752343432
3754,0.4010324684146176
3755,0.39055834805053663
3756,0.38975682651813615
3757,0.38989267762532265
3758,0.4040211927727211
3759,0.4041570438799076
3760,0.39940225512837935
3761,0.39967395734275235
3762,0.40864013041706293
3763,0.4019834261649233
3764,0.39641353077027575
3765,0.3945116152696644
3766,0.41869311234886564
3767,0.41149300366797986
3768,0.4233120499932075
3769,0.41747045238418695
3770,0.4128515147398451
3771,0.39858714848526017
3772,0.4042928949870942
3773,0.3915228909115609
3774,0.4036136394511615
3775,0.4135307702757778
3776,0.40239097948648284
3777,0.38011139790789295
3778,0.3788887379432142
3779,0.36869990490422494
3780,0.3768509713354164
3781,0.36068468958022004
3782,0.3579676674364896
3783,0.3465561744328216
3784,0.34777883439750035
3785,0.34709957886156767
3786,0.3462708871077299
3787,0.3438391522890912
3788,0.3445184078250238
3789,0.3419372367884798
3790,0.32645021056921614
3791,0.32468414617579133
3792,0.3348729792147806
3793,0.33269936149979623
3794,0.3358239369650863
3795,0.3431598967531585
3796,0.33460127700040754
3797,0.360141285151474
3798,0.34044287460942807
3799,0.3378617035728841
3800,0.34044287460942807
3801,0.339899470180682
3802,0.32305393288955303
3803,0.3204727618530091
3804,0.30811031109903547
3805,0.30919711995652766
3806,0.3180274419236517
3807,0.32875967939138706
3808,0.33351446814291535
3809,0.3403070235022415
3810,0.33473712810759404
3811,0.34723542996875423
3812,0.35226192093465564
3813,0.33677489471539196
3814,0.33365031925010186
3815,0.33432957478603453
3816,0.3322918081782366
3817,0.35497894307838607
3818,0.3438391522890912
3819,0.3457410677897025
3820,0.3510392609699769
3821,0.3309332971063714
3822,0.33351446814291535
3823,0.3498166010052982
3824,0.3672055427251732
3825,0.3667979894036136
3826,0.36774894715391926
3827,0.3703301181904633
3828,0.3714169270479555
3829,0.3767151202282299
3830,0.39097948648281483
3831,0.39858714848526017
3832,0.3894851243037631
3833,0.40483629941584026
3834,0.3981795951637006
3835,0.3924738486618666
3836,0.3981795951637006
3837,0.4075533215595707
3838,0.39641353077027575
3839,0.3947833174840375
3840,0.40904768373862244
3841,0.41516098356201603
3842,0.41651949463388127
3843,0.41651949463388127
3844,0.4077027577774759
3845,0.41516098356201603
3846,0.43132726531721227
3847,0.42371960331476705
3848,0.4314631164243989
3849,0.4354027985328081
3850,0.4223610922429018
3851,0.41325906806140467
3852,0.383235973373183
3853,0.38160576008694475
3854,0.38038310012226595
3855,0.3923379975546801
3856,0.39274555087623964
3857,0.3943757641624779
3858,0.4029343839152289
3859,0.3907077842684418
3860,0.38459448444504823
3861,0.3930308382013314
3862,0.39356065751935876
3863,0.39614182855590274
3864,0.3973644885205814
3865,0.39342480641217226
3866,0.3875832088031517
3867,0.371281075940769
3868,0.3881130281211792
3869,0.37440565140605897
3870,0.3669338405108002
3871,0.3745415025132455
3872,0.38296427115881
3873,0.3894851243037631
3874,0.38568129330254036
3875,0.3723678847982611
3876,0.39315310419779925
3877,0.391794593125934
3878,0.39016437983969565
3879,0.3734546936557533
3880,0.3701806819725581
3881,0.3817416111941312
3882,0.3826925689444369
3883,0.3831001222659965
3884,0.37440565140605897
3885,0.3999456595571254
3886,0.39913055291400623
3887,0.4106778970248608
3888,0.4052438527373998
3889,0.41516098356201603
3890,0.4127156636326586
3891,0.41407417470452385
3892,0.4011683195218041
3893,0.38717565548159216
3894,0.4007607662002445
3895,0.3969569351990218
3896,0.40768917266675725
3897,0.3999456595571254
3898,0.3875832088031517
3899,0.3850020377666078
3900,0.37386224697731285
3901,0.3790245890504008
3902,0.37100937372639586
3903,0.37876647194674634
3904,0.36027713625866054
3905,0.3608205406874066
3906,0.3384051080016302
3907,0.3454693655753294
3908,0.3276728705338948
3909,0.30484988452655887
3910,0.3134085042793099
3911,0.3131368020649368
3912,0.3196576552098899
3913,0.3238146990897976
3914,0.3424806412172259
3915,0.3525336231490287
3916,0.3384051080016302
3917,0.3441108545034642
3918,0.35131096318434996
3919,0.33269936149979623
3920,0.3231897839967396
3921,0.32414074174704527
3922,0.33038989267762536
3923,0.3197935063170765
3924,0.34258932210297516
3925,0.334193723678848
3926,0.3390843635375628
3927,0.348729792147806
3928,0.3422089390028529
3929,0.35769596522211655
3930,0.3590544762939818
3931,0.3553864963999457
3932,0.3581035185436761
3933,0.33704659692976496
3934,0.34805053661187335
3935,0.3339220214644749
3936,0.36027713625866054
3937,0.36652628718924063
3938,0.36068468958022004
3939,0.3791604401575873
3940,0.3821491645156908
3941,0.3759000135851107
3942,0.3894851243037631
3943,0.3847167504415161
3944,0.3727754381198207
3945,0.3735905447629398
3946,0.3848661866594213
3947,0.37807363130009514
3948,0.3557940497215052
3949,0.340171172395055
3950,0.33283521260698273
3951,0.3457410677897025
3952,0.33432957478603453
3953,0.32237467735362046
3954,0.3178915908164652
3955,0.2969705203097405
3956,0.3298464882488792
3957,0.35008830321967127
3958,0.35511479418557257
3959,0.3555223475071322
3960,0.3424806412172259
3961,0.2935742426300774
3962,0.30118190463252276
3963,0.31368020649368294
3964,0.2866458361635647
3965,0.32088031517456866
3966,0.33446542589322104
3967,0.33297106371416924
3968,0.3557940497215052
3969,0.34723542996875423
3970,0.34900149436217903
3971,0.3642168183670697
3972,0.3536204320065208
3973,0.3445184078250238
3974,0.3726395870126341
3975,0.38568129330254036
3976,0.38133405787257163
3977,0.3697867137617171
3978,0.3619073495448988
3979,0.3737263958701264
3980,0.4315989675315854
3981,0.41516098356201603
3982,0.4287460942806684
3983,0.44056514060589586
3984,0.4424670561065072
3985,0.43431598967531576
3986,0.44341801385681295
3987,0.4586333378617036
3988,0.463659828827605
3989,0.46882217090069284
3990,0.45632386903953265
3991,0.45605216682515964
3992,0.4716750441516098
3993,0.47901100393968216
3994,0.48933568808585787
3995,0.49205271022958835
3996,0.4935470724086402
3997,0.5110718652357018
3998,0.5076755875560386
3999,0.5086265453063443
4000,0.5103926096997691
4001,0.5057736720554273
4002,0.5053661187338676
4003,0.5006113299823394
4004,0.5006113299823394
4005,0.5042793098763756
4006,0.4993886700176607
4007,0.49218856133677497
4008,0.5036000543404429
4009,0.5284608069555767
4010,0.5299551691346285
4011,0.5348458089933432
4012,0.5341665534574107
4013,0.5213965493818775
4014,0.519222931666893
4015,0.5368835756011412
4016,0.5372911289227007
4017,0.4866186659421274
4018,0.46895802200787934
4019,0.47629398179595167
4020,0.5034642032332564
4021,0.5007471810895259
4022,0.5093058008422768
4023,0.5061812253769868
4024,0.518679527238147
4025,0.5170493139519088
4026,0.5114794185572613
4027,0.5097133541638363
4028,0.5021056921613911
4029,0.5117511207716343
4030,0.5102567585925826
4031,0.5033283521260699
4032,0.5079472897704116
4033,0.49449803015894583
4034,0.4934112213014536
4035,0.4795544083684283
4036,0.48892813476429836
4037,0.47928270615405516
4038,0.48159217497622603
4039,0.4878413259068061
4040,0.4703165330797446
4041,0.45972014671919575
4042,0.46664855318570847
4043,0.4775166417606304
4044,0.4779241950821899
4045,0.45238418693112353
4046,0.45292759135986965
4047,0.4674636598288276
4048,0.4814563238690395
4049,0.4911017524792827
4050,0.5042793098763756
4051,0.5063170764841733
4052,0.5103926096997691
4053,0.5072680342344791
4054,0.4959923923379976
4055,0.49191685912240185
4056,0.49870941448172795
4057,0.5055019698410541
4058,0.5065887786985463
4059,0.48512430376307564
4060,0.5030566499116969
4061,0.5048227143051216
4062,0.5095775030566501
4063,0.48104877054748
4064,0.4680070642575737
4065,0.46338812661323187
4066,0.4940904768373862
4067,0.4735769596522211
4068,0.45319929357424255
4069,0.4556446135036
4070,0.46270887107729924
4071,0.45931259339763614
4072,0.46637685097133547
4073,0.47588642847439205
4074,0.4572748267898384
4075,0.45021056921613906
4076,0.4697731286509986
4077,0.46012770004075537
4078,0.43295747860345063
4079,0.43961418285559023
4080,0.4097269392745551
4081,0.41448172802608346
4082,0.4286102431734819
4083,0.4188289634560522
4084,0.4029343839152289
4085,0.39030023094688227
4086,0.4106778970248608
4087,0.42996875424534714
4088,0.4417878005705747
4089,0.4294253498166009
4090,0.4200516234207309
4091,0.42725173210161665
4092,0.4216818367069691
4093,0.43730471403341936
4094,0.44993886700176605
4095,0.4519766336095639
