四,04/26/2018,238.69
三,04/25/2018,231.41
二,04/24/2018,231.41
一,04/23/2018,231.42
五,04/20/2018,232.5
四,04/19/2018,237.11
三,04/18/2018,237.75
二,04/17/2018,235.67
一,04/16/2018,229.9
五,04/13/2018,228.17
四,04/12/2018,231.34
三,04/11/2018,229.65
二,04/10/2018,231.5
一,04/09/2018,224.33
五,04/06/2018,219.82
四,04/05/2018,225.57
三,04/04/2018,224.3
二,04/03/2018,220.02
一,04/02/2018,220.06
四,03/29/2018,223.19
三,03/28/2018,223.1
二,03/27/2018,230.96
一,03/26/2018,235.94
五,03/23/2018,230.08
四,03/22/2018,236.11
三,03/21/2018,250.05
二,03/20/2018,254.46
一,03/19/2018,252.83
五,03/16/2018,262.39
四,03/15/2018,262.71
三,03/14/2018,259.35
二,03/13/2018,258.35
一,03/12/2018,265.67
五,03/09/2018,263.56
四,03/08/2018,257.14
三,03/07/2018,257.26
二,03/06/2018,258.73
一,03/05/2018,254.89
五,03/02/2018,250.6
四,03/01/2018,249.75
三,02/28/2018,252.34
二,02/27/2018,250.46
一,02/26/2018,256.25
五,02/23/2018,250.74
四,02/22/2018,249.35
三,02/21/2018,246.92
二,02/20/2018,245.43
五,02/16/2018,244.72
四,02/15/2018,248.2
三,02/14/2018,235.89
二,02/13/2018,225.6
一,02/12/2018,221.64
五,02/09/2018,215.67
四,02/08/2018,212.07
三,02/07/2018,222.5
二,02/06/2018,228.77
一,02/05/2018,225.32
五,02/02/2018,233.17
四,02/01/2018,240.53
三,01/31/2018,246.92
二,01/30/2018,244.07
一,01/29/2018,253.73
五,01/26/2018,260.25
四,01/25/2018,254.14
三,01/24/2018,257.96
二,01/23/2018,257.35
一,01/22/2018,254.34
五,01/19/2018,255.98
四,01/18/2018,254.96
三,01/17/2018,255.49
二,01/16/2018,257.78
五,01/12/2018,253.04
四,01/11/2018,250.22
三,01/10/2018,248.95
二,01/09/2018,254.73
一,01/08/2018,250.82
五,01/05/2018,245.14
四,01/04/2018,245.73
三,01/03/2018,245.55
二,01/02/2018,242.4
五,12/29/2017,234.21
四,12/28/2017,234.74
三,12/27/2017,237.71
二,12/26/2017,237.83
五,12/22/2017,239.05
四,12/21/2017,239.49
三,12/20/2017,233.37
二,12/19/2017,235.62
一,12/18/2017,240.93
五,12/15/2017,233.48
四,12/14/2017,231.82
三,12/13/2017,233.24
二,12/12/2017,232.73
一,12/11/2017,233.54
五,12/08/2017,234.59
四,12/07/2017,233.01
三,12/06/2017,231.15
二,12/05/2017,231.75
一,12/04/2017,229.66
五,12/01/2017,235.07
四,11/30/2017,238.58
三,11/29/2017,235.49
二,11/28/2017,244.03
一,11/27/2017,247.02
五,11/24/2017,249.42
三,11/22/2017,249.65
二,11/21/2017,244.3
一,11/20/2017,238.54
五,11/17/2017,239.27
四,11/16/2017,239.32
三,11/15/2017,234.21
二,11/14/2017,234.92
一,11/13/2017,237.37
五,11/10/2017,237.4
四,11/09/2017,240.06
三,11/08/2017,241.18
二,11/07/2017,243.47
一,11/06/2017,244.53
五,11/03/2017,241.54
四,11/02/2017,242.09
三,11/01/2017,245.43
二,10/31/2017,243.94
一,10/30/2017,236.42
五,10/27/2017,239.37
四,10/26/2017,260.62
三,10/25/2017,263.04
二,10/24/2017,264.0
一,10/23/2017,266.13
五,10/20/2017,264.9
四,10/19/2017,264.52
三,10/18/2017,268.97
二,10/17/2017,270.32
一,10/16/2017,272.82
五,10/13/2017,262.68
四,10/12/2017,259.33
三,10/11/2017,260.32
二,10/10/2017,262.41
一,10/09/2017,252.22
五,10/06/2017,247.69
四,10/05/2017,245.27
三,10/04/2017,243.97
二,10/03/2017,247.0
一,10/02/2017,248.67
五,09/29/2017,247.69
四,09/28/2017,241.28
三,09/27/2017,239.82
二,09/26/2017,236.19
一,09/25/2017,234.49
五,09/22/2017,240.57
四,09/21/2017,238.92
三,09/20/2017,237.96
二,09/19/2017,237.85
一,09/18/2017,239.07
五,09/15/2017,235.21
四,09/14/2017,237.33
三,09/13/2017,236.41
二,09/12/2017,237.6
一,09/11/2017,233.5
五,09/08/2017,229.23
四,09/07/2017,233.18
三,09/06/2017,226.97
二,09/05/2017,225.3
五,09/01/2017,232.64
四,08/31/2017,228.05
三,08/30/2017,223.88
二,08/29/2017,220.69
一,08/28/2017,219.99
五,08/25/2017,225.55
四,08/24/2017,224.86
三,08/23/2017,224.99
二,08/22/2017,226.11
一,08/21/2017,222.48
五,08/18/2017,220.69
四,08/17/2017,221.05
三,08/16/2017,226.14
二,08/15/2017,225.33
一,08/14/2017,223.69
五,08/11/2017,223.49
四,08/10/2017,222.57
三,08/09/2017,230.3
二,08/08/2017,229.45
一,08/07/2017,227.16
五,08/04/2017,226.05
四,08/03/2017,227.39
三,08/02/2017,221.96
二,08/01/2017,225.6
一,07/31/2017,226.35
五,07/28/2017,220.0
四,07/27/2017,201.0
三,07/26/2017,201.17
二,07/25/2017,197.05
一,07/24/2017,198.65
五,07/21/2017,193.18
四,07/20/2017,191.32
三,07/19/2017,190.91
二,07/18/2017,189.51
一,07/17/2017,188.23
五,07/14/2017,188.55
四,07/13/2017,186.92
三,07/12/2017,186.76
二,07/11/2017,184.41
一,07/10/2017,182.93
五,07/07/2017,181.4
四,07/06/2017,181.79
三,07/05/2017,183.83
一,07/03/2017,179.97
五,06/30/2017,178.86
四,06/29/2017,179.63
三,06/28/2017,178.0
二,06/27/2017,175.6
一,06/26/2017,178.46
五,06/23/2017,178.14
四,06/22/2017,179.33
三,06/21/2017,180.17
二,06/20/2017,177.85
一,06/19/2017,176.93
五,06/16/2017,173.88
四,06/15/2017,176.33
三,06/14/2017,178.2
二,06/13/2017,179.19
一,06/12/2017,180.06
五,06/09/2017,181.07
四,06/08/2017,185.75
三,06/07/2017,187.53
二,06/06/2017,185.75
一,06/05/2017,187.31
五,06/02/2017,187.6
四,06/01/2017,187.26
三,05/31/2017,186.1
二,05/30/2017,189.88
五,05/26/2017,190.39
四,05/25/2017,191.95
三,05/24/2017,190.63
二,05/23/2017,191.8
一,05/22/2017,191.69
五,05/19/2017,188.76
四,05/18/2017,182.43
三,05/17/2017,186.05
二,05/16/2017,190.64
一,05/15/2017,186.14
五,05/12/2017,186.83
四,05/11/2017,186.6
三,05/10/2017,183.57
二,05/09/2017,182.98
一,05/08/2017,177.47
五,05/05/2017,178.03
四,05/04/2017,176.71
三,05/03/2017,177.4
二,05/02/2017,178.64
一,05/01/2017,180.06
五,04/28/2017,180.23
四,04/27/2017,187.86
三,04/26/2017,186.67
二,04/25/2017,186.99
一,04/24/2017,180.03
五,04/21/2017,178.08
四,04/20/2017,178.64
三,04/19/2017,177.81
二,04/18/2017,174.47
一,04/17/2017,173.31
四,04/13/2017,172.61
三,04/12/2017,173.61
二,04/11/2017,173.01
一,04/10/2017,174.22
五,04/07/2017,172.44
四,04/06/2017,173.38
三,04/05/2017,172.92
二,04/04/2017,175.2
一,04/03/2017,175.0
五,03/31/2017,172.52
四,03/30/2017,172.36
三,03/29/2017,170.66
二,03/28/2017,169.79
一,03/27/2017,168.93
五,03/24/2017,168.26
四,03/23/2017,169.61
三,03/22/2017,169.56
二,03/21/2017,171.4
一,03/20/2017,176.13
五,03/17/2017,176.62
四,03/16/2017,176.57
三,03/15/2017,172.04
二,03/14/2017,172.84
一,03/13/2017,173.25
五,03/10/2017,172.74
四,03/09/2017,173.32
三,03/08/2017,173.87
二,03/07/2017,173.74
一,03/06/2017,173.3
五,03/03/2017,173.79
四,03/02/2017,174.48
三,03/01/2017,175.33
二,02/28/2017,174.13
一,02/27/2017,172.97
五,02/24/2017,175.17
四,02/23/2017,184.64
三,02/22/2017,186.01
二,02/21/2017,185.62
五,02/17/2017,185.17
四,02/16/2017,184.94
三,02/15/2017,183.58
二,02/14/2017,182.77
一,02/13/2017,184.31
五,02/10/2017,183.99
四,02/09/2017,181.5
三,02/08/2017,181.5
二,02/07/2017,178.17
一,02/06/2017,177.81
五,02/03/2017,175.17
四,02/02/2017,173.4
三,02/01/2017,173.82
二,01/31/2017,175.07
一,01/30/2017,174.72
五,01/27/2017,174.1
四,01/26/2017,174.95
三,01/25/2017,176.61
二,01/24/2017,176.05
一,01/23/2017,175.97
五,01/20/2017,173.44
四,01/19/2017,176.09
三,01/18/2017,176.54
二,01/17/2017,176.96
五,01/13/2017,176.48
四,01/12/2017,177.57
三,01/11/2017,179.32
二,01/10/2017,180.31
一,01/09/2017,177.16
五,01/06/2017,176.38
四,01/05/2017,177.47
三,01/04/2017,171.96
二,01/03/2017,168.3
五,12/30/2016,164.41
四,12/29/2016,166.5
三,12/28/2016,165.54
二,12/27/2016,164.77
五,12/23/2016,163.62
四,12/22/2016,162.89
三,12/21/2016,163.92
二,12/20/2016,165.28
一,12/19/2016,163.69
五,12/16/2016,164.93
四,12/15/2016,165.78
三,12/14/2016,169.83
二,12/13/2016,171.46
一,12/12/2016,168.48
五,12/09/2016,170.82
四,12/08/2016,167.75
三,12/07/2016,169.33
二,12/06/2016,165.17
一,12/05/2016,164.32
五,12/02/2016,161.67
四,12/01/2016,163.08
三,11/30/2016,166.95
二,11/29/2016,169.18
一,11/28/2016,167.0
五,11/25/2016,164.44
三,11/23/2016,163.63
二,11/22/2016,164.47
一,11/21/2016,165.69
五,11/18/2016,164.38
四,11/17/2016,166.21
三,11/16/2016,166.74
二,11/15/2016,164.44
一,11/14/2016,161.73
五,11/11/2016,162.95
四,11/10/2016,163.47
三,11/09/2016,168.66
二,11/08/2016,170.92
一,11/07/2016,171.56
五,11/04/2016,167.7
四,11/03/2016,168.57
三,11/02/2016,168.78
二,11/01/2016,173.49
一,10/31/2016,176.86
五,10/28/2016,179.59
四,10/27/2016,175.1
三,10/26/2016,172.82
二,10/25/2016,176.68
一,10/24/2016,180.86
五,10/21/2016,176.76
四,10/20/2016,175.17
三,10/19/2016,176.2
二,10/18/2016,175.65
一,10/17/2016,175.15
五,10/14/2016,175.51
四,10/13/2016,174.61
三,10/12/2016,175.41
二,10/11/2016,177.04
一,10/10/2016,181.49
五,10/07/2016,179.8
四,10/06/2016,181.52
三,10/05/2016,184.11
二,10/04/2016,184.08
一,10/03/2016,183.54
五,09/30/2016,182.07
四,09/29/2016,182.23
三,09/28/2016,187.74
二,09/27/2016,190.83
一,09/26/2016,188.86
五,09/23/2016,191.72
四,09/22/2016,195.45
三,09/21/2016,196.03
二,09/20/2016,186.37
一,09/19/2016,184.74
五,09/16/2016,185.01
四,09/15/2016,186.5
三,09/14/2016,182.18
二,09/13/2016,181.9
一,09/12/2016,184.13
五,09/09/2016,182.1
四,09/08/2016,187.5
三,09/07/2016,189.15
二,09/06/2016,189.06
五,09/02/2016,177.78
四,09/01/2016,176.55
三,08/31/2016,171.07
二,08/30/2016,175.45
一,08/29/2016,173.65
五,08/26/2016,173.47
四,08/25/2016,172.85
三,08/24/2016,171.49
二,08/23/2016,173.49
一,08/22/2016,173.85
五,08/19/2016,177.53
四,08/18/2016,175.4
三,08/17/2016,172.73
二,08/16/2016,173.3
一,08/15/2016,172.95
五,08/12/2016,167.98
四,08/11/2016,167.72
三,08/10/2016,165.63
二,08/09/2016,165.54
一,08/08/2016,166.45
五,08/05/2016,167.38
四,08/04/2016,162.56
三,08/03/2016,162.24
二,08/02/2016,160.75
一,08/01/2016,163.23
五,07/29/2016,159.6
四,07/28/2016,165.63
三,07/27/2016,165.5
二,07/26/2016,164.03
一,07/25/2016,160.25
五,07/22/2016,160.88
四,07/21/2016,161.4
三,07/20/2016,160.65
二,07/19/2016,161.19
一,07/18/2016,164.79
五,07/15/2016,162.74
四,07/14/2016,164.85
三,07/13/2016,164.16
二,07/12/2016,164.98
一,07/11/2016,167.03
五,07/08/2016,159.8
四,07/07/2016,163.42
三,07/06/2016,161.56
二,07/05/2016,161.87
五,07/01/2016,165.19
四,06/30/2016,165.15
三,06/29/2016,164.41
二,06/28/2016,160.41
一,06/27/2016,156.92
五,06/24/2016,159.12
四,06/23/2016,163.92
三,06/22/2016,162.22
二,06/21/2016,162.8
一,06/20/2016,166.53
五,06/17/2016,162.68
四,06/16/2016,165.52
三,06/15/2016,161.03
二,06/14/2016,160.84
一,06/13/2016,163.55
五,06/10/2016,164.28
四,06/09/2016,168.99
三,06/08/2016,168.71
二,06/07/2016,170.86
一,06/06/2016,174.62
五,06/03/2016,173.74
四,06/02/2016,175.64
三,06/01/2016,176.53
二,05/31/2016,178.54
五,05/27/2016,185.01
四,05/26/2016,177.67
三,05/25/2016,176.71
二,05/24/2016,175.91
一,05/23/2016,169.77
五,05/20/2016,170.05
四,05/19/2016,168.51
三,05/18/2016,169.45
二,05/17/2016,171.04
一,05/16/2016,167.96
五,05/13/2016,159.75
四,05/12/2016,161.28
三,05/11/2016,163.05
二,05/10/2016,166.21
一,05/09/2016,169.49
五,05/06/2016,173.94
四,05/05/2016,175.22
三,05/04/2016,177.28
二,05/03/2016,174.36
一,05/02/2016,178.91
五,04/29/2016,194.3
四,04/28/2016,186.02
三,04/27/2016,187.95
二,04/26/2016,188.25
一,04/25/2016,188.04
五,04/22/2016,190.76
四,04/21/2016,192.74
三,04/20/2016,193.67
二,04/19/2016,194.52
一,04/18/2016,192.94
五,04/15/2016,193.22
四,04/14/2016,195.72
三,04/13/2016,193.98
二,04/12/2016,187.4
一,04/11/2016,185.07
五,04/08/2016,183.98
四,04/07/2016,182.53
三,04/06/2016,186.82
二,04/05/2016,183.8
一,04/04/2016,188.97
五,04/01/2016,190.33
四,03/31/2016,190.88
三,03/30/2016,189.89
二,03/29/2016,189.84
一,03/28/2016,185.17
四,03/24/2016,184.86
三,03/23/2016,183.84
二,03/22/2016,188.4
一,03/21/2016,187.12
五,03/18/2016,187.92
四,03/17/2016,183.44
三,03/16/2016,183.05
二,03/15/2016,180.22
一,03/14/2016,182.02
五,03/11/2016,182.98
四,03/10/2016,176.08
三,03/09/2016,176.5
二,03/08/2016,172.81
一,03/07/2016,177.2
五,03/04/2016,178.55
四,03/03/2016,177.3
三,03/02/2016,176.94
二,03/01/2016,180.2
一,02/29/2016,173.42
五,02/26/2016,173.8
四,02/25/2016,158.22
三,02/24/2016,162.75
二,02/23/2016,161.02
一,02/22/2016,168.67
五,02/19/2016,164.47
四,02/18/2016,160.7
三,02/17/2016,163.53
二,02/16/2016,157.52
五,02/12/2016,152.73
四,02/11/2016,141.21
三,02/10/2016,143.78
二,02/09/2016,140.68
一,02/08/2016,145.05
五,02/05/2016,145.34
四,02/04/2016,152.59
三,02/03/2016,153.08
二,02/02/2016,154.82
一,02/01/2016,161.1
五,01/29/2016,163.27
四,01/28/2016,156.94
三,01/27/2016,158.27
二,01/26/2016,167.08
一,01/25/2016,167.54
五,01/22/2016,171.17
四,01/21/2016,169.56
三,01/20/2016,164.99
二,01/19/2016,166.03
五,01/15/2016,163.92
四,01/14/2016,172.23
三,01/13/2016,166.04
二,01/12/2016,172.91
一,01/11/2016,170.37
五,01/08/2016,171.34
四,01/07/2016,174.37
三,01/06/2016,185.61
二,01/05/2016,187.37
一,01/04/2016,184.03
四,12/31/2015,189.04
三,12/30/2015,192.13
二,12/29/2015,194.68
一,12/28/2015,192.8
四,12/24/2015,193.93
三,12/23/2015,196.53
二,12/22/2015,197.03
一,12/21/2015,197.44
五,12/18/2015,191.92
四,12/17/2015,196.94
三,12/16/2015,199.34
二,12/15/2015,199.13
一,12/14/2015,193.89
五,12/11/2015,193.68
四,12/10/2015,200.01
三,12/09/2015,200.46
二,12/08/2015,205.02
一,12/07/2015,208.54
五,12/04/2015,208.3
四,12/03/2015,207.48
三,12/02/2015,211.36
二,12/01/2015,214.11
一,11/30/2015,217.97
五,11/27/2015,205.58
三,11/25/2015,201.8
二,11/24/2015,205.33
一,11/23/2015,207.46
五,11/20/2015,206.69
四,11/19/2015,207.8
三,11/18/2015,204.73
二,11/17/2015,196.83
一,11/16/2015,198.72
五,11/13/2015,193.95
四,11/12/2015,198.14
三,11/11/2015,199.49
二,11/10/2015,196.99
一,11/09/2015,194.01
五,11/06/2015,200.3
四,11/05/2015,198.91
三,11/04/2015,197.92
二,11/03/2015,192.5
一,11/02/2015,195.19
五,10/30/2015,187.47
四,10/29/2015,168.99
三,10/28/2015,172.54
二,10/27/2015,173.86
一,10/26/2015,166.24
五,10/23/2015,157.6
四,10/22/2015,153.5
三,10/21/2015,149.63
二,10/20/2015,153.21
一,10/19/2015,154.68
五,10/16/2015,151.0
四,10/15/2015,150.24
三,10/14/2015,145.02
二,10/13/2015,146.5
一,10/12/2015,144.07
五,10/09/2015,144.22
四,10/08/2015,141.26
三,10/07/2015,144.77
二,10/06/2015,149.8
一,10/05/2015,149.62
五,10/02/2015,148.51
四,10/01/2015,137.53
三,09/30/2015,137.41
二,09/29/2015,136.68
一,09/28/2015,133.06
五,09/25/2015,134.34
四,09/24/2015,132.59
三,09/23/2015,132.37
二,09/22/2015,136.12
一,09/21/2015,140.84
五,09/18/2015,142.57
四,09/17/2015,147.06
三,09/16/2015,150.35
二,09/15/2015,141.4
一,09/14/2015,141.27
五,09/11/2015,144.03
四,09/10/2015,146.75
三,09/09/2015,150.11
二,09/08/2015,148.18
五,09/04/2015,146.0
四,09/03/2015,149.08
三,09/02/2015,148.15
二,09/01/2015,143.57
一,08/31/2015,147.25
五,08/28/2015,152.13
四,08/27/2015,152.06
三,08/26/2015,142.4
二,08/25/2015,136.99
一,08/24/2015,141.08
五,08/21/2015,152.91
四,08/20/2015,157.4
三,08/19/2015,162.89
二,08/18/2015,166.11
一,08/17/2015,167.43
五,08/14/2015,164.24
四,08/13/2015,160.89
三,08/12/2015,160.82
二,08/11/2015,167.94
一,08/10/2015,176.85
五,08/07/2015,176.08
四,08/06/2015,174.46
三,08/05/2015,172.74
二,08/04/2015,170.32
一,08/03/2015,169.14
五,07/31/2015,172.66
四,07/30/2015,174.47
三,07/29/2015,170.01
二,07/28/2015,168.03
一,07/27/2015,197.68
五,07/24/2015,206.25
四,07/23/2015,207.63
三,07/22/2015,205.74
二,07/21/2015,202.4
一,07/20/2015,199.61
五,07/17/2015,198.44
四,07/16/2015,190.1
三,07/15/2015,186.58
二,07/14/2015,191.28
一,07/13/2015,193.27
五,07/10/2015,187.75
四,07/09/2015,187.57
三,07/08/2015,184.58
二,07/07/2015,187.54
一,07/06/2015,189.03
四,07/02/2015,197.03
三,07/01/2015,198.71
二,06/30/2015,199.08
一,06/29/2015,200.5
五,06/26/2015,203.36
四,06/25/2015,207.55
三,06/24/2015,210.32
二,06/23/2015,211.98
一,06/22/2015,209.64
五,06/19/2015,210.87
四,06/18/2015,210.7
三,06/17/2015,209.51
二,06/16/2015,205.0
一,06/15/2015,205.73
五,06/12/2015,207.6
四,06/11/2015,206.77
三,06/10/2015,204.63
二,06/09/2015,202.56
一,06/08/2015,203.15
五,06/05/2015,205.89
四,06/04/2015,204.325
三,06/03/2015,203.88
二,06/02/2015,203.36
一,06/01/2015,201.56
五,05/29/2015,197.4
四,05/28/2015,200.27
三,05/27/2015,201.45
二,05/26/2015,200.19
五,05/22/2015,203.8
四,05/21/2015,200.13
三,05/20/2015,195.51
二,05/19/2015,193.14
一,05/18/2015,191.32
五,05/15/2015,192.98
四,05/14/2015,190.27
三,05/13/2015,189.18
二,05/12/2015,189.97
一,05/11/2015,190.835
五,05/08/2015,193.54
四,05/07/2015,193.63
三,05/06/2015,190.05
二,05/05/2015,194.74
一,05/04/2015,203.7
五,05/01/2015,202.47
四,04/30/2015,200.28
三,04/29/2015,219.0
二,04/28/2015,219.19
一,04/27/2015,220.46
五,04/24/2015,216.9
四,04/23/2015,212.28
三,04/22/2015,213.37
二,04/21/2015,212.845
一,04/20/2015,211.86
五,04/17/2015,207.87
四,04/16/2015,206.9
三,04/15/2015,210.77
二,04/14/2015,213.91
一,04/13/2015,215.4
五,04/10/2015,214.79
四,04/09/2015,218.475
三,04/08/2015,212.84
二,04/07/2015,203.865
一,04/06/2015,203.6
四,04/02/2015,208.51
三,04/01/2015,211.07
二,03/31/2015,208.4
一,03/30/2015,210.54
五,03/27/2015,207.33
四,03/26/2015,205.44
三,03/25/2015,207.74
二,03/24/2015,213.6
一,03/23/2015,216.78
五,03/20/2015,212.69
四,03/19/2015,214.57
三,03/18/2015,210.95
二,03/17/2015,203.265
一,03/16/2015,205.3
五,03/13/2015,204.445
四,03/12/2015,203.39
三,03/11/2015,204.38
二,03/10/2015,210.39
一,03/09/2015,211.615
五,03/06/2015,213.31
四,03/05/2015,214.23
三,03/04/2015,207.69
二,03/03/2015,206.34
一,03/02/2015,205.04
五,02/27/2015,203.75
四,02/26/2015,205.88
三,02/25/2015,203.53
二,02/24/2015,208.06
一,02/23/2015,206.43
五,02/20/2015,209.63
四,02/19/2015,207.24
三,02/18/2015,207.15
二,02/17/2015,208.81
五,02/13/2015,212.13
四,02/12/2015,205.02
三,02/11/2015,214.67
二,02/10/2015,219.44
一,02/09/2015,215.03
五,02/06/2015,211.78
四,02/05/2015,216.8
三,02/04/2015,217.24
二,02/03/2015,217.16
一,02/02/2015,217.595
五,01/30/2015,217.92
四,01/29/2015,220.39
三,01/28/2015,220.31
二,01/27/2015,227.53
一,01/26/2015,229.455
五,01/23/2015,233.325
四,01/22/2015,229.88
三,01/21/2015,228.28
二,01/20/2015,220.36
五,01/16/2015,220.195
四,01/15/2015,215.97
三,01/14/2015,216.82
二,01/13/2015,219.6
一,01/12/2015,220.89
五,01/09/2015,226.9
四,01/08/2015,229.21
三,01/07/2015,224.35
二,01/06/2015,220.18
一,01/05/2015,219.785
五,01/02/2015,223.08
三,12/31/2014,227.97
二,12/30/2014,230.01
一,12/29/2014,230.21
五,12/26/2014,234.88
三,12/24/2014,230.98
二,12/23/2014,233.16
一,12/22/2014,234.6
五,12/19/2014,234.23
四,12/18/2014,231.88
三,12/17/2014,223.85
二,12/16/2014,219.96
一,12/15/2014,225.81
五,12/12/2014,229.32
四,12/11/2014,229.23
三,12/10/2014,225.12
二,12/09/2014,229.9
一,12/08/2014,227.67
五,12/05/2014,232.72
四,12/04/2014,230.81
三,12/03/2014,231.29
二,12/02/2014,234.74
一,12/01/2014,236.61
五,11/28/2014,245.11
三,11/26/2014,246.03
二,11/25/2014,244.34
一,11/24/2014,243.91
五,11/21/2014,245.3
四,11/20/2014,238.39
三,11/19/2014,240.42
二,11/18/2014,242.75
一,11/17/2014,244.15
五,11/14/2014,249.7
四,11/13/2014,244.09
三,11/12/2014,249.82
二,11/11/2014,250.34
一,11/10/2014,247.58
五,11/07/2014,236.54
四,11/06/2014,236.9
三,11/05/2014,237.7
二,11/04/2014,241.96
一,11/03/2014,236.54
五,10/31/2014,238.77
四,10/30/2014,237.01
三,10/29/2014,224.55
二,10/28/2014,228.96
一,10/27/2014,219.92
五,10/24/2014,222.55
四,10/23/2014,217.03
三,10/22/2014,219.26
二,10/21/2014,222.35
一,10/20/2014,216.62
五,10/17/2014,211.73
四,10/16/2014,211.22
三,10/15/2014,205.73
二,10/14/2014,199.07
一,10/13/2014,199.68
五,10/10/2014,203.35
四,10/09/2014,213.0
三,10/08/2014,217.54
二,10/07/2014,215.63
一,10/06/2014,217.2
五,10/03/2014,216.45
四,10/02/2014,214.8
三,10/01/2014,212.03
二,09/30/2014,218.23
一,09/29/2014,220.47
五,09/26/2014,219.02
四,09/25/2014,217.55
三,09/24/2014,221.97
二,09/23/2014,214.79
一,09/22/2014,214.86
五,09/19/2014,224.93
四,09/18/2014,228.45
三,09/17/2014,219.08
二,09/16/2014,215.57
一,09/15/2014,210.73
五,09/12/2014,217.96
四,09/11/2014,220.02
三,09/10/2014,220.68
二,09/09/2014,221.23
一,09/08/2014,225.46
五,09/05/2014,226.7
四,09/04/2014,224.2
三,09/03/2014,227.45
二,09/02/2014,224.8
五,08/29/2014,214.52
四,08/28/2014,213.81
三,08/27/2014,215.46
二,08/26/2014,216.08
一,08/25/2014,216.8
五,08/22/2014,214.19
四,08/21/2014,216.84
三,08/20/2014,219.02
二,08/19/2014,218.21
一,08/18/2014,219.24
五,08/15/2014,218.85
四,08/14/2014,219.58
三,08/13/2014,218.59
二,08/12/2014,216.16
一,08/11/2014,217.98
五,08/08/2014,215.09
四,08/07/2014,213.51
三,08/06/2014,215.14
二,08/05/2014,215.57
一,08/04/2014,218.9
五,08/01/2014,212.38
四,07/31/2014,216.05
三,07/30/2014,219.13
二,07/29/2014,220.0
一,07/28/2014,225.8
五,07/25/2014,226.5
四,07/24/2014,204.27
三,07/23/2014,200.12
二,07/22/2014,198.43
一,07/21/2014,197.72
五,07/18/2014,191.17
四,07/17/2014,186.91
三,07/16/2014,189.42
二,07/15/2014,189.87
一,07/14/2014,188.52
五,07/11/2014,186.1
四,07/10/2014,183.32
三,07/09/2014,184.94
二,07/08/2014,182.3
一,07/07/2014,188.0
四,07/03/2014,191.2
三,07/02/2014,189.96
二,07/01/2014,191.28
一,06/30/2014,186.81
五,06/27/2014,184.96
四,06/26/2014,183.71
三,06/25/2014,184.46
二,06/24/2014,181.19
一,06/23/2014,177.54
五,06/20/2014,174.4999
四,06/19/2014,174.39
三,06/18/2014,176.68
二,06/17/2014,178.22
一,06/16/2014,176.88
五,06/13/2014,178.05
四,06/12/2014,175.98
三,06/11/2014,176.51
二,06/10/2014,176.14
一,06/09/2014,171.59
五,06/06/2014,172.34
四,06/05/2014,166.42
三,06/04/2014,163.38
二,06/03/2014,163.671
一,06/02/2014,167.25
五,05/30/2014,165.8101
四,05/29/2014,167.5
三,05/28/2014,166.17
二,05/27/2014,169.32
五,05/23/2014,167.63
四,05/22/2014,163.53
三,05/21/2014,163.97
二,05/20/2014,158.42
一,05/19/2014,157.65
五,05/16/2014,154.77
四,05/15/2014,155.39
三,05/14/2014,156.02
二,05/13/2014,156.11
一,05/12/2014,159.88
五,05/09/2014,152.85
四,05/08/2014,150.38
三,05/07/2014,151.27
二,05/06/2014,157.83
一,05/05/2014,159.73
五,05/02/2014,159.91
四,05/01/2014,158.69
三,04/30/2014,153.85
二,04/29/2014,155.15
一,04/28/2014,150.93
五,04/25/2014,162.91
四,04/24/2014,159.74
三,04/23/2014,159.34
二,04/22/2014,163.01
一,04/21/2014,160.11
四,04/17/2014,155.8
三,04/16/2014,157.23
二,04/15/2014,155.47
一,04/14/2014,153.755
五,04/11/2014,149.74
四,04/10/2014,150.97
三,04/09/2014,157.68
二,04/08/2014,150.96
一,04/07/2014,143.51
五,04/04/2014,149.35
四,04/03/2014,157.45
三,04/02/2014,160.47
二,04/01/2014,159.18
一,03/31/2014,152.27
五,03/28/2014,150.6599
四,03/27/2014,151.0
三,03/26/2014,152.12
二,03/25/2014,156.05
一,03/24/2014,157.38
五,03/21/2014,158.31
四,03/20/2014,157.48
三,03/19/2014,160.58
二,03/18/2014,164.09
一,03/17/2014,161.66
五,03/14/2014,160.59
四,03/13/2014,166.09
三,03/12/2014,174.18
二,03/11/2014,173.5
一,03/10/2014,179.56
五,03/07/2014,182.04
四,03/06/2014,184.64
三,03/05/2014,174.57
二,03/04/2014,172.42
一,03/03/2014,169.75
五,02/28/2014,170.93
四,02/27/2014,178.92
三,02/26/2014,172.9
二,02/25/2014,170.15
一,02/24/2014,172.53
五,02/21/2014,172.66
四,02/20/2014,173.9
三,02/19/2014,173.59
二,02/18/2014,173.79
五,02/14/2014,167.48
四,02/13/2014,170.04
三,02/12/2014,167.05
二,02/11/2014,166.29
一,02/10/2014,164.24
五,02/07/2014,161.14
四,02/06/2014,155.05
三,02/05/2014,152.1
二,02/04/2014,155.82
一,02/03/2014,150.52
五,01/31/2014,156.5
四,01/30/2014,160.81
三,01/29/2014,158.1
二,01/28/2014,164.24
一,01/27/2014,158.68
五,01/24/2014,161.37
四,01/23/2014,163.58
三,01/22/2014,174.43
二,01/21/2014,172.7
五,01/17/2014,170.14
四,01/16/2014,173.0
三,01/15/2014,170.5
二,01/14/2014,172.87
一,01/13/2014,171.0
五,01/10/2014,179.66
四,01/09/2014,175.52
三,01/08/2014,181.79
二,01/07/2014,178.82
一,01/06/2014,176.63
五,01/03/2014,175.28
四,01/02/2014,179.99
二,12/31/2013,177.88
一,12/30/2013,173.99
五,12/27/2013,173.77
四,12/26/2013,167.28
二,12/24/2013,168.578
一,12/23/2013,172.3
五,12/20/2013,173.36
四,12/19/2013,170.39
三,12/18/2013,171.49
二,12/17/2013,168.33
一,12/16/2013,169.01
五,12/13/2013,171.24
四,12/12/2013,171.5
三,12/11/2013,173.24
二,12/10/2013,179.93
一,12/09/2013,171.899
五,12/06/2013,168.71
四,12/05/2013,167.36
三,12/04/2013,168.26
二,12/03/2013,167.05
一,12/02/2013,168.66
五,11/29/2013,166.57
三,11/27/2013,162.99
二,11/26/2013,163.03
一,11/25/2013,156.66
五,11/22/2013,158.09
四,11/21/2013,158.404
三,11/20/2013,158.76
二,11/19/2013,163.12
一,11/18/2013,162.87
五,11/15/2013,162.33
四,11/14/2013,158.99
三,11/13/2013,152.98
二,11/12/2013,150.43
一,11/11/2013,151.6
五,11/08/2013,151.09
四,11/07/2013,147.35
三,11/06/2013,150.09
二,11/05/2013,153.462
一,11/04/2013,156.02
五,11/01/2013,160.06
四,10/31/2013,160.799
三,10/30/2013,164.934
二,10/29/2013,159.41
一,10/28/2013,154.12
五,10/25/2013,159.36
四,10/24/2013,161.34
三,10/23/2013,155.07
二,10/22/2013,158.57
一,10/21/2013,161.21
五,10/18/2013,165.91
四,10/17/2013,153.83
三,10/16/2013,150.2
二,10/15/2013,151.5
一,10/14/2013,152.96
五,10/11/2013,154.9
四,10/10/2013,153.16
三,10/09/2013,146.54
二,10/08/2013,148.75
一,10/07/2013,157.54
五,10/04/2013,159.0
四,10/03/2013,157.08
三,10/02/2013,159.94
二,10/01/2013,158.64
一,09/30/2013,155.18
五,09/27/2013,153.84
四,09/26/2013,154.28
三,09/25/2013,150.68
二,09/24/2013,150.13
一,09/23/2013,149.26
五,09/20/2013,146.25
四,09/19/2013,147.7
三,09/18/2013,145.7
二,09/17/2013,143.805
一,09/16/2013,142.59
五,09/13/2013,142.64
四,09/12/2013,144.5
三,09/11/2013,147.31
二,09/10/2013,140.6
一,09/09/2013,136.58
五,09/06/2013,135.67
四,09/05/2013,132.99
三,09/04/2013,134.49
二,09/03/2013,136.17
五,08/30/2013,135.53
四,08/29/2013,139.76
三,08/28/2013,138.98
二,08/27/2013,135.122
一,08/26/2013,139.02
五,08/23/2013,138.64
四,08/22/2013,139.54
三,08/21/2013,135.99
二,08/20/2013,134.96
一,08/19/2013,135.01
五,08/16/2013,134.64
四,08/15/2013,134.92
三,08/14/2013,138.51
二,08/13/2013,141.53
一,08/12/2013,136.73
五,08/09/2013,138.19
四,08/08/2013,135.74
三,08/07/2013,135.33
二,08/06/2013,134.56
一,08/05/2013,133.89
五,08/02/2013,139.699
四,08/01/2013,134.93
三,07/31/2013,132.31
二,07/30/2013,131.69
一,07/29/2013,129.33
五,07/26/2013,127.56
四,07/25/2013,125.85
三,07/24/2013,113.37
二,07/23/2013,109.84
一,07/22/2013,110.01
五,07/19/2013,111.08
四,07/18/2013,111.2
三,07/17/2013,108.53
二,07/16/2013,105.69
一,07/15/2013,101.59
五,07/12/2013,96.85
四,07/11/2013,97.08
三,07/10/2013,93.43
二,07/09/2013,92.69
一,07/08/2013,90.5
五,07/05/2013,91.52
三,07/03/2013,89.22
二,07/02/2013,90.31
一,07/01/2013,92.5
五,06/28/2013,94.602
四,06/27/2013,94.19
三,06/26/2013,93.72
二,06/25/2013,91.09
一,06/24/2013,89.89
五,06/21/2013,93.412
四,06/20/2013,93.23
三,06/19/2013,94.55
二,06/18/2013,96.3
一,06/17/2013,96.76
五,06/14/2013,98.0
四,06/13/2013,99.66
三,06/12/2013,97.51
二,06/11/2013,99.43
一,06/10/2013,102.99
五,06/07/2013,102.67
四,06/06/2013,98.89
三,06/05/2013,94.95
二,06/04/2013,96.06
一,06/03/2013,96.35
五,05/31/2013,96.64
四,05/30/2013,97.77
三,05/29/2013,96.55
二,05/28/2013,97.28
五,05/24/2013,96.45
四,05/23/2013,93.89
三,05/22/2013,95.14
二,05/21/2013,99.03
一,05/20/2013,100.49
五,05/17/2013,94.72
四,05/16/2013,92.69
三,05/15/2013,93.55
二,05/14/2013,92.84
一,05/13/2013,93.14
五,05/10/2013,95.45
四,05/09/2013,94.25
三,05/08/2013,92.91
二,05/07/2013,89.3
一,05/06/2013,87.65
五,05/03/2013,84.51
四,05/02/2013,85.0
三,05/01/2013,84.86
二,04/30/2013,85.85
一,04/29/2013,85.49
五,04/26/2013,85.02
四,04/25/2013,92.34
三,04/24/2013,88.09
二,04/23/2013,87.85
一,04/22/2013,85.66
五,04/19/2013,86.43
四,04/18/2013,86.47
三,04/17/2013,88.61
二,04/16/2013,90.29
一,04/15/2013,88.57
五,04/12/2013,90.62
四,04/11/2013,88.76
三,04/10/2013,90.07
二,04/09/2013,84.87
一,04/08/2013,84.07
五,04/05/2013,83.59
四,04/04/2013,85.16
三,04/03/2013,85.964
二,04/02/2013,88.12
一,04/01/2013,87.05
四,03/28/2013,87.7
三,03/27/2013,88.13
二,03/26/2013,86.07
一,03/25/2013,85.33
五,03/22/2013,86.49
四,03/21/2013,85.92
三,03/20/2013,86.1
二,03/19/2013,84.24
一,03/18/2013,85.17
五,03/15/2013,85.08
四,03/14/2013,86.33
三,03/13/2013,87.65
二,03/12/2013,87.75
一,03/11/2013,89.43
五,03/08/2013,89.22
四,03/07/2013,90.42
三,03/06/2013,89.93
二,03/05/2013,91.37
一,03/04/2013,90.26
五,03/01/2013,92.56
四,02/28/2013,90.76
三,02/27/2013,89.35
二,02/26/2013,89.73
一,02/25/2013,88.01
五,02/22/2013,89.18
四,02/21/2013,88.77
三,02/20/2013,88.45
二,02/19/2013,92.18
五,02/15/2013,94.32
四,02/14/2013,95.18
三,02/13/2013,95.91
二,02/12/2013,95.53
一,02/11/2013,96.37
五,02/08/2013,96.86
四,02/07/2013,96.27
三,02/06/2013,98.37
二,02/05/2013,96.37
一,02/04/2013,107.2
五,02/01/2013,108.61
四,01/31/2013,108.3
三,01/30/2013,108.98
二,01/29/2013,109.45
一,01/28/2013,111.39
五,01/25/2013,108.01
四,01/24/2013,107.92
三,01/23/2013,108.3
二,01/22/2013,108.91
五,01/18/2013,109.84
四,01/17/2013,108.43
三,01/16/2013,109.93
二,01/15/2013,111.66
一,01/14/2013,112.64
五,01/11/2013,112.97
四,01/10/2013,110.565
三,01/09/2013,104.34
二,01/08/2013,101.09
一,01/07/2013,102.2881
五,01/04/2013,104.6462
四,01/03/2013,104.98
三,01/02/2013,104.12
一,12/31/2012,100.29
五,12/28/2012,99.0
四,12/27/2012,99.43
三,12/26/2012,101.4454
一,12/24/2012,96.77
五,12/21/2012,98.7
四,12/20/2012,99.84
三,12/19/2012,100.5812
二,12/18/2012,98.55
一,12/17/2012,96.26
五,12/14/2012,97.3977
四,12/13/2012,95.25
三,12/12/2012,96.09
二,12/11/2012,94.1
一,12/10/2012,91.75
五,12/07/2012,89.36
四,12/06/2012,89.022
三,12/05/2012,88.1159
二,12/04/2012,90.2419
一,12/03/2012,95.9029
五,11/30/2012,96.31
四,11/29/2012,99.0
三,11/28/2012,95.81
二,11/27/2012,94.52
一,11/26/2012,95.45
五,11/23/2012,96.22
三,11/21/2012,93.24
二,11/20/2012,94.05
一,11/19/2012,92.42
五,11/16/2012,92.68
四,11/15/2012,93.8289
三,11/14/2012,93.5677
二,11/13/2012,98.6009
一,11/12/2012,104.6
五,11/09/2012,103.73
四,11/08/2012,103.701
三,11/07/2012,104.51
二,11/06/2012,105.9439
一,11/05/2012,103.8
五,11/02/2012,105.0905
四,11/01/2012,106.7
三,10/31/2012,106.73
五,10/26/2012,113.84
四,10/25/2012,114.01
三,10/24/2012,113.99
二,10/23/2012,114.99
一,10/22/2012,113.71
五,10/19/2012,112.38
四,10/18/2012,113.18
三,10/17/2012,114.8496
二,10/16/2012,113.41
一,10/15/2012,113.82
五,10/12/2012,111.22
四,10/11/2012,109.04
三,10/10/2012,108.13
二,10/09/2012,106.488
一,10/08/2012,114.29
五,10/05/2012,114.2
四,10/04/2012,113.2
三,10/03/2012,112.07
二,10/02/2012,112.34
一,10/01/2012,112.77
五,09/28/2012,116.89
四,09/27/2012,114.595
三,09/26/2012,112.19
二,09/25/2012,112.515
一,09/24/2012,113.18
五,09/21/2012,111.115
四,09/20/2012,111.273
三,09/19/2012,114.136
二,09/18/2012,111.99
一,09/17/2012,113.31
五,09/14/2012,115.62
四,09/13/2012,109.8299
三,09/12/2012,107.09
二,09/11/2012,109.81
一,09/10/2012,109.162
五,09/07/2012,109.59
四,09/06/2012,112.74
三,09/05/2012,111.94
二,09/04/2012,114.51
五,08/31/2012,111.44
四,08/30/2012,112.01
三,08/29/2012,113.099
二,08/28/2012,120.62
一,08/27/2012,116.9
五,08/24/2012,115.72
四,08/23/2012,115.09
三,08/22/2012,122.8
二,08/21/2012,123.4
一,08/20/2012,130.91
五,08/17/2012,133.98
四,08/16/2012,133.66
三,08/15/2012,130.1
二,08/14/2012,130.46
一,08/13/2012,130.79
五,08/10/2012,131.06
四,08/09/2012,130.94
三,08/08/2012,131.27
二,08/07/2012,130.32
一,08/06/2012,128.94
五,08/03/2012,124.84
四,08/02/2012,122.03
三,08/01/2012,123.24
二,07/31/2012,120.52
一,07/30/2012,121.29
五,07/27/2012,123.7
四,07/26/2012,118.62
三,07/25/2012,114.41
二,07/24/2012,114.95
一,07/23/2012,107.1
五,07/20/2012,110.23
四,07/19/2012,110.735
三,07/18/2012,107.453
二,07/17/2012,104.98
一,07/16/2012,107.35
五,07/13/2012,109.711
四,07/12/2012,108.21
三,07/11/2012,108.92
二,07/10/2012,109.3
一,07/09/2012,113.17
五,07/06/2012,115.91
四,07/05/2012,117.21
二,07/03/2012,114.72
一,07/02/2012,112.69
五,06/29/2012,114.98
四,06/28/2012,108.62
三,06/27/2012,111.4
二,06/26/2012,110.59
一,06/25/2012,111.02
五,06/22/2012,114.61
四,06/21/2012,113.08
三,06/20/2012,117.38
二,06/19/2012,121.72
一,06/18/2012,121.37
五,06/15/2012,119.38
四,06/14/2012,117.64
三,06/13/2012,116.72
二,06/12/2012,117.94
一,06/11/2012,120.8
五,06/08/2012,121.31
四,06/07/2012,122.46
三,06/06/2012,119.12
二,06/05/2012,117.28
一,06/04/2012,115.68
五,06/01/2012,113.35
四,05/31/2012,117.77
三,05/30/2012,118.16
二,05/29/2012,121.59
五,05/25/2012,117.59
四,05/24/2012,118.26
三,05/23/2012,122.29
二,05/22/2012,119.34
一,05/21/2012,121.75
五,05/18/2012,115.37
四,05/17/2012,117.4
三,05/16/2012,122.26
二,05/15/2012,123.87
一,05/14/2012,121.83
五,05/11/2012,122.23
四,05/10/2012,123.66
三,05/09/2012,123.7
二,05/08/2012,127.31
一,05/07/2012,127.973
五,05/04/2012,130.02
四,05/03/2012,133.11
三,05/02/2012,134.1
二,05/01/2012,133.48
一,04/30/2012,132.7
五,04/27/2012,134.44
四,04/26/2012,133.21
三,04/25/2012,134.82
二,04/24/2012,135.83
一,04/23/2012,139.66
五,04/20/2012,144.91
四,04/19/2012,144.74
三,04/18/2012,147.92
二,04/17/2012,147.49
一,04/16/2012,147.66
五,04/13/2012,151.38
四,04/12/2012,151.32
三,04/11/2012,146.16
二,04/10/2012,144.42
一,04/09/2012,148.8
四,04/05/2012,148.25
三,04/04/2012,144.69
二,04/03/2012,147.06
一,04/02/2012,146.7
五,03/30/2012,145.77
四,03/29/2012,146.41
三,03/28/2012,148.09
二,03/27/2012,150.02
一,03/26/2012,150.8
五,03/23/2012,144.325
四,03/22/2012,143.72
三,03/21/2012,140.61
二,03/20/2012,137.35
一,03/19/2012,137.94
五,03/16/2012,136.09
四,03/15/2012,136.34
三,03/14/2012,136.51
二,03/13/2012,140.18
一,03/12/2012,137.8
五,03/09/2012,138.53
四,03/08/2012,137.19
三,03/07/2012,134.94
二,03/06/2012,133.27
一,03/05/2012,136.66
五,03/02/2012,141.43
四,03/01/2012,138.87
三,02/29/2012,136.7
二,02/28/2012,138.29
一,02/27/2012,134.54
五,02/24/2012,134.89
四,02/23/2012,132.85
三,02/22/2012,133.71
二,02/21/2012,130.64
五,02/17/2012,136.9
四,02/16/2012,141.83
三,02/15/2012,138.32
二,02/14/2012,140.864
一,02/13/2012,140.0
五,02/10/2012,136.59
四,02/09/2012,135.445
三,02/08/2012,130.89
二,02/07/2012,129.49
一,02/06/2012,131.37
五,02/03/2012,134.53
四,02/02/2012,130.79
三,02/01/2012,127.73
二,01/31/2012,127.52
一,01/30/2012,130.73
五,01/27/2012,131.36
四,01/26/2012,123.9
三,01/25/2012,125.03
二,01/24/2012,121.75
一,01/23/2012,123.93
五,01/20/2012,122.8
四,01/19/2012,123.62
三,01/18/2012,126.07
二,01/17/2012,128.85
五,01/13/2012,127.41
四,01/12/2012,128.3
三,01/11/2012,128.19
二,01/10/2012,126.88
一,01/09/2012,120.115
五,01/06/2012,121.09
四,01/05/2012,123.27
三,01/04/2012,121.99
二,01/03/2012,124.29
五,12/30/2011,116.47
四,12/29/2011,114.72
三,12/28/2011,116.5
二,12/27/2011,116.25
五,12/23/2011,117.81
四,12/22/2011,115.56
三,12/21/2011,112.97
二,12/20/2011,118.4
一,12/19/2011,111.45
五,12/16/2011,114.52
四,12/15/2011,114.34
三,12/14/2011,117.97
二,12/13/2011,122.22
一,12/12/2011,127.65
五,12/09/2011,130.52
四,12/08/2011,126.63
三,12/07/2011,129.33
二,12/06/2011,131.25
一,12/05/2011,134.63
五,12/02/2011,134.09
四,12/01/2011,134.83
三,11/30/2011,130.99
二,11/29/2011,124.92
一,11/28/2011,126.81
五,11/25/2011,119.912
三,11/23/2011,119.55
二,11/22/2011,124.28
一,11/21/2011,124.17
五,11/18/2011,126.93
四,11/17/2011,131.1
三,11/16/2011,138.1
二,11/15/2011,140.74
一,11/14/2011,138.88
五,11/11/2011,137.76
四,11/10/2011,135.68
三,11/09/2011,136.17
二,11/08/2011,141.94
一,11/07/2011,140.78
五,11/04/2011,143.18
四,11/03/2011,143.5
三,11/02/2011,140.55
二,11/01/2011,135.05
一,10/31/2011,140.18
五,10/28/2011,144.62
四,10/27/2011,138.39
三,10/26/2011,130.8
二,10/25/2011,127.98
一,10/24/2011,132.02
五,10/21/2011,122.16
四,10/20/2011,123.87
三,10/19/2011,126.23
二,10/18/2011,132.37
一,10/17/2011,135.61
五,10/14/2011,137.6
四,10/13/2011,132.97
三,10/12/2011,130.83
二,10/11/2011,129.47
一,10/10/2011,124.54
五,10/07/2011,119.21
四,10/06/2011,120.89
三,10/05/2011,111.17
二,10/04/2011,110.09
一,10/03/2011,105.16
五,09/30/2011,106.91
四,09/29/2011,110.29
三,09/28/2011,121.42
二,09/27/2011,127.72
一,09/26/2011,122.56
五,09/23/2011,123.4
四,09/22/2011,123.18
三,09/21/2011,138.33
二,09/20/2011,139.935
一,09/19/2011,145.64
五,09/16/2011,146.95
四,09/15/2011,147.17
三,09/14/2011,147.48
二,09/13/2011,144.58
一,09/12/2011,144.23
五,09/09/2011,143.63
四,09/08/2011,147.01
三,09/07/2011,146.05
二,09/06/2011,143.19
五,09/02/2011,140.45
四,09/01/2011,144.29
三,08/31/2011,145.78
二,08/30/2011,148.35
一,08/29/2011,143.3
五,08/26/2011,139.7
四,08/25/2011,133.09
三,08/24/2011,133.68
二,08/23/2011,136.36
一,08/22/2011,126.65
五,08/19/2011,126.98
四,08/18/2011,128.77
三,08/17/2011,137.96
二,08/16/2011,136.92
一,08/15/2011,144.64
五,08/12/2011,150.15
四,08/11/2011,148.15
三,08/10/2011,140.79
二,08/09/2011,143.64
一,08/08/2011,130.45
五,08/05/2011,140.99
四,08/04/2011,143.92
三,08/03/2011,152.43
二,08/02/2011,152.92
一,08/01/2011,158.93
五,07/29/2011,157.07
四,07/28/2011,158.34
三,07/27/2011,161.24
二,07/26/2011,164.36
一,07/25/2011,156.54
五,07/22/2011,154.0
四,07/21/2011,150.17
三,07/20/2011,154.99
二,07/19/2011,152.56
一,07/18/2011,148.13
五,07/15/2011,146.93
四,07/14/2011,140.82
三,07/13/2011,142.29
二,07/12/2011,138.94
一,07/11/2011,142.4
五,07/08/2011,147.78
四,07/07/2011,147.01
三,07/06/2011,145.84
二,07/05/2011,145.87
五,07/01/2011,143.346
四,06/30/2011,140.13
三,06/29/2011,137.58
二,06/28/2011,136.17
一,06/27/2011,133.17
五,06/24/2011,128.68
四,06/23/2011,129.22
三,06/22/2011,124.87
二,06/21/2011,127.71
一,06/20/2011,118.28
五,06/17/2011,117.68
四,06/16/2011,116.24
三,06/15/2011,118.84
二,06/14/2011,124.82
一,06/13/2011,118.03
五,06/10/2011,121.69
四,06/09/2011,123.21
三,06/08/2011,120.67
二,06/07/2011,124.82
一,06/06/2011,126.97
五,06/03/2011,133.21
四,06/02/2011,138.49
三,06/01/2011,132.47
二,05/31/2011,135.71
五,05/27/2011,133.93
四,05/26/2011,129.95
三,05/25/2011,129.54
二,05/24/2011,129.26
一,05/23/2011,129.47
五,05/20/2011,134.69
四,05/19/2011,135.88
三,05/18/2011,131.84
二,05/17/2011,131.81
一,05/16/2011,127.77
五,05/13/2011,131.28
四,05/12/2011,138.2
三,05/11/2011,138.9
二,05/10/2011,142.24
一,05/09/2011,142.62
五,05/06/2011,141.26
四,05/05/2011,140.19
三,05/04/2011,139.01
二,05/03/2011,139.84
一,05/02/2011,147.47
五,04/29/2011,148.52
四,04/28/2011,148.25
三,04/27/2011,151.11
二,04/26/2011,152.37
一,04/25/2011,151.96
四,04/21/2011,148.65
三,04/20/2011,149.31
二,04/19/2011,149.9
一,04/18/2011,145.89
五,04/15/2011,146.81
四,04/14/2011,147.01
三,04/13/2011,145.69
二,04/12/2011,140.71
一,04/11/2011,145.68
五,04/08/2011,141.88
四,04/07/2011,139.098
三,04/06/2011,137.25
二,04/05/2011,141.65
一,04/04/2011,143.11
五,04/01/2011,138.83
四,03/31/2011,137.81
三,03/30/2011,136.38
二,03/29/2011,136.0
一,03/28/2011,133.67
五,03/25/2011,134.92
四,03/24/2011,133.475
三,03/23/2011,132.58
二,03/22/2011,127.09
一,03/21/2011,124.0
五,03/18/2011,120.5
四,03/17/2011,121.64
三,03/16/2011,120.56
二,03/15/2011,122.23
一,03/14/2011,124.06
五,03/11/2011,124.96
四,03/10/2011,120.87
三,03/09/2011,119.75
二,03/08/2011,120.18
一,03/07/2011,120.18
五,03/04/2011,122.34
四,03/03/2011,121.85
三,03/02/2011,119.49
二,03/01/2011,117.83
一,02/28/2011,121.16
五,02/25/2011,120.59
四,02/24/2011,118.81
三,02/23/2011,115.9
二,02/22/2011,120.28
五,02/18/2011,126.8
四,02/17/2011,128.54
三,02/16/2011,128.71
二,02/15/2011,128.04
一,02/14/2011,128.81
五,02/11/2011,129.58
四,02/10/2011,125.79
三,02/09/2011,123.01
二,02/08/2011,119.84
一,02/07/2011,118.96
五,02/04/2011,117.68
四,02/03/2011,118.5
三,02/02/2011,118.02
二,02/01/2011,118.73
一,01/31/2011,108.63
五,01/28/2011,106.54
四,01/27/2011,109.05
三,01/26/2011,107.95
二,01/25/2011,105.89
一,01/24/2011,106.36
五,01/21/2011,105.1
四,01/20/2011,105.66
三,01/19/2011,107.31
二,01/18/2011,108.15
五,01/14/2011,107.73
四,01/13/2011,106.25
三,01/12/2011,105.93
二,01/11/2011,106.28
一,01/10/2011,105.98
五,01/07/2011,106.95
四,01/06/2011,105.16
三,01/05/2011,104.63
二,01/04/2011,100.97
一,01/03/2011,99.73
五,12/31/2010,96.53
四,12/30/2010,98.21
三,12/29/2010,99.11
二,12/28/2010,98.71
一,12/27/2010,100.13
四,12/23/2010,100.16
三,12/22/2010,100.5
二,12/21/2010,101.25
一,12/20/2010,98.79
五,12/17/2010,98.74
四,12/16/2010,98.31
三,12/15/2010,100.2
二,12/14/2010,106.62
一,12/13/2010,108.31
五,12/10/2010,107.855
四,12/09/2010,108.07
三,12/08/2010,108.07
二,12/07/2010,109.68
一,12/06/2010,110.23
五,12/03/2010,109.23
四,12/02/2010,106.37
三,12/01/2010,106.81
二,11/30/2010,105.05
一,11/29/2010,107.38
五,11/26/2010,109.37
三,11/24/2010,109.0
二,11/23/2010,106.31
一,11/22/2010,108.87
五,11/19/2010,108.59
四,11/18/2010,108.14
三,11/17/2010,106.92
二,11/16/2010,103.6
一,11/15/2010,108.8
五,11/12/2010,110.64
四,11/11/2010,114.1
三,11/10/2010,111.69
二,11/09/2010,109.19
一,11/08/2010,110.4
五,11/05/2010,108.8
四,11/04/2010,110.06
三,11/03/2010,110.65
二,11/02/2010,109.55
一,11/01/2010,107.15
五,10/29/2010,110.01
四,10/28/2010,112.17
三,10/27/2010,112.87
二,10/26/2010,112.62
一,10/25/2010,109.754
五,10/22/2010,107.28
四,10/21/2010,102.48
三,10/20/2010,100.01
二,10/19/2010,100.82
一,10/18/2010,103.4
五,10/15/2010,98.66
四,10/14/2010,98.2
三,10/13/2010,99.95
二,10/12/2010,99.62
一,10/11/2010,99.74
五,10/08/2010,98.62
四,10/07/2010,98.49
三,10/06/2010,98.4
二,10/05/2010,102.7
一,10/04/2010,96.22
五,10/01/2010,98.8
四,09/30/2010,102.62
三,09/29/2010,103.72
二,09/28/2010,102.04
一,09/27/2010,103.82
五,09/24/2010,97.83
四,09/23/2010,95.03
三,09/22/2010,91.81
二,09/21/2010,91.19
一,09/20/2010,89.869
五,09/17/2010,85.73
四,09/16/2010,86.09
三,09/15/2010,86.3
二,09/14/2010,86.33
一,09/13/2010,86.26
五,09/10/2010,84.33
四,09/09/2010,83.83
三,09/08/2010,84.19
二,09/07/2010,82.27
五,09/03/2010,84.3
四,09/02/2010,82.61
三,09/01/2010,81.84
二,08/31/2010,78.43
一,08/30/2010,77.24
五,08/27/2010,79.37
四,08/26/2010,76.6
三,08/25/2010,78.3
二,08/24/2010,77.34
一,08/23/2010,79.37
五,08/20/2010,82.17
四,08/19/2010,81.19
三,08/18/2010,82.924
二,08/17/2010,84.43
一,08/16/2010,84.35
五,08/13/2010,82.83
四,08/12/2010,82.65
三,08/11/2010,84.23
二,08/10/2010,87.87
一,08/09/2010,87.56
五,08/06/2010,86.53
四,08/05/2010,85.57
三,08/04/2010,86.6
二,08/03/2010,84.79
一,08/02/2010,84.6
五,07/30/2010,81.41
四,07/29/2010,79.2
三,07/28/2010,79.4
二,07/27/2010,81.07
一,07/26/2010,80.37
五,07/23/2010,78.0628
四,07/22/2010,74.45
三,07/21/2010,73.31
二,07/20/2010,74.04
一,07/19/2010,72.9
五,07/16/2010,73.53
四,07/15/2010,75.64
三,07/14/2010,75.03
二,07/13/2010,74.38
一,07/12/2010,70.73
五,07/09/2010,71.2
四,07/08/2010,72.43
三,07/07/2010,72.37
二,07/06/2010,67.45
五,07/02/2010,67.55
四,07/01/2010,68.55
三,06/30/2010,68.08
二,06/29/2010,67.57
一,06/28/2010,74.44
五,06/25/2010,76.1
四,06/24/2010,73.8
三,06/23/2010,76.19
二,06/22/2010,75.68
一,06/21/2010,76.36
五,06/18/2010,74.09
四,06/17/2010,72.471
三,06/16/2010,74.81
二,06/15/2010,75.37
一,06/14/2010,72.93
五,06/11/2010,72.85
四,06/10/2010,72.63
三,06/09/2010,67.4
二,06/08/2010,70.49
一,06/07/2010,69.81
五,06/04/2010,73.2
四,06/03/2010,76.664
三,06/02/2010,75.98
二,06/01/2010,73.56
五,05/28/2010,73.21
四,05/27/2010,73.4999
三,05/26/2010,67.59
二,05/25/2010,69.08
一,05/24/2010,71.005
五,05/21/2010,70.8525
四,05/20/2010,67.58
三,05/19/2010,70.13
二,05/18/2010,71.57
一,05/17/2010,73.18
五,05/14/2010,73.98
四,05/13/2010,75.64
三,05/12/2010,78.206
二,05/11/2010,71.417
一,05/10/2010,69.478
五,05/07/2010,63.949
四,05/06/2010,66.802
三,05/05/2010,68.953
二,05/04/2010,69.3
一,05/03/2010,70.899
五,04/30/2010,68.896
四,04/29/2010,70.987
三,04/28/2010,62.138
二,04/27/2010,62.011
一,04/26/2010,64.085
五,04/23/2010,64.576
四,04/22/2010,64.004
三,04/21/2010,62.997
二,04/20/2010,63.584
一,04/19/2010,61.35
五,04/16/2010,63.237
四,04/15/2010,64.896
三,04/14/2010,63.766
二,04/13/2010,62.666
一,04/12/2010,62.616
五,04/09/2010,62.547
四,04/08/2010,61.985
三,04/07/2010,61.774
二,04/06/2010,61.941
一,04/05/2010,60.13
四,04/01/2010,60.0
三,03/31/2010,59.7
二,03/30/2010,59.82
一,03/29/2010,60.35
五,03/26/2010,59.637
四,03/25/2010,59.198
三,03/24/2010,60.85
二,03/23/2010,59.488
一,03/22/2010,57.972
五,03/19/2010,56.965
四,03/18/2010,56.466
三,03/17/2010,56.695
二,03/16/2010,57.316
一,03/15/2010,57.684
五,03/12/2010,55.024
四,03/11/2010,55.41
三,03/10/2010,54.917
二,03/09/2010,53.91
一,03/08/2010,53.433
五,03/05/2010,52.075
四,03/04/2010,52.378
三,03/03/2010,51.702
二,03/02/2010,51.888
一,03/01/2010,52.291
五,02/26/2010,51.868
四,02/25/2010,50.887
三,02/24/2010,50.547
二,02/23/2010,50.17
一,02/22/2010,50.715
五,02/19/2010,50.015
四,02/18/2010,49.7604
三,02/17/2010,48.752
二,02/16/2010,48.947
五,02/12/2010,48.8
四,02/11/2010,48.746
三,02/10/2010,48.213
二,02/09/2010,43.501
一,02/08/2010,44.323
五,02/05/2010,44.88
四,02/04/2010,44.086
三,02/03/2010,44.978
二,02/02/2010,42.618
一,02/01/2010,42.568
五,01/29/2010,41.171
四,01/28/2010,41.785
三,01/27/2010,42.436
二,01/26/2010,41.938
一,01/25/2010,41.516
五,01/22/2010,41.69
四,01/21/2010,43.997
三,01/20/2010,43.967
二,01/19/2010,44.084
五,01/15/2010,46.768
四,01/14/2010,46.423
三,01/13/2010,43.948
二,01/12/2010,38.649
一,01/11/2010,40.057
五,01/08/2010,40.427
四,01/07/2010,40.463
三,01/06/2010,41.25
二,01/05/2010,40.59
一,01/04/2010,41.003
四,12/31/2009,41.123
三,12/30/2009,41.623
二,12/29/2009,41.963
一,12/28/2009,42.429
四,12/24/2009,41.599
三,12/23/2009,41.42
二,12/22/2009,39.881
一,12/21/2009,40.7384
五,12/18/2009,41.44
四,12/17/2009,41.584
三,12/16/2009,42.626
二,12/15/2009,42.4
一,12/14/2009,42.451
五,12/11/2009,41.81
四,12/10/2009,42.232
三,12/09/2009,42.6458
二,12/08/2009,41.884
一,12/07/2009,42.1
五,12/04/2009,42.532
四,12/03/2009,42.789
三,12/02/2009,43.472
二,12/01/2009,43.555
一,11/30/2009,43.374
五,11/27/2009,43.972
三,11/25/2009,44.218
二,11/24/2009,43.554
一,11/23/2009,43.9
五,11/20/2009,42.759
四,11/19/2009,42.801
三,11/18/2009,43.512
二,11/17/2009,44.15
一,11/16/2009,43.832
五,11/13/2009,43.25
四,11/12/2009,42.715
三,11/11/2009,43.051
二,11/10/2009,42.812
一,11/09/2009,42.587
五,11/06/2009,40.974
四,11/05/2009,39.623
三,11/04/2009,38.637
二,11/03/2009,38.304
一,11/02/2009,37.5451
五,10/30/2009,37.792
四,10/29/2009,39.34
三,10/28/2009,39.683
二,10/27/2009,38.366
一,10/26/2009,43.297
五,10/23/2009,43.531
四,10/22/2009,41.56
三,10/21/2009,40.592
二,10/20/2009,40.872
一,10/19/2009,41.102
五,10/16/2009,39.579
四,10/15/2009,39.99
三,10/14/2009,41.018
二,10/13/2009,40.75
一,10/12/2009,41.349
五,10/09/2009,42.707
四,10/08/2009,41.267
三,10/07/2009,41.38
二,10/06/2009,40.1
一,10/05/2009,38.189
五,10/02/2009,37.521
四,10/01/2009,37.202
三,09/30/2009,39.105
二,09/29/2009,39.442
一,09/28/2009,39.605
五,09/25/2009,38.756
四,09/24/2009,39.023
三,09/23/2009,39.495
二,09/22/2009,39.629
一,09/21/2009,40.025
五,09/18/2009,39.998
四,09/17/2009,39.919
三,09/16/2009,40.291
二,09/15/2009,39.7526
一,09/14/2009,37.95
五,09/11/2009,36.995
四,09/10/2009,37.245
三,09/09/2009,36.3601
二,09/08/2009,35.715
五,09/04/2009,34.327
四,09/03/2009,32.948
三,09/02/2009,32.486
二,09/01/2009,31.876
一,08/31/2009,33.006
五,08/28/2009,33.953
四,08/27/2009,34.01
三,08/26/2009,34.372
二,08/25/2009,34.782
一,08/24/2009,34.5
五,08/21/2009,34.5
四,08/20/2009,33.925
三,08/19/2009,33.078
二,08/18/2009,32.74
一,08/17/2009,32.156
五,08/14/2009,33.958
四,08/13/2009,34.722
三,08/12/2009,34.863
二,08/11/2009,34.583
一,08/10/2009,35.188
五,08/07/2009,34.704
四,08/06/2009,34.128
三,08/05/2009,34.7
二,08/04/2009,35.144
一,08/03/2009,35.445
五,07/31/2009,34.814
四,07/30/2009,35.18
三,07/29/2009,34.451
二,07/28/2009,35.111
一,07/27/2009,35.6818
五,07/24/2009,35.81
四,07/23/2009,33.264
三,07/22/2009,32.456
二,07/21/2009,33.208
一,07/20/2009,33.624
五,07/17/2009,32.16
四,07/16/2009,32.25
三,07/15/2009,31.581
二,07/14/2009,29.905
一,07/13/2009,29.063
五,07/10/2009,28.424
四,07/09/2009,28.175
三,07/08/2009,27.488
二,07/07/2009,27.615
一,07/06/2009,28.581
四,07/02/2009,28.95
三,07/01/2009,29.507
二,06/30/2009,30.109
一,06/29/2009,29.818
五,06/26/2009,30.118
四,06/25/2009,29.315
三,06/24/2009,28.335
二,06/23/2009,27.284
一,06/22/2009,27.802
五,06/19/2009,29.76
四,06/18/2009,29.404
三,06/17/2009,29.592
二,06/16/2009,28.9
一,06/15/2009,29.231
五,06/12/2009,28.9
四,06/11/2009,30.069
三,06/10/2009,29.83
二,06/09/2009,30.916
一,06/08/2009,30.39
五,06/05/2009,30.407
四,06/04/2009,29.34
三,06/03/2009,28.686
二,06/02/2009,27.8
一,06/01/2009,28.599
五,05/29/2009,26.38
四,05/28/2009,25.82
三,05/27/2009,25.112
二,05/26/2009,24.736
五,05/22/2009,23.99
四,05/21/2009,24.047
三,05/20/2009,24.704
二,05/19/2009,24.697
一,05/18/2009,24.359
五,05/15/2009,23.501
四,05/14/2009,23.46
三,05/13/2009,23.1
二,05/12/2009,24.118
一,05/11/2009,23.955
五,05/08/2009,24.6
四,05/07/2009,24.7
三,05/06/2009,25.5674
二,05/05/2009,24.98
一,05/04/2009,24.825
五,05/01/2009,23.561
四,04/30/2009,23.29
三,04/29/2009,22.729
二,04/28/2009,22.119
一,04/27/2009,22.486
五,04/24/2009,21.754
四,04/23/2009,21.25
三,04/22/2009,20.833
二,04/21/2009,20.456
一,04/20/2009,20.0
五,04/17/2009,21.009
四,04/16/2009,20.345
三,04/15/2009,19.603
二,04/14/2009,19.795
一,04/13/2009,19.948
四,04/09/2009,19.032
三,04/08/2009,18.259
二,04/07/2009,17.742
一,04/06/2009,18.641
五,04/03/2009,18.75
四,04/02/2009,18.492
三,04/01/2009,17.477
二,03/31/2009,17.66
一,03/30/2009,17.299
五,03/27/2009,18.315
四,03/26/2009,18.635
三,03/25/2009,18.38
二,03/24/2009,18.83
一,03/23/2009,18.26
五,03/20/2009,17.52
四,03/19/2009,17.519
三,03/18/2009,17.5
二,03/17/2009,17.54
一,03/16/2009,16.134
五,03/13/2009,17.266
四,03/12/2009,16.94
三,03/11/2009,16.818
二,03/10/2009,16.659
一,03/09/2009,15.508
五,03/06/2009,15.702
四,03/05/2009,16.151
三,03/04/2009,15.732
二,03/03/2009,14.459
一,03/02/2009,13.722
五,02/27/2009,14.832
四,02/26/2009,14.594
三,02/25/2009,14.376
二,02/24/2009,14.276
一,02/23/2009,13.176
五,02/20/2009,13.627
四,02/19/2009,13.257
三,02/18/2009,12.809
二,02/17/2009,12.235
五,02/13/2009,12.82
四,02/12/2009,13.2
三,02/11/2009,13.386
二,02/10/2009,13.084
一,02/09/2009,14.057
五,02/06/2009,12.461
四,02/05/2009,12.529
三,02/04/2009,12.9
二,02/03/2009,12.517
一,02/02/2009,12.552
五,01/30/2009,12.877
四,01/29/2009,12.864
三,01/28/2009,12.716
二,01/27/2009,11.53
一,01/26/2009,11.557
五,01/23/2009,11.195
四,01/22/2009,11.253
三,01/21/2009,11.092
二,01/20/2009,10.965
五,01/16/2009,11.59
四,01/15/2009,10.944
三,01/14/2009,10.975
二,01/13/2009,11.55
一,01/12/2009,11.41
五,01/09/2009,12.064
四,01/08/2009,12.465
三,01/07/2009,12.734
二,01/06/2009,13.573
一,01/05/2009,13.784
五,01/02/2009,13.541
三,12/31/2008,13.057
二,12/30/2008,12.693
一,12/29/2008,12.185
五,12/26/2008,12.389
三,12/24/2008,12.372
二,12/23/2008,12.5
一,12/22/2008,12.307
五,12/19/2008,13.107
四,12/18/2008,13.069
三,12/17/2008,13.55
二,12/16/2008,13.2
一,12/15/2008,11.809
五,12/12/2008,11.4
四,12/11/2008,11.13
三,12/10/2008,10.454
二,12/09/2008,10.936
一,12/08/2008,11.795
五,12/05/2008,10.91
四,12/04/2008,11.453
三,12/03/2008,11.367
二,12/02/2008,11.857
一,12/01/2008,11.631
五,11/28/2008,13.588
三,11/26/2008,14.275
二,11/25/2008,12.403
一,11/24/2008,11.513
五,11/21/2008,11.269
四,11/20/2008,11.035
三,11/19/2008,11.174
二,11/18/2008,12.876
一,11/17/2008,13.409
五,11/14/2008,17.889
四,11/13/2008,18.987
三,11/12/2008,18.299
二,11/11/2008,19.083
一,11/10/2008,21.128
五,11/07/2008,21.8
四,11/06/2008,20.966
三,11/05/2008,21.729
二,11/04/2008,23.462
一,11/03/2008,20.472
五,10/31/2008,20.6
四,10/30/2008,21.36
三,10/29/2008,21.192
二,10/28/2008,20.895
一,10/27/2008,17.9
五,10/24/2008,19.122
四,10/23/2008,21.254
三,10/22/2008,24.909
二,10/21/2008,24.867
一,10/20/2008,25.438
五,10/17/2008,23.952
四,10/16/2008,22.63
三,10/15/2008,22.72
二,10/14/2008,25.025
一,10/13/2008,26.605
五,10/10/2008,21.375
四,10/09/2008,20.618
三,10/08/2008,21.331
二,10/07/2008,21.444
一,10/06/2008,22.768
五,10/03/2008,22.237
四,10/02/2008,23.352
三,10/01/2008,24.449
二,09/30/2008,24.823
一,09/29/2008,23.12
五,09/26/2008,26.075
四,09/25/2008,27.55
三,09/24/2008,26.727
二,09/23/2008,26.35
一,09/22/2008,26.863
五,09/19/2008,28.975
四,09/18/2008,30.525
三,09/17/2008,25.446
二,09/16/2008,26.649
一,09/15/2008,27.302
五,09/12/2008,28.201
四,09/11/2008,28.252
三,09/10/2008,26.41
二,09/09/2008,25.413
一,09/08/2008,27.438
五,09/05/2008,27.066
四,09/04/2008,27.114
三,09/03/2008,29.325
二,09/02/2008,30.854
五,08/29/2008,31.372
四,08/28/2008,31.654
三,08/27/2008,31.573
二,08/26/2008,31.014
一,08/25/2008,32.242
五,08/22/2008,32.402
四,08/21/2008,32.33
三,08/20/2008,32.122
二,08/19/2008,30.884
一,08/18/2008,30.725
五,08/15/2008,32.101
四,08/14/2008,32.486
三,08/13/2008,31.557
二,08/12/2008,31.153
一,08/11/2008,30.44
五,08/08/2008,31.926
四,08/07/2008,32.762
三,08/06/2008,33.88
二,08/05/2008,33.029
一,08/04/2008,33.02
五,08/01/2008,34.417
四,07/31/2008,34.715
三,07/30/2008,35.024
二,07/29/2008,34.812
一,07/28/2008,33.436
五,07/25/2008,33.24
四,07/24/2008,33.508
三,07/23/2008,28.87
二,07/22/2008,29.236
一,07/21/2008,29.7
五,07/18/2008,29.154
四,07/17/2008,30.29
三,07/16/2008,29.894
二,07/15/2008,28.204
一,07/14/2008,29.14
五,07/11/2008,30.508
四,07/10/2008,32.931
三,07/09/2008,33.283
二,07/08/2008,33.456
一,07/07/2008,32.789
四,07/03/2008,31.6
三,07/02/2008,31.204
二,07/01/2008,31.769
一,06/30/2008,31.296
五,06/27/2008,31.324
四,06/26/2008,31.476
三,06/25/2008,33.209
二,06/24/2008,30.672
一,06/23/2008,31.886
五,06/20/2008,32.289
四,06/19/2008,33.481
三,06/18/2008,33.249
二,06/17/2008,33.264
一,06/16/2008,33.591
五,06/13/2008,32.684
四,06/12/2008,31.542
三,06/11/2008,31.898
二,06/10/2008,32.634
一,06/09/2008,33.2
五,06/06/2008,34.504
四,06/05/2008,36.181
三,06/04/2008,34.452
二,06/03/2008,34.209
一,06/02/2008,33.775
五,05/30/2008,34.506
四,05/29/2008,34.493
三,05/28/2008,34.494
二,05/27/2008,33.65
五,05/23/2008,32.871
四,05/22/2008,33.501
三,05/21/2008,35.499
二,05/20/2008,37.213
一,05/19/2008,37.1
五,05/16/2008,36.459
四,05/15/2008,36.427
三,05/14/2008,36.117
二,05/13/2008,36.84
一,05/12/2008,36.687
五,05/09/2008,34.628
四,05/08/2008,35.517
三,05/07/2008,35.913
二,05/06/2008,37.042
一,05/05/2008,37.3848
五,05/02/2008,36.15
四,05/01/2008,37.0
三,04/30/2008,36.56
二,04/29/2008,37.381
一,04/28/2008,36.036
五,04/25/2008,36.369
四,04/24/2008,34.2
三,04/23/2008,34.966
二,04/22/2008,35.01
一,04/21/2008,35.751
五,04/18/2008,34.1
四,04/17/2008,30.975
三,04/16/2008,31.775
二,04/15/2008,28.838
一,04/14/2008,28.916
五,04/11/2008,28.423
四,04/10/2008,29.2
三,04/09/2008,28.881
二,04/08/2008,29.595
一,04/07/2008,30.0
五,04/04/2008,29.389
四,04/03/2008,28.664
三,04/02/2008,28.148
二,04/01/2008,27.325
一,03/31/2008,23.963
五,03/28/2008,24.721
四,03/27/2008,23.755
三,03/26/2008,24.15
二,03/25/2008,23.561
一,03/24/2008,24.0
四,03/20/2008,20.79
三,03/19/2008,22.021
二,03/18/2008,24.6534
一,03/17/2008,24.71
五,03/14/2008,26.805
四,03/13/2008,26.809
三,03/12/2008,27.364
二,03/11/2008,26.039
一,03/10/2008,24.13
五,03/07/2008,24.293
四,03/06/2008,24.242
三,03/05/2008,24.222
二,03/04/2008,24.615
一,03/03/2008,24.052
五,02/29/2008,25.133
四,02/28/2008,25.3
三,02/27/2008,25.885
二,02/26/2008,23.78
一,02/25/2008,24.101
五,02/22/2008,24.439
四,02/21/2008,24.27
三,02/20/2008,24.72
二,02/19/2008,24.675
五,02/15/2008,25.91
四,02/14/2008,26.45
三,02/13/2008,26.109
二,02/12/2008,24.543
一,02/11/2008,24.6712
五,02/08/2008,23.391
四,02/07/2008,23.23
三,02/06/2008,23.0
二,02/05/2008,25.3492
一,02/04/2008,27.228
五,02/01/2008,26.959
四,01/31/2008,27.995
三,01/30/2008,25.939
二,01/29/2008,27.071
一,01/28/2008,29.132
五,01/25/2008,29.947
四,01/24/2008,30.72
三,01/23/2008,27.02
二,01/22/2008,27.327
五,01/18/2008,27.304
四,01/17/2008,26.499
三,01/16/2008,29.33
二,01/15/2008,31.82
一,01/14/2008,34.04
五,01/11/2008,32.925
四,01/10/2008,33.954
三,01/09/2008,34.41
二,01/08/2008,34.521
一,01/07/2008,34.431
五,01/04/2008,36.1
四,01/03/2008,37.509
三,01/02/2008,38.188
一,12/31/2007,38.98
五,12/28/2007,39.887
四,12/27/2007,40.92
三,12/26/2007,39.967
一,12/24/2007,38.058
五,12/21/2007,38.045
四,12/20/2007,38.015
三,12/19/2007,37.498
二,12/18/2007,37.297
一,12/17/2007,35.6
五,12/14/2007,39.291
四,12/13/2007,38.7
三,12/12/2007,38.9
二,12/11/2007,37.838
一,12/10/2007,39.73
五,12/07/2007,39.0
四,12/06/2007,39.288
三,12/05/2007,39.217
二,12/04/2007,38.772
一,12/03/2007,38.525
五,11/30/2007,38.196
四,11/29/2007,37.948
三,11/28/2007,36.725
二,11/27/2007,34.134
一,11/26/2007,32.614
五,11/23/2007,30.886
三,11/21/2007,30.792
二,11/20/2007,31.35
一,11/19/2007,30.748
五,11/16/2007,31.499
四,11/15/2007,32.77
三,11/14/2007,34.4
二,11/13/2007,34.145
一,11/12/2007,30.15
五,11/09/2007,34.295
四,11/08/2007,35.787
三,11/07/2007,39.5
二,11/06/2007,40.77
一,11/05/2007,41.688
五,11/02/2007,40.9
四,11/01/2007,38.595
三,10/31/2007,38.249
二,10/30/2007,37.1
一,10/29/2007,36.55
五,10/26/2007,35.339
四,10/25/2007,33.43
三,10/24/2007,33.6
二,10/23/2007,34.99
一,10/22/2007,31.626
五,10/19/2007,31.611
四,10/18/2007,32.0
三,10/17/2007,31.62
二,10/16/2007,30.748
一,10/15/2007,31.495
五,10/12/2007,32.298
四,10/11/2007,30.878
三,10/10/2007,34.317
二,10/09/2007,32.877
一,10/08/2007,32.944
五,10/05/2007,32.161
四,10/04/2007,31.5
三,10/03/2007,31.417
二,10/02/2007,32.058
一,10/01/2007,28.481
五,09/28/2007,28.965
四,09/27/2007,29.197
三,09/26/2007,28.793
二,09/25/2007,29.993
一,09/24/2007,30.341
五,09/21/2007,28.46
四,09/20/2007,27.608
三,09/19/2007,27.595
二,09/18/2007,26.879
一,09/17/2007,25.289
五,09/14/2007,23.488
四,09/13/2007,23.247
三,09/12/2007,23.012
二,09/11/2007,22.704
一,09/10/2007,21.81
五,09/07/2007,21.364
四,09/06/2007,22.015
三,09/05/2007,21.973
二,09/04/2007,21.695
五,08/31/2007,20.82
四,08/30/2007,20.566
三,08/29/2007,20.653
二,08/28/2007,19.969
一,08/27/2007,21.195
五,08/24/2007,20.321
四,08/23/2007,20.321
三,08/22/2007,20.475
二,08/21/2007,19.746
一,08/20/2007,18.755
五,08/17/2007,17.651
四,08/16/2007,16.889
三,08/15/2007,17.988
二,08/14/2007,18.983
一,08/13/2007,19.285
五,08/10/2007,18.939
四,08/09/2007,19.495
三,08/08/2007,20.37
二,08/07/2007,19.92
一,08/06/2007,19.34
五,08/03/2007,19.85
四,08/02/2007,20.267
三,08/01/2007,20.068
二,07/31/2007,20.198
一,07/30/2007,20.925
五,07/27/2007,20.479
四,07/26/2007,20.906
三,07/25/2007,18.323
二,07/24/2007,17.504
一,07/23/2007,18.008
五,07/20/2007,18.95
四,07/19/2007,19.819
三,07/18/2007,19.99
二,07/17/2007,21.229
一,07/16/2007,20.801
五,07/13/2007,21.284
四,07/12/2007,20.62
三,07/11/2007,20.55
二,07/10/2007,20.388
一,07/09/2007,19.39
五,07/06/2007,19.76
四,07/05/2007,18.499
二,07/03/2007,18.1
一,07/02/2007,18.641
五,06/29/2007,16.798
四,06/28/2007,16.219
三,06/27/2007,15.714
二,06/26/2007,15.522
一,06/25/2007,15.406
五,06/22/2007,15.648
四,06/21/2007,15.395
三,06/20/2007,15.24
二,06/19/2007,15.43
一,06/18/2007,14.905
五,06/15/2007,14.307
四,06/14/2007,14.015
三,06/13/2007,13.824
二,06/12/2007,13.564
一,06/11/2007,13.71
五,06/08/2007,13.703
四,06/07/2007,13.725
三,06/06/2007,14.154
二,06/05/2007,14.464
一,06/04/2007,14.171
五,06/01/2007,14.031
四,05/31/2007,14.049
三,05/30/2007,13.569
二,05/29/2007,13.32
五,05/25/2007,13.071
四,05/24/2007,12.83
三,05/23/2007,13.07
二,05/22/2007,13.514
一,05/21/2007,13.466
五,05/18/2007,13.105
四,05/17/2007,13.089
三,05/16/2007,12.975
二,05/15/2007,12.903
一,05/14/2007,13.199
五,05/11/2007,12.812
四,05/10/2007,12.488
三,05/09/2007,12.708
二,05/08/2007,12.524
一,05/07/2007,12.593
五,05/04/2007,12.696
四,05/03/2007,12.532
三,05/02/2007,12.297
二,05/01/2007,12.135
一,04/30/2007,12.158
五,04/27/2007,12.457
四,04/26/2007,10.937
三,04/25/2007,10.468
二,04/24/2007,10.35
一,04/23/2007,9.956
五,04/20/2007,9.96
四,04/19/2007,9.694
三,04/18/2007,9.907
二,04/17/2007,9.928
一,04/16/2007,9.872
五,04/13/2007,9.737
四,04/12/2007,9.773
三,04/11/2007,9.861
二,04/10/2007,9.785
一,04/09/2007,9.48
四,04/05/2007,9.458
三,04/04/2007,9.46
二,04/03/2007,9.524
一,04/02/2007,9.352
五,03/30/2007,9.655
四,03/29/2007,9.712
三,03/28/2007,9.925
二,03/27/2007,10.126
一,03/26/2007,10.126
五,03/23/2007,10.259
四,03/22/2007,10.26
三,03/21/2007,10.097
二,03/20/2007,9.68
一,03/19/2007,9.657
五,03/16/2007,9.575
四,03/15/2007,9.621
三,03/14/2007,9.737
二,03/13/2007,9.891
一,03/12/2007,10.254
五,03/09/2007,10.244
四,03/08/2007,10.519
三,03/07/2007,10.347
二,03/06/2007,10.428
一,03/05/2007,9.967
五,03/02/2007,10.212
四,03/01/2007,10.622
三,02/28/2007,10.67
二,02/27/2007,10.476
一,02/26/2007,11.171
五,02/23/2007,11.037
四,02/22/2007,10.741
三,02/21/2007,10.701
二,02/20/2007,10.632
五,02/16/2007,10.515
四,02/15/2007,10.618
三,02/14/2007,11.5
二,02/13/2007,11.33
一,02/12/2007,11.675
五,02/09/2007,11.749
四,02/08/2007,11.978
三,02/07/2007,11.84
二,02/06/2007,11.695
一,02/05/2007,11.599
五,02/02/2007,11.961
四,02/01/2007,11.994
三,01/31/2007,12.494
二,01/30/2007,12.407
一,01/29/2007,12.34
五,01/26/2007,12.34
四,01/25/2007,12.374
三,01/24/2007,12.49
二,01/23/2007,12.455
一,01/22/2007,12.24
五,01/19/2007,12.14
四,01/18/2007,12.138
三,01/17/2007,12.549
二,01/16/2007,12.744
五,01/12/2007,12.47
四,01/11/2007,13.118
三,01/10/2007,12.801
二,01/09/2007,12.372
一,01/08/2007,12.195
五,01/05/2007,12.25
四,01/04/2007,12.6
三,01/03/2007,12.241
五,12/29/2006,11.269
四,12/28/2006,11.401
三,12/27/2006,11.482
二,12/26/2006,11.278
五,12/22/2006,11.377
四,12/21/2006,11.48
三,12/20/2006,11.768
二,12/19/2006,11.71
一,12/18/2006,11.807
五,12/15/2006,11.7
四,12/14/2006,12.005
三,12/13/2006,12.087
二,12/12/2006,12.199
一,12/11/2006,12.19
五,12/08/2006,12.096
四,12/07/2006,11.794
三,12/06/2006,12.657
二,12/05/2006,12.272
一,12/04/2006,11.488
五,12/01/2006,11.12
四,11/30/2006,11.578
三,11/29/2006,11.198
二,11/28/2006,10.859
一,11/27/2006,10.685
五,11/24/2006,11.399
三,11/22/2006,11.438
二,11/21/2006,11.614
一,11/20/2006,11.021
五,11/17/2006,10.976
四,11/16/2006,10.74
三,11/15/2006,10.326
二,11/14/2006,10.22
一,11/13/2006,10.325
五,11/10/2006,9.631
四,11/09/2006,9.607
三,11/08/2006,9.61
二,11/07/2006,9.388
一,11/06/2006,8.865
五,11/03/2006,8.687
四,11/02/2006,8.711
三,11/01/2006,8.481
二,10/31/2006,8.728
一,10/30/2006,9.6
五,10/27/2006,8.9
四,10/26/2006,8.495
三,10/25/2006,8.49
二,10/24/2006,8.426
一,10/23/2006,8.737
五,10/20/2006,8.659
四,10/19/2006,8.6
三,10/18/2006,8.337
二,10/17/2006,8.365
一,10/16/2006,8.462
五,10/13/2006,8.445
四,10/12/2006,8.647
三,10/11/2006,8.713
二,10/10/2006,8.65
一,10/09/2006,8.495
五,10/06/2006,8.408
四,10/05/2006,8.509
三,10/04/2006,8.395
二,10/03/2006,8.319
一,10/02/2006,8.614
五,09/29/2006,8.754
四,09/28/2006,8.891
三,09/27/2006,8.857
二,09/26/2006,8.894
一,09/25/2006,9.002
五,09/22/2006,8.698
四,09/21/2006,8.715
三,09/20/2006,8.65
二,09/19/2006,8.511
一,09/18/2006,8.897
五,09/15/2006,8.775
四,09/14/2006,8.472
三,09/13/2006,8.383
二,09/12/2006,8.033
一,09/11/2006,7.989
五,09/08/2006,7.994
四,09/07/2006,7.83
三,09/06/2006,7.727
二,09/05/2006,7.7796
五,09/01/2006,7.807
四,08/31/2006,7.771
三,08/30/2006,7.776
二,08/29/2006,7.682
一,08/28/2006,7.74
五,08/25/2006,7.68
四,08/24/2006,7.664
三,08/23/2006,7.686
二,08/22/2006,7.941
一,08/21/2006,7.89
五,08/18/2006,8.02
四,08/17/2006,8.109
三,08/16/2006,7.818
二,08/15/2006,7.67
一,08/14/2006,7.095
五,08/11/2006,7.2
四,08/10/2006,7.096
三,08/09/2006,7.024
二,08/08/2006,7.348
一,08/07/2006,7.402
五,08/04/2006,7.474
四,08/03/2006,7.35
三,08/02/2006,6.87
二,08/01/2006,7.071
一,07/31/2006,7.17
五,07/28/2006,7.262
四,07/27/2006,7.278
三,07/26/2006,9.197
二,07/25/2006,8.976
一,07/24/2006,8.94
五,07/21/2006,8.865
四,07/20/2006,8.876
三,07/19/2006,9.162
二,07/18/2006,9.266
一,07/17/2006,9.304
五,07/14/2006,8.77
四,07/13/2006,8.341
三,07/12/2006,8.5
二,07/11/2006,8.608
一,07/10/2006,8.415
五,07/07/2006,8.718
四,07/06/2006,8.754
三,07/05/2006,8.399
一,07/03/2006,8.589
五,06/30/2006,8.253
四,06/29/2006,8.357
三,06/28/2006,8.005
二,06/27/2006,8.196
一,06/26/2006,8.188
五,06/23/2006,8.0999
四,06/22/2006,8.02
三,06/21/2006,8.44
二,06/20/2006,7.915
一,06/19/2006,7.875
五,06/16/2006,8.27
四,06/15/2006,8.248
三,06/14/2006,7.94
二,06/13/2006,7.82
一,06/12/2006,8.419
五,06/09/2006,8.66
四,06/08/2006,8.627
三,06/07/2006,8.765
二,06/06/2006,8.985
一,06/05/2006,8.326
五,06/02/2006,8.283
四,06/01/2006,8.343
三,05/31/2006,7.782
二,05/30/2006,7.7658
五,05/26/2006,7.945
四,05/25/2006,7.933
三,05/24/2006,8.398
二,05/23/2006,8.241
一,05/22/2006,7.884
五,05/19/2006,8.2
四,05/18/2006,7.804
三,05/17/2006,8.4
二,05/16/2006,8.267
一,05/15/2006,8.435
五,05/12/2006,7.851
四,05/11/2006,8.151
三,05/10/2006,8.3976
二,05/09/2006,6.138
一,05/08/2006,6.367
五,05/05/2006,6.289
四,05/04/2006,6.33
三,05/03/2006,6.0
二,05/02/2006,5.894
一,05/01/2006,5.926
五,04/28/2006,5.796
四,04/27/2006,5.728
三,04/26/2006,5.8145
二,04/25/2006,5.913
一,04/24/2006,6.005
五,04/21/2006,6.05
四,04/20/2006,6.06
三,04/19/2006,6.133
二,04/18/2006,5.755
一,04/17/2006,5.68
四,04/13/2006,5.746
三,04/12/2006,5.68
二,04/11/2006,5.558
一,04/10/2006,5.914
五,04/07/2006,5.74
四,04/06/2006,5.727
三,04/05/2006,5.55
二,04/04/2006,5.573
一,04/03/2006,5.49
五,03/31/2006,5.607
四,03/30/2006,5.8
三,03/29/2006,5.446
二,03/28/2006,5.11
一,03/27/2006,5.211
五,03/24/2006,5.02
四,03/23/2006,5.06
三,03/22/2006,5.1
二,03/21/2006,4.94
一,03/20/2006,5.078
五,03/17/2006,4.902
四,03/16/2006,4.8319
三,03/15/2006,4.85
二,03/14/2006,4.87
一,03/13/2006,4.966
五,03/10/2006,4.91
四,03/09/2006,4.832
三,03/08/2006,5.149
二,03/07/2006,5.341
一,03/06/2006,5.376
五,03/03/2006,5.221
四,03/02/2006,5.26
三,03/01/2006,5.124
二,02/28/2006,5.142
一,02/27/2006,5.43
五,02/24/2006,5.286
四,02/23/2006,5.23
三,02/22/2006,5.473
二,02/21/2006,5.169
五,02/17/2006,5.006
四,02/16/2006,4.901
三,02/15/2006,4.925
二,02/14/2006,4.893
一,02/13/2006,4.916
五,02/10/2006,4.85
四,02/09/2006,4.932
三,02/08/2006,4.921
二,02/07/2006,4.515
一,02/06/2006,4.563
五,02/03/2006,4.612
四,02/02/2006,4.905
三,02/01/2006,5.101
二,01/31/2006,5.451
一,01/30/2006,5.251
五,01/27/2006,5.172
四,01/26/2006,5.186
三,01/25/2006,5.25
二,01/24/2006,5.642
一,01/23/2006,5.63
五,01/20/2006,6.086
四,01/19/2006,6.23
三,01/18/2006,6.2499
二,01/17/2006,6.474
五,01/13/2006,6.553
四,01/12/2006,6.465
三,01/11/2006,6.535
二,01/10/2006,6.668
一,01/09/2006,6.613
五,01/06/2006,6.5839
四,01/05/2006,6.62
三,01/04/2006,6.63
二,01/03/2006,6.35
五,12/30/2005,6.292
四,12/29/2005,6.365
三,12/28/2005,6.4767
二,12/27/2005,6.54
五,12/23/2005,6.675
四,12/22/2005,6.472
三,12/21/2005,6.449
二,12/20/2005,6.506
一,12/19/2005,6.654
五,12/16/2005,6.571
四,12/15/2005,6.885
三,12/14/2005,6.94
二,12/13/2005,7.418
一,12/12/2005,7.587
五,12/09/2005,7.584
四,12/08/2005,7.722
三,12/07/2005,7.768
二,12/06/2005,7.818
一,12/05/2005,7.7999
五,12/02/2005,7.89
四,12/01/2005,7.972
三,11/30/2005,7.798
二,11/29/2005,7.639
一,11/28/2005,7.846
五,11/25/2005,8.377
三,11/23/2005,8.049
二,11/22/2005,7.472
一,11/21/2005,7.16
五,11/18/2005,7.092
四,11/17/2005,7.318
三,11/16/2005,6.95
二,11/15/2005,6.882
一,11/14/2005,7.0
五,11/11/2005,7.0051
四,11/10/2005,7.043
三,11/09/2005,6.999
二,11/08/2005,7.179
一,11/07/2005,7.26
五,11/04/2005,6.83
四,11/03/2005,6.825
三,11/02/2005,6.85
二,11/01/2005,6.87
一,10/31/2005,6.944
五,10/28/2005,6.809
四,10/27/2005,7.035
三,10/26/2005,8.105
二,10/25/2005,7.981
一,10/24/2005,8.099
五,10/21/2005,7.0
四,10/20/2005,6.6
三,10/19/2005,6.58
二,10/18/2005,6.737
一,10/17/2005,6.66
五,10/14/2005,6.727
四,10/13/2005,6.222
三,10/12/2005,6.36
二,10/11/2005,6.525
一,10/10/2005,6.545
五,10/07/2005,6.72
四,10/06/2005,6.826
三,10/05/2005,6.83
二,10/04/2005,7.039
一,10/03/2005,6.611
五,09/30/2005,6.402
四,09/29/2005,6.5
三,09/28/2005,6.571
二,09/27/2005,7.25
一,09/26/2005,7.728
五,09/23/2005,7.915
四,09/22/2005,7.919
三,09/21/2005,8.03
二,09/20/2005,8.05
一,09/19/2005,7.953
五,09/16/2005,7.835
四,09/15/2005,8.2
三,09/14/2005,8.132
二,09/13/2005,11.359
一,09/12/2005,11.225
五,09/09/2005,9.63
四,09/08/2005,8.354
三,09/07/2005,8.258
二,09/06/2005,7.78
五,09/02/2005,7.802
四,09/01/2005,7.892
三,08/31/2005,8.1
二,08/30/2005,8.1
一,08/29/2005,7.86
五,08/26/2005,7.888
四,08/25/2005,7.9
三,08/24/2005,7.78
二,08/23/2005,8.2
一,08/22/2005,7.269
五,08/19/2005,7.955
四,08/18/2005,8.248
三,08/17/2005,8.581
二,08/16/2005,9.151
一,08/15/2005,9.3
五,08/12/2005,9.5
四,08/11/2005,9.79
三,08/10/2005,9.175
二,08/09/2005,9.61
一,08/08/2005,11.55
五,08/05/2005,12.254
四,08/04/2005,2.7
三,08/03/2005,
二,08/02/2005,
一,08/01/2005,
五,07/29/2005,
四,07/28/2005,
三,07/27/2005,
二,07/26/2005,
一,07/25/2005,
五,07/22/2005,
四,07/21/2005,
三,07/20/2005,
二,07/19/2005,
一,07/18/2005,
五,07/15/2005,
四,07/14/2005,
三,07/13/2005,
二,07/12/2005,
一,07/11/2005,
五,07/08/2005,
四,07/07/2005,
三,07/06/2005,
二,07/05/2005,
五,07/01/2005,
四,06/30/2005,
三,06/29/2005,
二,06/28/2005,
一,06/27/2005,
五,06/24/2005,
四,06/23/2005,
三,06/22/2005,
二,06/21/2005,
一,06/20/2005,
五,06/17/2005,
四,06/16/2005,
三,06/15/2005,
二,06/14/2005,
一,06/13/2005,
五,06/10/2005,
四,06/09/2005,
三,06/08/2005,
二,06/07/2005,
一,06/06/2005,
五,06/03/2005,
四,06/02/2005,
三,06/01/2005,
二,05/31/2005,
五,05/27/2005,
四,05/26/2005,
三,05/25/2005,
二,05/24/2005,
一,05/23/2005,
五,05/20/2005,
四,05/19/2005,
三,05/18/2005,
二,05/17/2005,
一,05/16/2005,
五,05/13/2005,
四,05/12/2005,
三,05/11/2005,
二,05/10/2005,
一,05/09/2005,
五,05/06/2005,
四,05/05/2005,
三,05/04/2005,
二,05/03/2005,
一,05/02/2005,
五,04/29/2005,
四,04/28/2005,
三,04/27/2005,
二,04/26/2005,
一,04/25/2005,
五,04/22/2005,
四,04/21/2005,
三,04/20/2005,
二,04/19/2005,
一,04/18/2005,
五,04/15/2005,
四,04/14/2005,
三,04/13/2005,
二,04/12/2005,
一,04/11/2005,
五,04/08/2005,
四,04/07/2005,
三,04/06/2005,
二,04/05/2005,
一,04/04/2005,
五,04/01/2005,
四,03/31/2005,
三,03/30/2005,
二,03/29/2005,
一,03/28/2005,
四,03/24/2005,
三,03/23/2005,
二,03/22/2005,
一,03/21/2005,
五,03/18/2005,
四,03/17/2005,
三,03/16/2005,
二,03/15/2005,
一,03/14/2005,
五,03/11/2005,
四,03/10/2005,
三,03/09/2005,
二,03/08/2005,
一,03/07/2005,
五,03/04/2005,
四,03/03/2005,
三,03/02/2005,
二,03/01/2005,
一,02/28/2005,
五,02/25/2005,
四,02/24/2005,
三,02/23/2005,
二,02/22/2005,
五,02/18/2005,
四,02/17/2005,
三,02/16/2005,
二,02/15/2005,
一,02/14/2005,
五,02/11/2005,
四,02/10/2005,
三,02/09/2005,
二,02/08/2005,
一,02/07/2005,
五,02/04/2005,
四,02/03/2005,
三,02/02/2005,
二,02/01/2005,
一,01/31/2005,
五,01/28/2005,
四,01/27/2005,
三,01/26/2005,
二,01/25/2005,
一,01/24/2005,
五,01/21/2005,
四,01/20/2005,
三,01/19/2005,
二,01/18/2005,
五,01/14/2005,
四,01/13/2005,
三,01/12/2005,
二,01/11/2005,
一,01/10/2005,
五,01/07/2005,
四,01/06/2005,
三,01/05/2005,
二,01/04/2005,
一,01/03/2005,
五,12/31/2004,
四,12/30/2004,
三,12/29/2004,
二,12/28/2004,
一,12/27/2004,
四,12/23/2004,
三,12/22/2004,
二,12/21/2004,
一,12/20/2004,
五,12/17/2004,
四,12/16/2004,
三,12/15/2004,
二,12/14/2004,
一,12/13/2004,
五,12/10/2004,
四,12/09/2004,
三,12/08/2004,
二,12/07/2004,
一,12/06/2004,
五,12/03/2004,
四,12/02/2004,
三,12/01/2004,
二,11/30/2004,
一,11/29/2004,
五,11/26/2004,
三,11/24/2004,
二,11/23/2004,
一,11/22/2004,
五,11/19/2004,
四,11/18/2004,
三,11/17/2004,
二,11/16/2004,
一,11/15/2004,
五,11/12/2004,
四,11/11/2004,
三,11/10/2004,
二,11/09/2004,
一,11/08/2004,
五,11/05/2004,
四,11/04/2004,
三,11/03/2004,
二,11/02/2004,
一,11/01/2004,
五,10/29/2004,
四,10/28/2004,
三,10/27/2004,
二,10/26/2004,
一,10/25/2004,
五,10/22/2004,
四,10/21/2004,
三,10/20/2004,
二,10/19/2004,
一,10/18/2004,
五,10/15/2004,
四,10/14/2004,
三,10/13/2004,
二,10/12/2004,
一,10/11/2004,
五,10/08/2004,
四,10/07/2004,
三,10/06/2004,
二,10/05/2004,
一,10/04/2004,
五,10/01/2004,
四,09/30/2004,
三,09/29/2004,
二,09/28/2004,
一,09/27/2004,
五,09/24/2004,
四,09/23/2004,
三,09/22/2004,
二,09/21/2004,
一,09/20/2004,
五,09/17/2004,
四,09/16/2004,
三,09/15/2004,
二,09/14/2004,
一,09/13/2004,
五,09/10/2004,
四,09/09/2004,
三,09/08/2004,
二,09/07/2004,
五,09/03/2004,
四,09/02/2004,
三,09/01/2004,
二,08/31/2004,
一,08/30/2004,
五,08/27/2004,
四,08/26/2004,
三,08/25/2004,
二,08/24/2004,
一,08/23/2004,
五,08/20/2004,
四,08/19/2004,
三,08/18/2004,
二,08/17/2004,
一,08/16/2004,
五,08/13/2004,
四,08/12/2004,
三,08/11/2004,
二,08/10/2004,
一,08/09/2004,
五,08/06/2004,
四,08/05/2004,
三,08/04/2004,
二,08/03/2004,
一,08/02/2004,
五,07/30/2004,
四,07/29/2004,
三,07/28/2004,
二,07/27/2004,
一,07/26/2004,
五,07/23/2004,
四,07/22/2004,
三,07/21/2004,
二,07/20/2004,
一,07/19/2004,
五,07/16/2004,
四,07/15/2004,
三,07/14/2004,
二,07/13/2004,
一,07/12/2004,
五,07/09/2004,
四,07/08/2004,
三,07/07/2004,
二,07/06/2004,
五,07/02/2004,
四,07/01/2004,
三,06/30/2004,
二,06/29/2004,
一,06/28/2004,
五,06/25/2004,
四,06/24/2004,
三,06/23/2004,
二,06/22/2004,
一,06/21/2004,
五,06/18/2004,
四,06/17/2004,
三,06/16/2004,
二,06/15/2004,
一,06/14/2004,
四,06/10/2004,
三,06/09/2004,
二,06/08/2004,
一,06/07/2004,
五,06/04/2004,
四,06/03/2004,
三,06/02/2004,
二,06/01/2004,
五,05/28/2004,
四,05/27/2004,
三,05/26/2004,
二,05/25/2004,
一,05/24/2004,
五,05/21/2004,
四,05/20/2004,
三,05/19/2004,
二,05/18/2004,
一,05/17/2004,
五,05/14/2004,
四,05/13/2004,
三,05/12/2004,
二,05/11/2004,
一,05/10/2004,
五,05/07/2004,
四,05/06/2004,
三,05/05/2004,
二,05/04/2004,
一,05/03/2004,
五,04/30/2004,
四,04/29/2004,
三,04/28/2004,
二,04/27/2004,
一,04/26/2004,
五,04/23/2004,
四,04/22/2004,
三,04/21/2004,
二,04/20/2004,
一,04/19/2004,
五,04/16/2004,
四,04/15/2004,
三,04/14/2004,
二,04/13/2004,
一,04/12/2004,
四,04/08/2004,
三,04/07/2004,
二,04/06/2004,
一,04/05/2004,
五,04/02/2004,
四,04/01/2004,
三,03/31/2004,
二,03/30/2004,
一,03/29/2004,
五,03/26/2004,
四,03/25/2004,
三,03/24/2004,
二,03/23/2004,
一,03/22/2004,
五,03/19/2004,
四,03/18/2004,
三,03/17/2004,
二,03/16/2004,
一,03/15/2004,
五,03/12/2004,
四,03/11/2004,
三,03/10/2004,
二,03/09/2004,
一,03/08/2004,
五,03/05/2004,
四,03/04/2004,
三,03/03/2004,
二,03/02/2004,
一,03/01/2004,
五,02/27/2004,
四,02/26/2004,
三,02/25/2004,
二,02/24/2004,
一,02/23/2004,
五,02/20/2004,
四,02/19/2004,
三,02/18/2004,
二,02/17/2004,
五,02/13/2004,
四,02/12/2004,
三,02/11/2004,
二,02/10/2004,
一,02/09/2004,
五,02/06/2004,
四,02/05/2004,
三,02/04/2004,
二,02/03/2004,
一,02/02/2004,
五,01/30/2004,
四,01/29/2004,
三,01/28/2004,
二,01/27/2004,
一,01/26/2004,
五,01/23/2004,
四,01/22/2004,
三,01/21/2004,
二,01/20/2004,
五,01/16/2004,
四,01/15/2004,
三,01/14/2004,
二,01/13/2004,
一,01/12/2004,
五,01/09/2004,
四,01/08/2004,
三,01/07/2004,
二,01/06/2004,
一,01/05/2004,
五,01/02/2004,
三,12/31/2003,
二,12/30/2003,
一,12/29/2003,
五,12/26/2003,
三,12/24/2003,
二,12/23/2003,
一,12/22/2003,
五,12/19/2003,
四,12/18/2003,
三,12/17/2003,
二,12/16/2003,
一,12/15/2003,
五,12/12/2003,
四,12/11/2003,
三,12/10/2003,
二,12/09/2003,
一,12/08/2003,
五,12/05/2003,
四,12/04/2003,
三,12/03/2003,
二,12/02/2003,
一,12/01/2003,
五,11/28/2003,
三,11/26/2003,
二,11/25/2003,
一,11/24/2003,
五,11/21/2003,
四,11/20/2003,
三,11/19/2003,
二,11/18/2003,
一,11/17/2003,
五,11/14/2003,
四,11/13/2003,
三,11/12/2003,
二,11/11/2003,
一,11/10/2003,
五,11/07/2003,
四,11/06/2003,
三,11/05/2003,
二,11/04/2003,
一,11/03/2003,
五,10/31/2003,
四,10/30/2003,
三,10/29/2003,
二,10/28/2003,
一,10/27/2003,
五,10/24/2003,
四,10/23/2003,
三,10/22/2003,
二,10/21/2003,
一,10/20/2003,
五,10/17/2003,
四,10/16/2003,
三,10/15/2003,
二,10/14/2003,
一,10/13/2003,
五,10/10/2003,
四,10/09/2003,
三,10/08/2003,
二,10/07/2003,
一,10/06/2003,
五,10/03/2003,
四,10/02/2003,
三,10/01/2003,
二,09/30/2003,
一,09/29/2003,
五,09/26/2003,
四,09/25/2003,
三,09/24/2003,
二,09/23/2003,
一,09/22/2003,
五,09/19/2003,
四,09/18/2003,
三,09/17/2003,
二,09/16/2003,
一,09/15/2003,
五,09/12/2003,
四,09/11/2003,
三,09/10/2003,
二,09/09/2003,
一,09/08/2003,
五,09/05/2003,
四,09/04/2003,
三,09/03/2003,
二,09/02/2003,
五,08/29/2003,
四,08/28/2003,
三,08/27/2003,
二,08/26/2003,
一,08/25/2003,
五,08/22/2003,
四,08/21/2003,
三,08/20/2003,
二,08/19/2003,
一,08/18/2003,
五,08/15/2003,
四,08/14/2003,
三,08/13/2003,
二,08/12/2003,
一,08/11/2003,
五,08/08/2003,
四,08/07/2003,
三,08/06/2003,
二,08/05/2003,
一,08/04/2003,
五,08/01/2003,
四,07/31/2003,
三,07/30/2003,
二,07/29/2003,
一,07/28/2003,
五,07/25/2003,
四,07/24/2003,
三,07/23/2003,
二,07/22/2003,
一,07/21/2003,
五,07/18/2003,
四,07/17/2003,
三,07/16/2003,
二,07/15/2003,
一,07/14/2003,
五,07/11/2003,
四,07/10/2003,
三,07/09/2003,
二,07/08/2003,
一,07/07/2003,
四,07/03/2003,
三,07/02/2003,
二,07/01/2003,
一,06/30/2003,
五,06/27/2003,
四,06/26/2003,
三,06/25/2003,
二,06/24/2003,
一,06/23/2003,
五,06/20/2003,
四,06/19/2003,
三,06/18/2003,
二,06/17/2003,
一,06/16/2003,
五,06/13/2003,
四,06/12/2003,
三,06/11/2003,
二,06/10/2003,
一,06/09/2003,
五,06/06/2003,
四,06/05/2003,
三,06/04/2003,
二,06/03/2003,
一,06/02/2003,
五,05/30/2003,
四,05/29/2003,
三,05/28/2003,
二,05/27/2003,
五,05/23/2003,
四,05/22/2003,
三,05/21/2003,
二,05/20/2003,
一,05/19/2003,
五,05/16/2003,
四,05/15/2003,
三,05/14/2003,
二,05/13/2003,
一,05/12/2003,
五,05/09/2003,
四,05/08/2003,
三,05/07/2003,
二,05/06/2003,
一,05/05/2003,
五,05/02/2003,
四,05/01/2003,
三,04/30/2003,
二,04/29/2003,
一,04/28/2003,
五,04/25/2003,
四,04/24/2003,
三,04/23/2003,
二,04/22/2003,
一,04/21/2003,
四,04/17/2003,
三,04/16/2003,
二,04/15/2003,
一,04/14/2003,
五,04/11/2003,
四,04/10/2003,
三,04/09/2003,
二,04/08/2003,
一,04/07/2003,
五,04/04/2003,
四,04/03/2003,
三,04/02/2003,
二,04/01/2003,
一,03/31/2003,
五,03/28/2003,
四,03/27/2003,
三,03/26/2003,
二,03/25/2003,
一,03/24/2003,
五,03/21/2003,
四,03/20/2003,
三,03/19/2003,
二,03/18/2003,
一,03/17/2003,
五,03/14/2003,
四,03/13/2003,
三,03/12/2003,
二,03/11/2003,
一,03/10/2003,
五,03/07/2003,
四,03/06/2003,
三,03/05/2003,
二,03/04/2003,
一,03/03/2003,
五,02/28/2003,
四,02/27/2003,
三,02/26/2003,
二,02/25/2003,
一,02/24/2003,
五,02/21/2003,
四,02/20/2003,
三,02/19/2003,
二,02/18/2003,
五,02/14/2003,
四,02/13/2003,
三,02/12/2003,
二,02/11/2003,
一,02/10/2003,
五,02/07/2003,
四,02/06/2003,
三,02/05/2003,
二,02/04/2003,
一,02/03/2003,
五,01/31/2003,
四,01/30/2003,
三,01/29/2003,
二,01/28/2003,
一,01/27/2003,
五,01/24/2003,
四,01/23/2003,
三,01/22/2003,
二,01/21/2003,
五,01/17/2003,
四,01/16/2003,
三,01/15/2003,
二,01/14/2003,
一,01/13/2003,
五,01/10/2003,
四,01/09/2003,
三,01/08/2003,
二,01/07/2003,
一,01/06/2003,
五,01/03/2003,
四,01/02/2003,
二,12/31/2002,
一,12/30/2002,
五,12/27/2002,
四,12/26/2002,
二,12/24/2002,
一,12/23/2002,
五,12/20/2002,
四,12/19/2002,
三,12/18/2002,
二,12/17/2002,
一,12/16/2002,
五,12/13/2002,
四,12/12/2002,
三,12/11/2002,
二,12/10/2002,
一,12/09/2002,
五,12/06/2002,
四,12/05/2002,
三,12/04/2002,
二,12/03/2002,
一,12/02/2002,
五,11/29/2002,
三,11/27/2002,
二,11/26/2002,
一,11/25/2002,
五,11/22/2002,
四,11/21/2002,
三,11/20/2002,
二,11/19/2002,
一,11/18/2002,
五,11/15/2002,
四,11/14/2002,
三,11/13/2002,
二,11/12/2002,
一,11/11/2002,
五,11/08/2002,
四,11/07/2002,
三,11/06/2002,
二,11/05/2002,
一,11/04/2002,
五,11/01/2002,
四,10/31/2002,
三,10/30/2002,
二,10/29/2002,
一,10/28/2002,
五,10/25/2002,
四,10/24/2002,
三,10/23/2002,
二,10/22/2002,
一,10/21/2002,
五,10/18/2002,
四,10/17/2002,
三,10/16/2002,
二,10/15/2002,
一,10/14/2002,
五,10/11/2002,
四,10/10/2002,
三,10/09/2002,
二,10/08/2002,
一,10/07/2002,
五,10/04/2002,
四,10/03/2002,
三,10/02/2002,
二,10/01/2002,
一,09/30/2002,
五,09/27/2002,
四,09/26/2002,
三,09/25/2002,
二,09/24/2002,
一,09/23/2002,
五,09/20/2002,
四,09/19/2002,
三,09/18/2002,
二,09/17/2002,
一,09/16/2002,
五,09/13/2002,
四,09/12/2002,
三,09/11/2002,
二,09/10/2002,
一,09/09/2002,
五,09/06/2002,
四,09/05/2002,
三,09/04/2002,
二,09/03/2002,
五,08/30/2002,
四,08/29/2002,
三,08/28/2002,
二,08/27/2002,
一,08/26/2002,
五,08/23/2002,
四,08/22/2002,
三,08/21/2002,
二,08/20/2002,
一,08/19/2002,
五,08/16/2002,
四,08/15/2002,
三,08/14/2002,
二,08/13/2002,
一,08/12/2002,
五,08/09/2002,
四,08/08/2002,
三,08/07/2002,
二,08/06/2002,
一,08/05/2002,
五,08/02/2002,
四,08/01/2002,
三,07/31/2002,
二,07/30/2002,
一,07/29/2002,
五,07/26/2002,
四,07/25/2002,
三,07/24/2002,
二,07/23/2002,
一,07/22/2002,
五,07/19/2002,
四,07/18/2002,
三,07/17/2002,
二,07/16/2002,
一,07/15/2002,
五,07/12/2002,
四,07/11/2002,
三,07/10/2002,
二,07/09/2002,
一,07/08/2002,
五,07/05/2002,
三,07/03/2002,
二,07/02/2002,
一,07/01/2002,
五,06/28/2002,
四,06/27/2002,
三,06/26/2002,
二,06/25/2002,
一,06/24/2002,
五,06/21/2002,
四,06/20/2002,
三,06/19/2002,
二,06/18/2002,
一,06/17/2002,
五,06/14/2002,
四,06/13/2002,
三,06/12/2002,
二,06/11/2002,
一,06/10/2002,
五,06/07/2002,
四,06/06/2002,
三,06/05/2002,
二,06/04/2002,
一,06/03/2002,
五,05/31/2002,
四,05/30/2002,
三,05/29/2002,
二,05/28/2002,
五,05/24/2002,
四,05/23/2002,
三,05/22/2002,
二,05/21/2002,
一,05/20/2002,
五,05/17/2002,
四,05/16/2002,
三,05/15/2002,
二,05/14/2002,
一,05/13/2002,
五,05/10/2002,
四,05/09/2002,
三,05/08/2002,
二,05/07/2002,
一,05/06/2002,
五,05/03/2002,
四,05/02/2002,
三,05/01/2002,
二,04/30/2002,
一,04/29/2002,
五,04/26/2002,
四,04/25/2002,
三,04/24/2002,
二,04/23/2002,
一,04/22/2002,
五,04/19/2002,
四,04/18/2002,
三,04/17/2002,
二,04/16/2002,
一,04/15/2002,
五,04/12/2002,
四,04/11/2002,
三,04/10/2002,
二,04/09/2002,
一,04/08/2002,
五,04/05/2002,
四,04/04/2002,
三,04/03/2002,
二,04/02/2002,
一,04/01/2002,
四,03/28/2002,
三,03/27/2002,
二,03/26/2002,
一,03/25/2002,
五,03/22/2002,
四,03/21/2002,
三,03/20/2002,
二,03/19/2002,
一,03/18/2002,
五,03/15/2002,
四,03/14/2002,
三,03/13/2002,
二,03/12/2002,
一,03/11/2002,
五,03/08/2002,
四,03/07/2002,
三,03/06/2002,
二,03/05/2002,
一,03/04/2002,
五,03/01/2002,
四,02/28/2002,
三,02/27/2002,
二,02/26/2002,
一,02/25/2002,
五,02/22/2002,
四,02/21/2002,
三,02/20/2002,
二,02/19/2002,
五,02/15/2002,
四,02/14/2002,
三,02/13/2002,
二,02/12/2002,
一,02/11/2002,
五,02/08/2002,
四,02/07/2002,
三,02/06/2002,
二,02/05/2002,
一,02/04/2002,
五,02/01/2002,
四,01/31/2002,
三,01/30/2002,
二,01/29/2002,
一,01/28/2002,
五,01/25/2002,
四,01/24/2002,
三,01/23/2002,
二,01/22/2002,
五,01/18/2002,
四,01/17/2002,
三,01/16/2002,
二,01/15/2002,
一,01/14/2002,
五,01/11/2002,
四,01/10/2002,
三,01/09/2002,
二,01/08/2002,
一,01/07/2002,
五,01/04/2002,
四,01/03/2002,
三,01/02/2002,
一,12/31/2001,
五,12/28/2001,
四,12/27/2001,
三,12/26/2001,
一,12/24/2001,
五,12/21/2001,
四,12/20/2001,
三,12/19/2001,
二,12/18/2001,
一,12/17/2001,
五,12/14/2001,
四,12/13/2001,
三,12/12/2001,
二,12/11/2001,
一,12/10/2001,
五,12/07/2001,
四,12/06/2001,
三,12/05/2001,
二,12/04/2001,
一,12/03/2001,
五,11/30/2001,
四,11/29/2001,
三,11/28/2001,
二,11/27/2001,
一,11/26/2001,
五,11/23/2001,
三,11/21/2001,
二,11/20/2001,
一,11/19/2001,
五,11/16/2001,
四,11/15/2001,
三,11/14/2001,
二,11/13/2001,
一,11/12/2001,
五,11/09/2001,
四,11/08/2001,
三,11/07/2001,
二,11/06/2001,
一,11/05/2001,
五,11/02/2001,
四,11/01/2001,
三,10/31/2001,
二,10/30/2001,
一,10/29/2001,
五,10/26/2001,
四,10/25/2001,
三,10/24/2001,
二,10/23/2001,
一,10/22/2001,
五,10/19/2001,
四,10/18/2001,
三,10/17/2001,
二,10/16/2001,
一,10/15/2001,
五,10/12/2001,
四,10/11/2001,
三,10/10/2001,
二,10/09/2001,
一,10/08/2001,
五,10/05/2001,
四,10/04/2001,
三,10/03/2001,
二,10/02/2001,
一,10/01/2001,
五,09/28/2001,
四,09/27/2001,
三,09/26/2001,
二,09/25/2001,
一,09/24/2001,
五,09/21/2001,
四,09/20/2001,
三,09/19/2001,
二,09/18/2001,
一,09/17/2001,
二,09/11/2001,
一,09/10/2001,
五,09/07/2001,
四,09/06/2001,
三,09/05/2001,
二,09/04/2001,
五,08/31/2001,
四,08/30/2001,
三,08/29/2001,
二,08/28/2001,
一,08/27/2001,
五,08/24/2001,
四,08/23/2001,
三,08/22/2001,
二,08/21/2001,
一,08/20/2001,
五,08/17/2001,
四,08/16/2001,
三,08/15/2001,
二,08/14/2001,
一,08/13/2001,
五,08/10/2001,
四,08/09/2001,
三,08/08/2001,
二,08/07/2001,
一,08/06/2001,
五,08/03/2001,
四,08/02/2001,
三,08/01/2001,
二,07/31/2001,
一,07/30/2001,
五,07/27/2001,
四,07/26/2001,
三,07/25/2001,
二,07/24/2001,
一,07/23/2001,
五,07/20/2001,
四,07/19/2001,
三,07/18/2001,
二,07/17/2001,
一,07/16/2001,
五,07/13/2001,
四,07/12/2001,
三,07/11/2001,
二,07/10/2001,
一,07/09/2001,
五,07/06/2001,
四,07/05/2001,
二,07/03/2001,
一,07/02/2001,
五,06/29/2001,
四,06/28/2001,
三,06/27/2001,
二,06/26/2001,
一,06/25/2001,
五,06/22/2001,
四,06/21/2001,
三,06/20/2001,
二,06/19/2001,
一,06/18/2001,
五,06/15/2001,
四,06/14/2001,
三,06/13/2001,
二,06/12/2001,
一,06/11/2001,
五,06/08/2001,
四,06/07/2001,
三,06/06/2001,
二,06/05/2001,
一,06/04/2001,
五,06/01/2001,
四,05/31/2001,
三,05/30/2001,
二,05/29/2001,
五,05/25/2001,
四,05/24/2001,
三,05/23/2001,
二,05/22/2001,
一,05/21/2001,
五,05/18/2001,
四,05/17/2001,
三,05/16/2001,
二,05/15/2001,
一,05/14/2001,
五,05/11/2001,
四,05/10/2001,
三,05/09/2001,
二,05/08/2001,
一,05/07/2001,
五,05/04/2001,
四,05/03/2001,
三,05/02/2001,
二,05/01/2001,
一,04/30/2001,
五,04/27/2001,
四,04/26/2001,
三,04/25/2001,
二,04/24/2001,
一,04/23/2001,
五,04/20/2001,
四,04/19/2001,
三,04/18/2001,
二,04/17/2001,
一,04/16/2001,
四,04/12/2001,
三,04/11/2001,
二,04/10/2001,
一,04/09/2001,
五,04/06/2001,
四,04/05/2001,
三,04/04/2001,
二,04/03/2001,
一,04/02/2001,
五,03/30/2001,
四,03/29/2001,
三,03/28/2001,
二,03/27/2001,
一,03/26/2001,
五,03/23/2001,
四,03/22/2001,
三,03/21/2001,
二,03/20/2001,
一,03/19/2001,
五,03/16/2001,
四,03/15/2001,
三,03/14/2001,
二,03/13/2001,
一,03/12/2001,
五,03/09/2001,
四,03/08/2001,
三,03/07/2001,
二,03/06/2001,
一,03/05/2001,
五,03/02/2001,
四,03/01/2001,
三,02/28/2001,
二,02/27/2001,
一,02/26/2001,
五,02/23/2001,
四,02/22/2001,
三,02/21/2001,
二,02/20/2001,
五,02/16/2001,
四,02/15/2001,
三,02/14/2001,
二,02/13/2001,
一,02/12/2001,
五,02/09/2001,
四,02/08/2001,
三,02/07/2001,
二,02/06/2001,
一,02/05/2001,
五,02/02/2001,
四,02/01/2001,
三,01/31/2001,
二,01/30/2001,
一,01/29/2001,
五,01/26/2001,
四,01/25/2001,
三,01/24/2001,
二,01/23/2001,
一,01/22/2001,
五,01/19/2001,
四,01/18/2001,
三,01/17/2001,
二,01/16/2001,
五,01/12/2001,
四,01/11/2001,
三,01/10/2001,
二,01/09/2001,
一,01/08/2001,
五,01/05/2001,
四,01/04/2001,
三,01/03/2001,
二,01/02/2001,
五,12/29/2000,
四,12/28/2000,
三,12/27/2000,
二,12/26/2000,
五,12/22/2000,
四,12/21/2000,
三,12/20/2000,
二,12/19/2000,
一,12/18/2000,
五,12/15/2000,
四,12/14/2000,
三,12/13/2000,
二,12/12/2000,
一,12/11/2000,
五,12/08/2000,
四,12/07/2000,
三,12/06/2000,
二,12/05/2000,
一,12/04/2000,
五,12/01/2000,
四,11/30/2000,
三,11/29/2000,
二,11/28/2000,
一,11/27/2000,
五,11/24/2000,
三,11/22/2000,
二,11/21/2000,
一,11/20/2000,
五,11/17/2000,
四,11/16/2000,
三,11/15/2000,
二,11/14/2000,
一,11/13/2000,
五,11/10/2000,
四,11/09/2000,
三,11/08/2000,
二,11/07/2000,
一,11/06/2000,
五,11/03/2000,
四,11/02/2000,
三,11/01/2000,
二,10/31/2000,
一,10/30/2000,
五,10/27/2000,
四,10/26/2000,
三,10/25/2000,
二,10/24/2000,
一,10/23/2000,
五,10/20/2000,
四,10/19/2000,
三,10/18/2000,
二,10/17/2000,
一,10/16/2000,
五,10/13/2000,
四,10/12/2000,
三,10/11/2000,
二,10/10/2000,
一,10/09/2000,
五,10/06/2000,
四,10/05/2000,
三,10/04/2000,
二,10/03/2000,
一,10/02/2000,
五,09/29/2000,
四,09/28/2000,
三,09/27/2000,
二,09/26/2000,
一,09/25/2000,
五,09/22/2000,
四,09/21/2000,
三,09/20/2000,
二,09/19/2000,
一,09/18/2000,
五,09/15/2000,
四,09/14/2000,
三,09/13/2000,
二,09/12/2000,
一,09/11/2000,
五,09/08/2000,
四,09/07/2000,
三,09/06/2000,
二,09/05/2000,
五,09/01/2000,
四,08/31/2000,
三,08/30/2000,
二,08/29/2000,
一,08/28/2000,
五,08/25/2000,
四,08/24/2000,
三,08/23/2000,
二,08/22/2000,
一,08/21/2000,
五,08/18/2000,
四,08/17/2000,
三,08/16/2000,
二,08/15/2000,
一,08/14/2000,
五,08/11/2000,
四,08/10/2000,
三,08/09/2000,
二,08/08/2000,
一,08/07/2000,
五,08/04/2000,
四,08/03/2000,
三,08/02/2000,
二,08/01/2000,
一,07/31/2000,
五,07/28/2000,
四,07/27/2000,
三,07/26/2000,
二,07/25/2000,
一,07/24/2000,
五,07/21/2000,
四,07/20/2000,
三,07/19/2000,
二,07/18/2000,
一,07/17/2000,
五,07/14/2000,
四,07/13/2000,
三,07/12/2000,
二,07/11/2000,
一,07/10/2000,
五,07/07/2000,
四,07/06/2000,
三,07/05/2000,
一,07/03/2000,
五,06/30/2000,
四,06/29/2000,
三,06/28/2000,
二,06/27/2000,
一,06/26/2000,
五,06/23/2000,
四,06/22/2000,
三,06/21/2000,
二,06/20/2000,
一,06/19/2000,
五,06/16/2000,
四,06/15/2000,
三,06/14/2000,
二,06/13/2000,
一,06/12/2000,
五,06/09/2000,
四,06/08/2000,
三,06/07/2000,
二,06/06/2000,
一,06/05/2000,
五,06/02/2000,
四,06/01/2000,
三,05/31/2000,
二,05/30/2000,
五,05/26/2000,
四,05/25/2000,
三,05/24/2000,
二,05/23/2000,
一,05/22/2000,
五,05/19/2000,
四,05/18/2000,
三,05/17/2000,
二,05/16/2000,
一,05/15/2000,
五,05/12/2000,
四,05/11/2000,
三,05/10/2000,
二,05/09/2000,
一,05/08/2000,
五,05/05/2000,
四,05/04/2000,
三,05/03/2000,
二,05/02/2000,
一,05/01/2000,
五,04/28/2000,
四,04/27/2000,
三,04/26/2000,
二,04/25/2000,
一,04/24/2000,
四,04/20/2000,
三,04/19/2000,
二,04/18/2000,
一,04/17/2000,
五,04/14/2000,
四,04/13/2000,
三,04/12/2000,
二,04/11/2000,
一,04/10/2000,
五,04/07/2000,
四,04/06/2000,
三,04/05/2000,
二,04/04/2000,
一,04/03/2000,
五,03/31/2000,
四,03/30/2000,
三,03/29/2000,
二,03/28/2000,
一,03/27/2000,
五,03/24/2000,
四,03/23/2000,
三,03/22/2000,
二,03/21/2000,
一,03/20/2000,
五,03/17/2000,
四,03/16/2000,
三,03/15/2000,
二,03/14/2000,
一,03/13/2000,
五,03/10/2000,
四,03/09/2000,
三,03/08/2000,
二,03/07/2000,
一,03/06/2000,
五,03/03/2000,
四,03/02/2000,
三,03/01/2000,
二,02/29/2000,
一,02/28/2000,
五,02/25/2000,
四,02/24/2000,
三,02/23/2000,
二,02/22/2000,
五,02/18/2000,
四,02/17/2000,
三,02/16/2000,
二,02/15/2000,
一,02/14/2000,
五,02/11/2000,
四,02/10/2000,
三,02/09/2000,
二,02/08/2000,
一,02/07/2000,
五,02/04/2000,
四,02/03/2000,
三,02/02/2000,
二,02/01/2000,
一,01/31/2000,
五,01/28/2000,
四,01/27/2000,
三,01/26/2000,
二,01/25/2000,
一,01/24/2000,
五,01/21/2000,
四,01/20/2000,
三,01/19/2000,
二,01/18/2000,
五,01/14/2000,
四,01/13/2000,
三,01/12/2000,
二,01/11/2000,
一,01/10/2000,
五,01/07/2000,
四,01/06/2000,
三,01/05/2000,
二,01/04/2000,
一,01/03/2000,
五,12/31/1999,
四,12/30/1999,
三,12/29/1999,
二,12/28/1999,
一,12/27/1999,
四,12/23/1999,
三,12/22/1999,
二,12/21/1999,
一,12/20/1999,
五,12/17/1999,
四,12/16/1999,
三,12/15/1999,
二,12/14/1999,
一,12/13/1999,
五,12/10/1999,
四,12/09/1999,
三,12/08/1999,
二,12/07/1999,
一,12/06/1999,
五,12/03/1999,
四,12/02/1999,
三,12/01/1999,
二,11/30/1999,
一,11/29/1999,
五,11/26/1999,
三,11/24/1999,
二,11/23/1999,
一,11/22/1999,
五,11/19/1999,
四,11/18/1999,
三,11/17/1999,
二,11/16/1999,
一,11/15/1999,
五,11/12/1999,
四,11/11/1999,
三,11/10/1999,
二,11/09/1999,
一,11/08/1999,
五,11/05/1999,
四,11/04/1999,
三,11/03/1999,
二,11/02/1999,
一,11/01/1999,
五,10/29/1999,
四,10/28/1999,
三,10/27/1999,
二,10/26/1999,
一,10/25/1999,
五,10/22/1999,
四,10/21/1999,
三,10/20/1999,
二,10/19/1999,
一,10/18/1999,
五,10/15/1999,
四,10/14/1999,
三,10/13/1999,
二,10/12/1999,
一,10/11/1999,
五,10/08/1999,
四,10/07/1999,
三,10/06/1999,
二,10/05/1999,
一,10/04/1999,
五,10/01/1999,
四,09/30/1999,
三,09/29/1999,
二,09/28/1999,
一,09/27/1999,
五,09/24/1999,
四,09/23/1999,
三,09/22/1999,
二,09/21/1999,
一,09/20/1999,
五,09/17/1999,
四,09/16/1999,
三,09/15/1999,
二,09/14/1999,
一,09/13/1999,
五,09/10/1999,
四,09/09/1999,
三,09/08/1999,
二,09/07/1999,
五,09/03/1999,
四,09/02/1999,
三,09/01/1999,
二,08/31/1999,
一,08/30/1999,
五,08/27/1999,
四,08/26/1999,
三,08/25/1999,
二,08/24/1999,
一,08/23/1999,
五,08/20/1999,
四,08/19/1999,
三,08/18/1999,
二,08/17/1999,
一,08/16/1999,
五,08/13/1999,
四,08/12/1999,
三,08/11/1999,
二,08/10/1999,
一,08/09/1999,
五,08/06/1999,
四,08/05/1999,
三,08/04/1999,
二,08/03/1999,
一,08/02/1999,
五,07/30/1999,
四,07/29/1999,
三,07/28/1999,
二,07/27/1999,
一,07/26/1999,
五,07/23/1999,
四,07/22/1999,
三,07/21/1999,
二,07/20/1999,
一,07/19/1999,
五,07/16/1999,
四,07/15/1999,
三,07/14/1999,
二,07/13/1999,
一,07/12/1999,
五,07/09/1999,
四,07/08/1999,
三,07/07/1999,
二,07/06/1999,
五,07/02/1999,
四,07/01/1999,
三,06/30/1999,
二,06/29/1999,
一,06/28/1999,
五,06/25/1999,
四,06/24/1999,
三,06/23/1999,
二,06/22/1999,
一,06/21/1999,
五,06/18/1999,
四,06/17/1999,
三,06/16/1999,
二,06/15/1999,
一,06/14/1999,
五,06/11/1999,
四,06/10/1999,
三,06/09/1999,
二,06/08/1999,
一,06/07/1999,
五,06/04/1999,
四,06/03/1999,
三,06/02/1999,
二,06/01/1999,
五,05/28/1999,
四,05/27/1999,
三,05/26/1999,
二,05/25/1999,
一,05/24/1999,
五,05/21/1999,
四,05/20/1999,
三,05/19/1999,
二,05/18/1999,
一,05/17/1999,
五,05/14/1999,
四,05/13/1999,
三,05/12/1999,
二,05/11/1999,
一,05/10/1999,
五,05/07/1999,
四,05/06/1999,
三,05/05/1999,
二,05/04/1999,
一,05/03/1999,
五,04/30/1999,
四,04/29/1999,
三,04/28/1999,
二,04/27/1999,
一,04/26/1999,
五,04/23/1999,
四,04/22/1999,
三,04/21/1999,
二,04/20/1999,
一,04/19/1999,
五,04/16/1999,
四,04/15/1999,
三,04/14/1999,
二,04/13/1999,
一,04/12/1999,
五,04/09/1999,
四,04/08/1999,
三,04/07/1999,
二,04/06/1999,
一,04/05/1999,
四,04/01/1999,
三,03/31/1999,
二,03/30/1999,
一,03/29/1999,
五,03/26/1999,
四,03/25/1999,
三,03/24/1999,
二,03/23/1999,
一,03/22/1999,
五,03/19/1999,
四,03/18/1999,
三,03/17/1999,
二,03/16/1999,
一,03/15/1999,
五,03/12/1999,
四,03/11/1999,
三,03/10/1999,
二,03/09/1999,
一,03/08/1999,
五,03/05/1999,
四,03/04/1999,
三,03/03/1999,
二,03/02/1999,
一,03/01/1999,
五,02/26/1999,
四,02/25/1999,
三,02/24/1999,
二,02/23/1999,
一,02/22/1999,
五,02/19/1999,
四,02/18/1999,
三,02/17/1999,
二,02/16/1999,
五,02/12/1999,
四,02/11/1999,
三,02/10/1999,
二,02/09/1999,
一,02/08/1999,
五,02/05/1999,
四,02/04/1999,
三,02/03/1999,
二,02/02/1999,
一,02/01/1999,
五,01/29/1999,
四,01/28/1999,
三,01/27/1999,
二,01/26/1999,
一,01/25/1999,
五,01/22/1999,
四,01/21/1999,
三,01/20/1999,
二,01/19/1999,
五,01/15/1999,
四,01/14/1999,
三,01/13/1999,
二,01/12/1999,
一,01/11/1999,
五,01/08/1999,
四,01/07/1999,
三,01/06/1999,
二,01/05/1999,
一,01/04/1999,
四,12/31/1998,
三,12/30/1998,
二,12/29/1998,
一,12/28/1998,
四,12/24/1998,
三,12/23/1998,
二,12/22/1998,
一,12/21/1998,
五,12/18/1998,
四,12/17/1998,
三,12/16/1998,
二,12/15/1998,
一,12/14/1998,
五,12/11/1998,
四,12/10/1998,
三,12/09/1998,
二,12/08/1998,
一,12/07/1998,
五,12/04/1998,
四,12/03/1998,
三,12/02/1998,
二,12/01/1998,
一,11/30/1998,
五,11/27/1998,
三,11/25/1998,
二,11/24/1998,
一,11/23/1998,
五,11/20/1998,
四,11/19/1998,
三,11/18/1998,
二,11/17/1998,
一,11/16/1998,
五,11/13/1998,
四,11/12/1998,
三,11/11/1998,
二,11/10/1998,
一,11/09/1998,
五,11/06/1998,
四,11/05/1998,
三,11/04/1998,
二,11/03/1998,
一,11/02/1998,
五,10/30/1998,
四,10/29/1998,
三,10/28/1998,
二,10/27/1998,
一,10/26/1998,
五,10/23/1998,
四,10/22/1998,
三,10/21/1998,
二,10/20/1998,
一,10/19/1998,
五,10/16/1998,
四,10/15/1998,
三,10/14/1998,
二,10/13/1998,
一,10/12/1998,
五,10/09/1998,
四,10/08/1998,
三,10/07/1998,
二,10/06/1998,
一,10/05/1998,
五,10/02/1998,
四,10/01/1998,
三,09/30/1998,
二,09/29/1998,
一,09/28/1998,
五,09/25/1998,
四,09/24/1998,
三,09/23/1998,
二,09/22/1998,
一,09/21/1998,
五,09/18/1998,
四,09/17/1998,
三,09/16/1998,
二,09/15/1998,
一,09/14/1998,
五,09/11/1998,
四,09/10/1998,
三,09/09/1998,
二,09/08/1998,
五,09/04/1998,
四,09/03/1998,
三,09/02/1998,
二,09/01/1998,
一,08/31/1998,
五,08/28/1998,
四,08/27/1998,
三,08/26/1998,
二,08/25/1998,
一,08/24/1998,
五,08/21/1998,
四,08/20/1998,
三,08/19/1998,
二,08/18/1998,
一,08/17/1998,
五,08/14/1998,
四,08/13/1998,
三,08/12/1998,
二,08/11/1998,
一,08/10/1998,
五,08/07/1998,
四,08/06/1998,
三,08/05/1998,
二,08/04/1998,
一,08/03/1998,
五,07/31/1998,
四,07/30/1998,
三,07/29/1998,
二,07/28/1998,
一,07/27/1998,
五,07/24/1998,
四,07/23/1998,
三,07/22/1998,
二,07/21/1998,
一,07/20/1998,
五,07/17/1998,
四,07/16/1998,
三,07/15/1998,
二,07/14/1998,
一,07/13/1998,
五,07/10/1998,
四,07/09/1998,
三,07/08/1998,
二,07/07/1998,
一,07/06/1998,
四,07/02/1998,
三,07/01/1998,
二,06/30/1998,
一,06/29/1998,
五,06/26/1998,
四,06/25/1998,
三,06/24/1998,
二,06/23/1998,
一,06/22/1998,
五,06/19/1998,
四,06/18/1998,
三,06/17/1998,
二,06/16/1998,
一,06/15/1998,
五,06/12/1998,
四,06/11/1998,
三,06/10/1998,
二,06/09/1998,
一,06/08/1998,
五,06/05/1998,
四,06/04/1998,
三,06/03/1998,
二,06/02/1998,
一,06/01/1998,
五,05/29/1998,
四,05/28/1998,
三,05/27/1998,
二,05/26/1998,
五,05/22/1998,
四,05/21/1998,
三,05/20/1998,
二,05/19/1998,
一,05/18/1998,
五,05/15/1998,
四,05/14/1998,
三,05/13/1998,
二,05/12/1998,
一,05/11/1998,
五,05/08/1998,
四,05/07/1998,
三,05/06/1998,
二,05/05/1998,
一,05/04/1998,
五,05/01/1998,
四,04/30/1998,
三,04/29/1998,
二,04/28/1998,
一,04/27/1998,
五,04/24/1998,
四,04/23/1998,
三,04/22/1998,
二,04/21/1998,
一,04/20/1998,
五,04/17/1998,
四,04/16/1998,
三,04/15/1998,
二,04/14/1998,
一,04/13/1998,
四,04/09/1998,
三,04/08/1998,
二,04/07/1998,
一,04/06/1998,
五,04/03/1998,
四,04/02/1998,
三,04/01/1998,
二,03/31/1998,
一,03/30/1998,
五,03/27/1998,
四,03/26/1998,
三,03/25/1998,
二,03/24/1998,
一,03/23/1998,
五,03/20/1998,
四,03/19/1998,
三,03/18/1998,
二,03/17/1998,
一,03/16/1998,
五,03/13/1998,
四,03/12/1998,
三,03/11/1998,
二,03/10/1998,
一,03/09/1998,
五,03/06/1998,
四,03/05/1998,
三,03/04/1998,
二,03/03/1998,
一,03/02/1998,
五,02/27/1998,
四,02/26/1998,
三,02/25/1998,
二,02/24/1998,
一,02/23/1998,
五,02/20/1998,
四,02/19/1998,
三,02/18/1998,
二,02/17/1998,
五,02/13/1998,
四,02/12/1998,
三,02/11/1998,
二,02/10/1998,
一,02/09/1998,
五,02/06/1998,
四,02/05/1998,
三,02/04/1998,
二,02/03/1998,
一,02/02/1998,
五,01/30/1998,
四,01/29/1998,
三,01/28/1998,
二,01/27/1998,
一,01/26/1998,
五,01/23/1998,
四,01/22/1998,
三,01/21/1998,
二,01/20/1998,
五,01/16/1998,
四,01/15/1998,
三,01/14/1998,
二,01/13/1998,
一,01/12/1998,
五,01/09/1998,
四,01/08/1998,
三,01/07/1998,
二,01/06/1998,
一,01/05/1998,
五,01/02/1998,
三,12/31/1997,
二,12/30/1997,
一,12/29/1997,
五,12/26/1997,
三,12/24/1997,
二,12/23/1997,
一,12/22/1997,
五,12/19/1997,
四,12/18/1997,
三,12/17/1997,
二,12/16/1997,
一,12/15/1997,
五,12/12/1997,
四,12/11/1997,
三,12/10/1997,
二,12/09/1997,
一,12/08/1997,
五,12/05/1997,
四,12/04/1997,
三,12/03/1997,
二,12/02/1997,
一,12/01/1997,
五,11/28/1997,
三,11/26/1997,
二,11/25/1997,
一,11/24/1997,
五,11/21/1997,
四,11/20/1997,
三,11/19/1997,
二,11/18/1997,
一,11/17/1997,
五,11/14/1997,
四,11/13/1997,
三,11/12/1997,
二,11/11/1997,
一,11/10/1997,
五,11/07/1997,
四,11/06/1997,
三,11/05/1997,
二,11/04/1997,
一,11/03/1997,
五,10/31/1997,
四,10/30/1997,
三,10/29/1997,
二,10/28/1997,
一,10/27/1997,
五,10/24/1997,
四,10/23/1997,
三,10/22/1997,
二,10/21/1997,
一,10/20/1997,
五,10/17/1997,
四,10/16/1997,
三,10/15/1997,
二,10/14/1997,
一,10/13/1997,
五,10/10/1997,
四,10/09/1997,
三,10/08/1997,
二,10/07/1997,
一,10/06/1997,
五,10/03/1997,
四,10/02/1997,
三,10/01/1997,
二,09/30/1997,
一,09/29/1997,
五,09/26/1997,
四,09/25/1997,
三,09/24/1997,
二,09/23/1997,
一,09/22/1997,
五,09/19/1997,
四,09/18/1997,
三,09/17/1997,
二,09/16/1997,
一,09/15/1997,
五,09/12/1997,
四,09/11/1997,
三,09/10/1997,
二,09/09/1997,
一,09/08/1997,
五,09/05/1997,
四,09/04/1997,
三,09/03/1997,
二,09/02/1997,
五,08/29/1997,
四,08/28/1997,
三,08/27/1997,
二,08/26/1997,
一,08/25/1997,
五,08/22/1997,
四,08/21/1997,
三,08/20/1997,
二,08/19/1997,
一,08/18/1997,
五,08/15/1997,
四,08/14/1997,
三,08/13/1997,
二,08/12/1997,
一,08/11/1997,
五,08/08/1997,
四,08/07/1997,
三,08/06/1997,
二,08/05/1997,
一,08/04/1997,
五,08/01/1997,
四,07/31/1997,
三,07/30/1997,
二,07/29/1997,
一,07/28/1997,
五,07/25/1997,
四,07/24/1997,
三,07/23/1997,
二,07/22/1997,
一,07/21/1997,
五,07/18/1997,
四,07/17/1997,
三,07/16/1997,
二,07/15/1997,
一,07/14/1997,
五,07/11/1997,
四,07/10/1997,
三,07/09/1997,
二,07/08/1997,
一,07/07/1997,
四,07/03/1997,
三,07/02/1997,
二,07/01/1997,
一,06/30/1997,
五,06/27/1997,
四,06/26/1997,
三,06/25/1997,
二,06/24/1997,
一,06/23/1997,
五,06/20/1997,
四,06/19/1997,
三,06/18/1997,
二,06/17/1997,
一,06/16/1997,
五,06/13/1997,
四,06/12/1997,
三,06/11/1997,
二,06/10/1997,
一,06/09/1997,
五,06/06/1997,
四,06/05/1997,
三,06/04/1997,
二,06/03/1997,
一,06/02/1997,
五,05/30/1997,
四,05/29/1997,
三,05/28/1997,
二,05/27/1997,
五,05/23/1997,
四,05/22/1997,
三,05/21/1997,
二,05/20/1997,
一,05/19/1997,
五,05/16/1997,
四,05/15/1997,
三,05/14/1997,
二,05/13/1997,
一,05/12/1997,
五,05/09/1997,
四,05/08/1997,
三,05/07/1997,
二,05/06/1997,
一,05/05/1997,
五,05/02/1997,
四,05/01/1997,
三,04/30/1997,
二,04/29/1997,
一,04/28/1997,
五,04/25/1997,
四,04/24/1997,
三,04/23/1997,
二,04/22/1997,
一,04/21/1997,
五,04/18/1997,
四,04/17/1997,
三,04/16/1997,
二,04/15/1997,
一,04/14/1997,
五,04/11/1997,
四,04/10/1997,
三,04/09/1997,
二,04/08/1997,
一,04/07/1997,
五,04/04/1997,
四,04/03/1997,
三,04/02/1997,
二,04/01/1997,
一,03/31/1997,
四,03/27/1997,
三,03/26/1997,
二,03/25/1997,
一,03/24/1997,
五,03/21/1997,
四,03/20/1997,
三,03/19/1997,
二,03/18/1997,
一,03/17/1997,
五,03/14/1997,
四,03/13/1997,
三,03/12/1997,
二,03/11/1997,
一,03/10/1997,
五,03/07/1997,
四,03/06/1997,
三,03/05/1997,
二,03/04/1997,
一,03/03/1997,
五,02/28/1997,
四,02/27/1997,
三,02/26/1997,
二,02/25/1997,
一,02/24/1997,
五,02/21/1997,
四,02/20/1997,
三,02/19/1997,
二,02/18/1997,
五,02/14/1997,
四,02/13/1997,
三,02/12/1997,
二,02/11/1997,
一,02/10/1997,
五,02/07/1997,
四,02/06/1997,
三,02/05/1997,
二,02/04/1997,
一,02/03/1997,
五,01/31/1997,
四,01/30/1997,
三,01/29/1997,
二,01/28/1997,
一,01/27/1997,
五,01/24/1997,
四,01/23/1997,
三,01/22/1997,
二,01/21/1997,
一,01/20/1997,
五,01/17/1997,
四,01/16/1997,
三,01/15/1997,
二,01/14/1997,
一,01/13/1997,
五,01/10/1997,
四,01/09/1997,
三,01/08/1997,
二,01/07/1997,
一,01/06/1997,
五,01/03/1997,
四,01/02/1997,
二,12/31/1996,
一,12/30/1996,
五,12/27/1996,
四,12/26/1996,
二,12/24/1996,
一,12/23/1996,
五,12/20/1996,
四,12/19/1996,
三,12/18/1996,
二,12/17/1996,
一,12/16/1996,
五,12/13/1996,
四,12/12/1996,
三,12/11/1996,
二,12/10/1996,
一,12/09/1996,
五,12/06/1996,
四,12/05/1996,
三,12/04/1996,
二,12/03/1996,
一,12/02/1996,
五,11/29/1996,
三,11/27/1996,
二,11/26/1996,
一,11/25/1996,
五,11/22/1996,
四,11/21/1996,
三,11/20/1996,
二,11/19/1996,
一,11/18/1996,
五,11/15/1996,
四,11/14/1996,
三,11/13/1996,
二,11/12/1996,
一,11/11/1996,
五,11/08/1996,
四,11/07/1996,
三,11/06/1996,
二,11/05/1996,
一,11/04/1996,
五,11/01/1996,
四,10/31/1996,
三,10/30/1996,
二,10/29/1996,
一,10/28/1996,
五,10/25/1996,
四,10/24/1996,
三,10/23/1996,
二,10/22/1996,
一,10/21/1996,
五,10/18/1996,
四,10/17/1996,
三,10/16/1996,
二,10/15/1996,
一,10/14/1996,
五,10/11/1996,
四,10/10/1996,
三,10/09/1996,
二,10/08/1996,
一,10/07/1996,
五,10/04/1996,
四,10/03/1996,
三,10/02/1996,
二,10/01/1996,
一,09/30/1996,
五,09/27/1996,
四,09/26/1996,
三,09/25/1996,
二,09/24/1996,
一,09/23/1996,
五,09/20/1996,
四,09/19/1996,
三,09/18/1996,
二,09/17/1996,
一,09/16/1996,
五,09/13/1996,
四,09/12/1996,
三,09/11/1996,
二,09/10/1996,
一,09/09/1996,
五,09/06/1996,
四,09/05/1996,
三,09/04/1996,
二,09/03/1996,
五,08/30/1996,
四,08/29/1996,
三,08/28/1996,
二,08/27/1996,
一,08/26/1996,
五,08/23/1996,
四,08/22/1996,
三,08/21/1996,
二,08/20/1996,
一,08/19/1996,
五,08/16/1996,
四,08/15/1996,
三,08/14/1996,
二,08/13/1996,
一,08/12/1996,
五,08/09/1996,
四,08/08/1996,
三,08/07/1996,
二,08/06/1996,
一,08/05/1996,
五,08/02/1996,
四,08/01/1996,
三,07/31/1996,
二,07/30/1996,
一,07/29/1996,
五,07/26/1996,
四,07/25/1996,
三,07/24/1996,
二,07/23/1996,
一,07/22/1996,
五,07/19/1996,
四,07/18/1996,
三,07/17/1996,
二,07/16/1996,
一,07/15/1996,
五,07/12/1996,
四,07/11/1996,
三,07/10/1996,
二,07/09/1996,
一,07/08/1996,
五,07/05/1996,
三,07/03/1996,
二,07/02/1996,
一,07/01/1996,
五,06/28/1996,
四,06/27/1996,
三,06/26/1996,
二,06/25/1996,
一,06/24/1996,
五,06/21/1996,
四,06/20/1996,
三,06/19/1996,
二,06/18/1996,
一,06/17/1996,
五,06/14/1996,
四,06/13/1996,
三,06/12/1996,
二,06/11/1996,
一,06/10/1996,
五,06/07/1996,
四,06/06/1996,
三,06/05/1996,
二,06/04/1996,
一,06/03/1996,
五,05/31/1996,
四,05/30/1996,
三,05/29/1996,
二,05/28/1996,
五,05/24/1996,
四,05/23/1996,
三,05/22/1996,
二,05/21/1996,
一,05/20/1996,
五,05/17/1996,
四,05/16/1996,
三,05/15/1996,
二,05/14/1996,
一,05/13/1996,
五,05/10/1996,
四,05/09/1996,
三,05/08/1996,
二,05/07/1996,
一,05/06/1996,
五,05/03/1996,
四,05/02/1996,
三,05/01/1996,
二,04/30/1996,
一,04/29/1996,
