四,04/26/2018,16.77
三,04/25/2018,16.6
二,04/24/2018,16.6
一,04/23/2018,16.61
五,04/20/2018,16.48
四,04/19/2018,16.63
三,04/18/2018,16.69
二,04/17/2018,16.8
一,04/16/2018,16.95
五,04/13/2018,16.67
四,04/12/2018,16.92
三,04/11/2018,16.86
二,04/10/2018,17.06
一,04/09/2018,17.05
五,04/06/2018,16.86
四,04/05/2018,16.9
三,04/04/2018,16.72
二,04/03/2018,16.81
一,04/02/2018,16.63
四,03/29/2018,16.54
三,03/28/2018,16.72
二,03/27/2018,17.19
一,03/26/2018,17.16
五,03/23/2018,17.17
四,03/22/2018,17.3
三,03/21/2018,17.46
二,03/20/2018,17.33
一,03/19/2018,17.26
五,03/16/2018,17.09
四,03/15/2018,17.13
三,03/14/2018,17.23
二,03/13/2018,17.16
一,03/12/2018,17.44
五,03/09/2018,17.3
四,03/08/2018,16.96
三,03/07/2018,17.04
二,03/06/2018,17.11
一,03/05/2018,17.03
五,03/02/2018,16.82
四,03/01/2018,16.76
三,02/28/2018,16.85
二,02/27/2018,17.17
一,02/26/2018,17.47
五,02/23/2018,17.37
四,02/22/2018,17.17
三,02/21/2018,16.77
二,02/20/2018,16.95
五,02/16/2018,17.33
四,02/15/2018,17.25
三,02/14/2018,16.91
二,02/13/2018,16.89
一,02/12/2018,16.74
五,02/09/2018,16.43
四,02/08/2018,16.38
三,02/07/2018,16.8
二,02/06/2018,16.92
一,02/05/2018,16.69
五,02/02/2018,16.89
四,02/01/2018,17.12
三,01/31/2018,17.24
二,01/30/2018,17.2
一,01/29/2018,17.33
五,01/26/2018,17.27
四,01/25/2018,17.44
三,01/24/2018,17.39
二,01/23/2018,17.44
一,01/22/2018,17.44
五,01/19/2018,17.5
四,01/18/2018,17.47
三,01/17/2018,17.43
二,01/16/2018,17.45
五,01/12/2018,17.52
四,01/11/2018,17.55
三,01/10/2018,17.49
二,01/09/2018,17.6
一,01/08/2018,17.83
五,01/05/2018,17.74
四,01/04/2018,17.76
三,01/03/2018,17.8
二,01/02/2018,17.8
五,12/29/2017,17.74
四,12/28/2017,17.77
三,12/27/2017,18.28
二,12/26/2017,18.14
五,12/22/2017,18.13
四,12/21/2017,18.21
三,12/20/2017,18.11
二,12/19/2017,18.0
一,12/18/2017,18.17
五,12/15/2017,18.0
四,12/14/2017,17.83
三,12/13/2017,17.83
二,12/12/2017,17.79
一,12/11/2017,17.76
五,12/08/2017,17.87
四,12/07/2017,17.64
三,12/06/2017,17.64
二,12/05/2017,17.83
一,12/04/2017,18.1
五,12/01/2017,17.96
四,11/30/2017,17.95
三,11/29/2017,18.0
二,11/28/2017,17.91
一,11/27/2017,17.86
五,11/24/2017,17.95
三,11/22/2017,18.04
二,11/21/2017,17.77
一,11/20/2017,17.74
五,11/17/2017,18.1
四,11/16/2017,17.85
三,11/15/2017,17.89
二,11/14/2017,17.78
一,11/13/2017,17.56
五,11/10/2017,17.78
四,11/09/2017,17.8
三,11/08/2017,17.45
二,11/07/2017,17.57
一,11/06/2017,17.96
五,11/03/2017,17.83
四,11/02/2017,17.76
三,11/01/2017,18.78
二,10/31/2017,18.55
一,10/30/2017,18.54
五,10/27/2017,18.54
四,10/26/2017,18.13
三,10/25/2017,18.28
二,10/24/2017,18.38
一,10/23/2017,18.3
五,10/20/2017,18.4
四,10/19/2017,18.4
三,10/18/2017,18.69
二,10/17/2017,18.97
一,10/16/2017,18.96
五,10/13/2017,18.9
四,10/12/2017,18.95
三,10/11/2017,18.97
二,10/10/2017,18.94
一,10/09/2017,18.9
五,10/06/2017,18.94
四,10/05/2017,19.08
三,10/04/2017,19.07
二,10/03/2017,19.07
一,10/02/2017,18.93
五,09/29/2017,18.73
四,09/28/2017,18.74
三,09/27/2017,18.93
二,09/26/2017,18.97
一,09/25/2017,18.95
五,09/22/2017,19.02
四,09/21/2017,19.03
三,09/20/2017,18.8
二,09/19/2017,18.7
一,09/18/2017,18.95
五,09/15/2017,18.88
四,09/14/2017,19.1
三,09/13/2017,19.24
二,09/12/2017,19.23
一,09/11/2017,19.15
五,09/08/2017,19.04
四,09/07/2017,19.13
三,09/06/2017,19.18
二,09/05/2017,19.24
五,09/01/2017,19.19
四,08/31/2017,19.14
三,08/30/2017,19.15
二,08/29/2017,19.03
一,08/28/2017,19.18
五,08/25/2017,19.19
四,08/24/2017,19.14
三,08/23/2017,19.05
二,08/22/2017,19.1
一,08/21/2017,19.1
五,08/18/2017,19.07
四,08/17/2017,19.18
三,08/16/2017,19.21
二,08/15/2017,19.06
一,08/14/2017,19.1
五,08/11/2017,19.28
四,08/10/2017,19.14
三,08/09/2017,18.96
二,08/08/2017,19.17
一,08/07/2017,19.25
五,08/04/2017,19.3
四,08/03/2017,19.18
三,08/02/2017,19.23
二,08/01/2017,18.9
一,07/31/2017,18.85
五,07/28/2017,18.8
四,07/27/2017,18.78
三,07/26/2017,18.87
二,07/25/2017,18.96
一,07/24/2017,19.04
五,07/21/2017,19.0
四,07/20/2017,19.05
三,07/19/2017,19.05
二,07/18/2017,19.0
一,07/17/2017,19.07
五,07/14/2017,19.2
四,07/13/2017,19.13
三,07/12/2017,19.07
二,07/11/2017,19.01
一,07/10/2017,19.0
五,07/07/2017,18.95
四,07/06/2017,18.94
三,07/05/2017,19.1
一,07/03/2017,18.93
五,06/30/2017,18.92
四,06/29/2017,18.82
三,06/28/2017,18.95
二,06/27/2017,18.93
一,06/26/2017,19.04
五,06/23/2017,19.0
四,06/22/2017,19.5
三,06/21/2017,
二,06/20/2017,
一,06/19/2017,
五,06/16/2017,
四,06/15/2017,
三,06/14/2017,
二,06/13/2017,
一,06/12/2017,
五,06/09/2017,
四,06/08/2017,
三,06/07/2017,
二,06/06/2017,
一,06/05/2017,
五,06/02/2017,
四,06/01/2017,
三,05/31/2017,
二,05/30/2017,
五,05/26/2017,
四,05/25/2017,
三,05/24/2017,
二,05/23/2017,
一,05/22/2017,
五,05/19/2017,
四,05/18/2017,
三,05/17/2017,
二,05/16/2017,
一,05/15/2017,
五,05/12/2017,
四,05/11/2017,
三,05/10/2017,
二,05/09/2017,
一,05/08/2017,
五,05/05/2017,
四,05/04/2017,
三,05/03/2017,
二,05/02/2017,
一,05/01/2017,
五,04/28/2017,
四,04/27/2017,
三,04/26/2017,
二,04/25/2017,
一,04/24/2017,
五,04/21/2017,
四,04/20/2017,
三,04/19/2017,
二,04/18/2017,
一,04/17/2017,
四,04/13/2017,
三,04/12/2017,
二,04/11/2017,
一,04/10/2017,
五,04/07/2017,
四,04/06/2017,
三,04/05/2017,
二,04/04/2017,
一,04/03/2017,
五,03/31/2017,
四,03/30/2017,
三,03/29/2017,
二,03/28/2017,
一,03/27/2017,
五,03/24/2017,
四,03/23/2017,
三,03/22/2017,
二,03/21/2017,
一,03/20/2017,
五,03/17/2017,
四,03/16/2017,
三,03/15/2017,
二,03/14/2017,
一,03/13/2017,
五,03/10/2017,
四,03/09/2017,
三,03/08/2017,
二,03/07/2017,
一,03/06/2017,
五,03/03/2017,
四,03/02/2017,
三,03/01/2017,
二,02/28/2017,
一,02/27/2017,
五,02/24/2017,
四,02/23/2017,
三,02/22/2017,
二,02/21/2017,
五,02/17/2017,
四,02/16/2017,
三,02/15/2017,
二,02/14/2017,
一,02/13/2017,
五,02/10/2017,
四,02/09/2017,
三,02/08/2017,
二,02/07/2017,
一,02/06/2017,
五,02/03/2017,
四,02/02/2017,
三,02/01/2017,
二,01/31/2017,
一,01/30/2017,
五,01/27/2017,
四,01/26/2017,
三,01/25/2017,
二,01/24/2017,
一,01/23/2017,
五,01/20/2017,
四,01/19/2017,
三,01/18/2017,
二,01/17/2017,
五,01/13/2017,
四,01/12/2017,
三,01/11/2017,
二,01/10/2017,
一,01/09/2017,
五,01/06/2017,
四,01/05/2017,
三,01/04/2017,
二,01/03/2017,
五,12/30/2016,
四,12/29/2016,
三,12/28/2016,
二,12/27/2016,
五,12/23/2016,
四,12/22/2016,
三,12/21/2016,
二,12/20/2016,
一,12/19/2016,
五,12/16/2016,
四,12/15/2016,
三,12/14/2016,
二,12/13/2016,
一,12/12/2016,
五,12/09/2016,
四,12/08/2016,
三,12/07/2016,
二,12/06/2016,
一,12/05/2016,
五,12/02/2016,
四,12/01/2016,
三,11/30/2016,
二,11/29/2016,
一,11/28/2016,
五,11/25/2016,
三,11/23/2016,
二,11/22/2016,
一,11/21/2016,
五,11/18/2016,
四,11/17/2016,
三,11/16/2016,
二,11/15/2016,
一,11/14/2016,
五,11/11/2016,
四,11/10/2016,
三,11/09/2016,
二,11/08/2016,
一,11/07/2016,
五,11/04/2016,
四,11/03/2016,
三,11/02/2016,
二,11/01/2016,
一,10/31/2016,
五,10/28/2016,
四,10/27/2016,
三,10/26/2016,
二,10/25/2016,
一,10/24/2016,
五,10/21/2016,
四,10/20/2016,
三,10/19/2016,
二,10/18/2016,
一,10/17/2016,
五,10/14/2016,
四,10/13/2016,
三,10/12/2016,
二,10/11/2016,
一,10/10/2016,
五,10/07/2016,
四,10/06/2016,
三,10/05/2016,
二,10/04/2016,
一,10/03/2016,
五,09/30/2016,
四,09/29/2016,
三,09/28/2016,
二,09/27/2016,
一,09/26/2016,
五,09/23/2016,
四,09/22/2016,
三,09/21/2016,
二,09/20/2016,
一,09/19/2016,
五,09/16/2016,
四,09/15/2016,
三,09/14/2016,
二,09/13/2016,
一,09/12/2016,
五,09/09/2016,
四,09/08/2016,
三,09/07/2016,
二,09/06/2016,
五,09/02/2016,
四,09/01/2016,
三,08/31/2016,
二,08/30/2016,
一,08/29/2016,
五,08/26/2016,
四,08/25/2016,
三,08/24/2016,
二,08/23/2016,
一,08/22/2016,
五,08/19/2016,
四,08/18/2016,
三,08/17/2016,
二,08/16/2016,
一,08/15/2016,
五,08/12/2016,
四,08/11/2016,
三,08/10/2016,
二,08/09/2016,
一,08/08/2016,
五,08/05/2016,
四,08/04/2016,
三,08/03/2016,
二,08/02/2016,
一,08/01/2016,
五,07/29/2016,
四,07/28/2016,
三,07/27/2016,
二,07/26/2016,
一,07/25/2016,
五,07/22/2016,
四,07/21/2016,
三,07/20/2016,
二,07/19/2016,
一,07/18/2016,
五,07/15/2016,
四,07/14/2016,
三,07/13/2016,
二,07/12/2016,
一,07/11/2016,
五,07/08/2016,
四,07/07/2016,
三,07/06/2016,
二,07/05/2016,
五,07/01/2016,
四,06/30/2016,
三,06/29/2016,
二,06/28/2016,
一,06/27/2016,
五,06/24/2016,
四,06/23/2016,
三,06/22/2016,
二,06/21/2016,
一,06/20/2016,
五,06/17/2016,
四,06/16/2016,
三,06/15/2016,
二,06/14/2016,
一,06/13/2016,
五,06/10/2016,
四,06/09/2016,
三,06/08/2016,
二,06/07/2016,
一,06/06/2016,
五,06/03/2016,
四,06/02/2016,
三,06/01/2016,
二,05/31/2016,
五,05/27/2016,
四,05/26/2016,
三,05/25/2016,
二,05/24/2016,
一,05/23/2016,
五,05/20/2016,
四,05/19/2016,
三,05/18/2016,
二,05/17/2016,
一,05/16/2016,
五,05/13/2016,
四,05/12/2016,
三,05/11/2016,
二,05/10/2016,
一,05/09/2016,
五,05/06/2016,
四,05/05/2016,
三,05/04/2016,
二,05/03/2016,
一,05/02/2016,
五,04/29/2016,
四,04/28/2016,
三,04/27/2016,
二,04/26/2016,
一,04/25/2016,
五,04/22/2016,
四,04/21/2016,
三,04/20/2016,
二,04/19/2016,
一,04/18/2016,
五,04/15/2016,
四,04/14/2016,
三,04/13/2016,
二,04/12/2016,
一,04/11/2016,
五,04/08/2016,
四,04/07/2016,
三,04/06/2016,
二,04/05/2016,
一,04/04/2016,
五,04/01/2016,
四,03/31/2016,
三,03/30/2016,
二,03/29/2016,
一,03/28/2016,
四,03/24/2016,
三,03/23/2016,
二,03/22/2016,
一,03/21/2016,
五,03/18/2016,
四,03/17/2016,
三,03/16/2016,
二,03/15/2016,
一,03/14/2016,
五,03/11/2016,
四,03/10/2016,
三,03/09/2016,
二,03/08/2016,
一,03/07/2016,
五,03/04/2016,
四,03/03/2016,
三,03/02/2016,
二,03/01/2016,
一,02/29/2016,
五,02/26/2016,
四,02/25/2016,
三,02/24/2016,
二,02/23/2016,
一,02/22/2016,
五,02/19/2016,
四,02/18/2016,
三,02/17/2016,
二,02/16/2016,
五,02/12/2016,
四,02/11/2016,
三,02/10/2016,
二,02/09/2016,
一,02/08/2016,
五,02/05/2016,
四,02/04/2016,
三,02/03/2016,
二,02/02/2016,
一,02/01/2016,
五,01/29/2016,
四,01/28/2016,
三,01/27/2016,
二,01/26/2016,
一,01/25/2016,
五,01/22/2016,
四,01/21/2016,
三,01/20/2016,
二,01/19/2016,
五,01/15/2016,
四,01/14/2016,
三,01/13/2016,
二,01/12/2016,
一,01/11/2016,
五,01/08/2016,
四,01/07/2016,
三,01/06/2016,
二,01/05/2016,
一,01/04/2016,
四,12/31/2015,
三,12/30/2015,
二,12/29/2015,
一,12/28/2015,
四,12/24/2015,
三,12/23/2015,
二,12/22/2015,
一,12/21/2015,
五,12/18/2015,
四,12/17/2015,
三,12/16/2015,
二,12/15/2015,
一,12/14/2015,
五,12/11/2015,
四,12/10/2015,
三,12/09/2015,
二,12/08/2015,
一,12/07/2015,
五,12/04/2015,
四,12/03/2015,
三,12/02/2015,
二,12/01/2015,
一,11/30/2015,
五,11/27/2015,
三,11/25/2015,
二,11/24/2015,
一,11/23/2015,
五,11/20/2015,
四,11/19/2015,
三,11/18/2015,
二,11/17/2015,
一,11/16/2015,
五,11/13/2015,
四,11/12/2015,
三,11/11/2015,
二,11/10/2015,
一,11/09/2015,
五,11/06/2015,
四,11/05/2015,
三,11/04/2015,
二,11/03/2015,
一,11/02/2015,
五,10/30/2015,
四,10/29/2015,
三,10/28/2015,
二,10/27/2015,
一,10/26/2015,
五,10/23/2015,
四,10/22/2015,
三,10/21/2015,
二,10/20/2015,
一,10/19/2015,
五,10/16/2015,
四,10/15/2015,
三,10/14/2015,
二,10/13/2015,
一,10/12/2015,
五,10/09/2015,
四,10/08/2015,
三,10/07/2015,
二,10/06/2015,
一,10/05/2015,
五,10/02/2015,
四,10/01/2015,
三,09/30/2015,
二,09/29/2015,
一,09/28/2015,
五,09/25/2015,
四,09/24/2015,
三,09/23/2015,
二,09/22/2015,
一,09/21/2015,
五,09/18/2015,
四,09/17/2015,
三,09/16/2015,
二,09/15/2015,
一,09/14/2015,
五,09/11/2015,
四,09/10/2015,
三,09/09/2015,
二,09/08/2015,
五,09/04/2015,
四,09/03/2015,
三,09/02/2015,
二,09/01/2015,
一,08/31/2015,
五,08/28/2015,
四,08/27/2015,
三,08/26/2015,
二,08/25/2015,
一,08/24/2015,
五,08/21/2015,
四,08/20/2015,
三,08/19/2015,
二,08/18/2015,
一,08/17/2015,
五,08/14/2015,
四,08/13/2015,
三,08/12/2015,
二,08/11/2015,
一,08/10/2015,
五,08/07/2015,
四,08/06/2015,
三,08/05/2015,
二,08/04/2015,
一,08/03/2015,
五,07/31/2015,
四,07/30/2015,
三,07/29/2015,
二,07/28/2015,
一,07/27/2015,
五,07/24/2015,
四,07/23/2015,
三,07/22/2015,
二,07/21/2015,
一,07/20/2015,
五,07/17/2015,
四,07/16/2015,
三,07/15/2015,
二,07/14/2015,
一,07/13/2015,
五,07/10/2015,
四,07/09/2015,
三,07/08/2015,
二,07/07/2015,
一,07/06/2015,
四,07/02/2015,
三,07/01/2015,
二,06/30/2015,
一,06/29/2015,
五,06/26/2015,
四,06/25/2015,
三,06/24/2015,
二,06/23/2015,
一,06/22/2015,
五,06/19/2015,
四,06/18/2015,
三,06/17/2015,
二,06/16/2015,
一,06/15/2015,
五,06/12/2015,
四,06/11/2015,
三,06/10/2015,
二,06/09/2015,
一,06/08/2015,
五,06/05/2015,
四,06/04/2015,
三,06/03/2015,
二,06/02/2015,
一,06/01/2015,
五,05/29/2015,
四,05/28/2015,
三,05/27/2015,
二,05/26/2015,
五,05/22/2015,
四,05/21/2015,
三,05/20/2015,
二,05/19/2015,
一,05/18/2015,
五,05/15/2015,
四,05/14/2015,
三,05/13/2015,
二,05/12/2015,
一,05/11/2015,
五,05/08/2015,
四,05/07/2015,
三,05/06/2015,
二,05/05/2015,
一,05/04/2015,
五,05/01/2015,
四,04/30/2015,
三,04/29/2015,
二,04/28/2015,
一,04/27/2015,
五,04/24/2015,
四,04/23/2015,
三,04/22/2015,
二,04/21/2015,
一,04/20/2015,
五,04/17/2015,
四,04/16/2015,
三,04/15/2015,
二,04/14/2015,
一,04/13/2015,
五,04/10/2015,
四,04/09/2015,
三,04/08/2015,
二,04/07/2015,
一,04/06/2015,
四,04/02/2015,
三,04/01/2015,
二,03/31/2015,
一,03/30/2015,
五,03/27/2015,
四,03/26/2015,
三,03/25/2015,
二,03/24/2015,
一,03/23/2015,
五,03/20/2015,
四,03/19/2015,
三,03/18/2015,
二,03/17/2015,
一,03/16/2015,
五,03/13/2015,
四,03/12/2015,
三,03/11/2015,
二,03/10/2015,
一,03/09/2015,
五,03/06/2015,
四,03/05/2015,
三,03/04/2015,
二,03/03/2015,
一,03/02/2015,
五,02/27/2015,
四,02/26/2015,
三,02/25/2015,
二,02/24/2015,
一,02/23/2015,
五,02/20/2015,
四,02/19/2015,
三,02/18/2015,
二,02/17/2015,
五,02/13/2015,
四,02/12/2015,
三,02/11/2015,
二,02/10/2015,
一,02/09/2015,
五,02/06/2015,
四,02/05/2015,
三,02/04/2015,
二,02/03/2015,
一,02/02/2015,
五,01/30/2015,
四,01/29/2015,
三,01/28/2015,
二,01/27/2015,
一,01/26/2015,
五,01/23/2015,
四,01/22/2015,
三,01/21/2015,
二,01/20/2015,
五,01/16/2015,
四,01/15/2015,
三,01/14/2015,
二,01/13/2015,
一,01/12/2015,
五,01/09/2015,
四,01/08/2015,
三,01/07/2015,
二,01/06/2015,
一,01/05/2015,
五,01/02/2015,
三,12/31/2014,
二,12/30/2014,
一,12/29/2014,
五,12/26/2014,
三,12/24/2014,
二,12/23/2014,
一,12/22/2014,
五,12/19/2014,
四,12/18/2014,
三,12/17/2014,
二,12/16/2014,
一,12/15/2014,
五,12/12/2014,
四,12/11/2014,
三,12/10/2014,
二,12/09/2014,
一,12/08/2014,
五,12/05/2014,
四,12/04/2014,
三,12/03/2014,
二,12/02/2014,
一,12/01/2014,
五,11/28/2014,
三,11/26/2014,
二,11/25/2014,
一,11/24/2014,
五,11/21/2014,
四,11/20/2014,
三,11/19/2014,
二,11/18/2014,
一,11/17/2014,
五,11/14/2014,
四,11/13/2014,
三,11/12/2014,
二,11/11/2014,
一,11/10/2014,
五,11/07/2014,
四,11/06/2014,
三,11/05/2014,
二,11/04/2014,
一,11/03/2014,
五,10/31/2014,
四,10/30/2014,
三,10/29/2014,
二,10/28/2014,
一,10/27/2014,
五,10/24/2014,
四,10/23/2014,
三,10/22/2014,
二,10/21/2014,
一,10/20/2014,
五,10/17/2014,
四,10/16/2014,
三,10/15/2014,
二,10/14/2014,
一,10/13/2014,
五,10/10/2014,
四,10/09/2014,
三,10/08/2014,
二,10/07/2014,
一,10/06/2014,
五,10/03/2014,
四,10/02/2014,
三,10/01/2014,
二,09/30/2014,
一,09/29/2014,
五,09/26/2014,
四,09/25/2014,
三,09/24/2014,
二,09/23/2014,
一,09/22/2014,
五,09/19/2014,
四,09/18/2014,
三,09/17/2014,
二,09/16/2014,
一,09/15/2014,
五,09/12/2014,
四,09/11/2014,
三,09/10/2014,
二,09/09/2014,
一,09/08/2014,
五,09/05/2014,
四,09/04/2014,
三,09/03/2014,
二,09/02/2014,
五,08/29/2014,
四,08/28/2014,
三,08/27/2014,
二,08/26/2014,
一,08/25/2014,
五,08/22/2014,
四,08/21/2014,
三,08/20/2014,
二,08/19/2014,
一,08/18/2014,
五,08/15/2014,
四,08/14/2014,
三,08/13/2014,
二,08/12/2014,
一,08/11/2014,
五,08/08/2014,
四,08/07/2014,
三,08/06/2014,
二,08/05/2014,
一,08/04/2014,
五,08/01/2014,
四,07/31/2014,
三,07/30/2014,
二,07/29/2014,
一,07/28/2014,
五,07/25/2014,
四,07/24/2014,
三,07/23/2014,
二,07/22/2014,
一,07/21/2014,
五,07/18/2014,
四,07/17/2014,
三,07/16/2014,
二,07/15/2014,
一,07/14/2014,
五,07/11/2014,
四,07/10/2014,
三,07/09/2014,
二,07/08/2014,
一,07/07/2014,
四,07/03/2014,
三,07/02/2014,
二,07/01/2014,
一,06/30/2014,
五,06/27/2014,
四,06/26/2014,
三,06/25/2014,
二,06/24/2014,
一,06/23/2014,
五,06/20/2014,
四,06/19/2014,
三,06/18/2014,
二,06/17/2014,
一,06/16/2014,
五,06/13/2014,
四,06/12/2014,
三,06/11/2014,
二,06/10/2014,
一,06/09/2014,
五,06/06/2014,
四,06/05/2014,
三,06/04/2014,
二,06/03/2014,
一,06/02/2014,
五,05/30/2014,
四,05/29/2014,
三,05/28/2014,
二,05/27/2014,
五,05/23/2014,
四,05/22/2014,
三,05/21/2014,
二,05/20/2014,
一,05/19/2014,
五,05/16/2014,
四,05/15/2014,
三,05/14/2014,
二,05/13/2014,
一,05/12/2014,
五,05/09/2014,
四,05/08/2014,
三,05/07/2014,
二,05/06/2014,
一,05/05/2014,
五,05/02/2014,
四,05/01/2014,
三,04/30/2014,
二,04/29/2014,
一,04/28/2014,
五,04/25/2014,
四,04/24/2014,
三,04/23/2014,
二,04/22/2014,
一,04/21/2014,
四,04/17/2014,
三,04/16/2014,
二,04/15/2014,
一,04/14/2014,
五,04/11/2014,
四,04/10/2014,
三,04/09/2014,
二,04/08/2014,
一,04/07/2014,
五,04/04/2014,
四,04/03/2014,
三,04/02/2014,
二,04/01/2014,
一,03/31/2014,
五,03/28/2014,
四,03/27/2014,
三,03/26/2014,
二,03/25/2014,
一,03/24/2014,
五,03/21/2014,
四,03/20/2014,
三,03/19/2014,
二,03/18/2014,
一,03/17/2014,
五,03/14/2014,
四,03/13/2014,
三,03/12/2014,
二,03/11/2014,
一,03/10/2014,
五,03/07/2014,
四,03/06/2014,
三,03/05/2014,
二,03/04/2014,
一,03/03/2014,
五,02/28/2014,
四,02/27/2014,
三,02/26/2014,
二,02/25/2014,
一,02/24/2014,
五,02/21/2014,
四,02/20/2014,
三,02/19/2014,
二,02/18/2014,
五,02/14/2014,
四,02/13/2014,
三,02/12/2014,
二,02/11/2014,
一,02/10/2014,
五,02/07/2014,
四,02/06/2014,
三,02/05/2014,
二,02/04/2014,
一,02/03/2014,
五,01/31/2014,
四,01/30/2014,
三,01/29/2014,
二,01/28/2014,
一,01/27/2014,
五,01/24/2014,
四,01/23/2014,
三,01/22/2014,
二,01/21/2014,
五,01/17/2014,
四,01/16/2014,
三,01/15/2014,
二,01/14/2014,
一,01/13/2014,
五,01/10/2014,
四,01/09/2014,
三,01/08/2014,
二,01/07/2014,
一,01/06/2014,
五,01/03/2014,
四,01/02/2014,
二,12/31/2013,
一,12/30/2013,
五,12/27/2013,
四,12/26/2013,
二,12/24/2013,
一,12/23/2013,
五,12/20/2013,
四,12/19/2013,
三,12/18/2013,
二,12/17/2013,
一,12/16/2013,
五,12/13/2013,
四,12/12/2013,
三,12/11/2013,
二,12/10/2013,
一,12/09/2013,
五,12/06/2013,
四,12/05/2013,
三,12/04/2013,
二,12/03/2013,
一,12/02/2013,
五,11/29/2013,
三,11/27/2013,
二,11/26/2013,
一,11/25/2013,
五,11/22/2013,
四,11/21/2013,
三,11/20/2013,
二,11/19/2013,
一,11/18/2013,
五,11/15/2013,
四,11/14/2013,
三,11/13/2013,
二,11/12/2013,
一,11/11/2013,
五,11/08/2013,
四,11/07/2013,
三,11/06/2013,
二,11/05/2013,
一,11/04/2013,
五,11/01/2013,
四,10/31/2013,
三,10/30/2013,
二,10/29/2013,
一,10/28/2013,
五,10/25/2013,
四,10/24/2013,
三,10/23/2013,
二,10/22/2013,
一,10/21/2013,
五,10/18/2013,
四,10/17/2013,
三,10/16/2013,
二,10/15/2013,
一,10/14/2013,
五,10/11/2013,
四,10/10/2013,
三,10/09/2013,
二,10/08/2013,
一,10/07/2013,
五,10/04/2013,
四,10/03/2013,
三,10/02/2013,
二,10/01/2013,
一,09/30/2013,
五,09/27/2013,
四,09/26/2013,
三,09/25/2013,
二,09/24/2013,
一,09/23/2013,
五,09/20/2013,
四,09/19/2013,
三,09/18/2013,
二,09/17/2013,
一,09/16/2013,
五,09/13/2013,
四,09/12/2013,
三,09/11/2013,
二,09/10/2013,
一,09/09/2013,
五,09/06/2013,
四,09/05/2013,
三,09/04/2013,
二,09/03/2013,
五,08/30/2013,
四,08/29/2013,
三,08/28/2013,
二,08/27/2013,
一,08/26/2013,
五,08/23/2013,
四,08/22/2013,
三,08/21/2013,
二,08/20/2013,
一,08/19/2013,
五,08/16/2013,
四,08/15/2013,
三,08/14/2013,
二,08/13/2013,
一,08/12/2013,
五,08/09/2013,
四,08/08/2013,
三,08/07/2013,
二,08/06/2013,
一,08/05/2013,
五,08/02/2013,
四,08/01/2013,
三,07/31/2013,
二,07/30/2013,
一,07/29/2013,
五,07/26/2013,
四,07/25/2013,
三,07/24/2013,
二,07/23/2013,
一,07/22/2013,
五,07/19/2013,
四,07/18/2013,
三,07/17/2013,
二,07/16/2013,
一,07/15/2013,
五,07/12/2013,
四,07/11/2013,
三,07/10/2013,
二,07/09/2013,
一,07/08/2013,
五,07/05/2013,
三,07/03/2013,
二,07/02/2013,
一,07/01/2013,
五,06/28/2013,
四,06/27/2013,
三,06/26/2013,
二,06/25/2013,
一,06/24/2013,
五,06/21/2013,
四,06/20/2013,
三,06/19/2013,
二,06/18/2013,
一,06/17/2013,
五,06/14/2013,
四,06/13/2013,
三,06/12/2013,
二,06/11/2013,
一,06/10/2013,
五,06/07/2013,
四,06/06/2013,
三,06/05/2013,
二,06/04/2013,
一,06/03/2013,
五,05/31/2013,
四,05/30/2013,
三,05/29/2013,
二,05/28/2013,
五,05/24/2013,
四,05/23/2013,
三,05/22/2013,
二,05/21/2013,
一,05/20/2013,
五,05/17/2013,
四,05/16/2013,
三,05/15/2013,
二,05/14/2013,
一,05/13/2013,
五,05/10/2013,
四,05/09/2013,
三,05/08/2013,
二,05/07/2013,
一,05/06/2013,
五,05/03/2013,
四,05/02/2013,
三,05/01/2013,
二,04/30/2013,
一,04/29/2013,
五,04/26/2013,
四,04/25/2013,
三,04/24/2013,
二,04/23/2013,
一,04/22/2013,
五,04/19/2013,
四,04/18/2013,
三,04/17/2013,
二,04/16/2013,
一,04/15/2013,
五,04/12/2013,
四,04/11/2013,
三,04/10/2013,
二,04/09/2013,
一,04/08/2013,
五,04/05/2013,
四,04/04/2013,
三,04/03/2013,
二,04/02/2013,
一,04/01/2013,
四,03/28/2013,
三,03/27/2013,
二,03/26/2013,
一,03/25/2013,
五,03/22/2013,
四,03/21/2013,
三,03/20/2013,
二,03/19/2013,
一,03/18/2013,
五,03/15/2013,
四,03/14/2013,
三,03/13/2013,
二,03/12/2013,
一,03/11/2013,
五,03/08/2013,
四,03/07/2013,
三,03/06/2013,
二,03/05/2013,
一,03/04/2013,
五,03/01/2013,
四,02/28/2013,
三,02/27/2013,
二,02/26/2013,
一,02/25/2013,
五,02/22/2013,
四,02/21/2013,
三,02/20/2013,
二,02/19/2013,
五,02/15/2013,
四,02/14/2013,
三,02/13/2013,
二,02/12/2013,
一,02/11/2013,
五,02/08/2013,
四,02/07/2013,
三,02/06/2013,
二,02/05/2013,
一,02/04/2013,
五,02/01/2013,
四,01/31/2013,
三,01/30/2013,
二,01/29/2013,
一,01/28/2013,
五,01/25/2013,
四,01/24/2013,
三,01/23/2013,
二,01/22/2013,
五,01/18/2013,
四,01/17/2013,
三,01/16/2013,
二,01/15/2013,
一,01/14/2013,
五,01/11/2013,
四,01/10/2013,
三,01/09/2013,
二,01/08/2013,
一,01/07/2013,
五,01/04/2013,
四,01/03/2013,
三,01/02/2013,
一,12/31/2012,
五,12/28/2012,
四,12/27/2012,
三,12/26/2012,
一,12/24/2012,
五,12/21/2012,
四,12/20/2012,
三,12/19/2012,
二,12/18/2012,
一,12/17/2012,
五,12/14/2012,
四,12/13/2012,
三,12/12/2012,
二,12/11/2012,
一,12/10/2012,
五,12/07/2012,
四,12/06/2012,
三,12/05/2012,
二,12/04/2012,
一,12/03/2012,
五,11/30/2012,
四,11/29/2012,
三,11/28/2012,
二,11/27/2012,
一,11/26/2012,
五,11/23/2012,
三,11/21/2012,
二,11/20/2012,
一,11/19/2012,
五,11/16/2012,
四,11/15/2012,
三,11/14/2012,
二,11/13/2012,
一,11/12/2012,
五,11/09/2012,
四,11/08/2012,
三,11/07/2012,
二,11/06/2012,
一,11/05/2012,
五,11/02/2012,
四,11/01/2012,
三,10/31/2012,
五,10/26/2012,
四,10/25/2012,
三,10/24/2012,
二,10/23/2012,
一,10/22/2012,
五,10/19/2012,
四,10/18/2012,
三,10/17/2012,
二,10/16/2012,
一,10/15/2012,
五,10/12/2012,
四,10/11/2012,
三,10/10/2012,
二,10/09/2012,
一,10/08/2012,
五,10/05/2012,
四,10/04/2012,
三,10/03/2012,
二,10/02/2012,
一,10/01/2012,
五,09/28/2012,
四,09/27/2012,
三,09/26/2012,
二,09/25/2012,
一,09/24/2012,
五,09/21/2012,
四,09/20/2012,
三,09/19/2012,
二,09/18/2012,
一,09/17/2012,
五,09/14/2012,
四,09/13/2012,
三,09/12/2012,
二,09/11/2012,
一,09/10/2012,
五,09/07/2012,
四,09/06/2012,
三,09/05/2012,
二,09/04/2012,
五,08/31/2012,
四,08/30/2012,
三,08/29/2012,
二,08/28/2012,
一,08/27/2012,
五,08/24/2012,
四,08/23/2012,
三,08/22/2012,
二,08/21/2012,
一,08/20/2012,
五,08/17/2012,
四,08/16/2012,
三,08/15/2012,
二,08/14/2012,
一,08/13/2012,
五,08/10/2012,
四,08/09/2012,
三,08/08/2012,
二,08/07/2012,
一,08/06/2012,
五,08/03/2012,
四,08/02/2012,
三,08/01/2012,
二,07/31/2012,
一,07/30/2012,
五,07/27/2012,
四,07/26/2012,
三,07/25/2012,
二,07/24/2012,
一,07/23/2012,
五,07/20/2012,
四,07/19/2012,
三,07/18/2012,
二,07/17/2012,
一,07/16/2012,
五,07/13/2012,
四,07/12/2012,
三,07/11/2012,
二,07/10/2012,
一,07/09/2012,
五,07/06/2012,
四,07/05/2012,
二,07/03/2012,
一,07/02/2012,
五,06/29/2012,
四,06/28/2012,
三,06/27/2012,
二,06/26/2012,
一,06/25/2012,
五,06/22/2012,
四,06/21/2012,
三,06/20/2012,
二,06/19/2012,
一,06/18/2012,
五,06/15/2012,
四,06/14/2012,
三,06/13/2012,
二,06/12/2012,
一,06/11/2012,
五,06/08/2012,
四,06/07/2012,
三,06/06/2012,
二,06/05/2012,
一,06/04/2012,
五,06/01/2012,
四,05/31/2012,
三,05/30/2012,
二,05/29/2012,
五,05/25/2012,
四,05/24/2012,
三,05/23/2012,
二,05/22/2012,
一,05/21/2012,
五,05/18/2012,
四,05/17/2012,
三,05/16/2012,
二,05/15/2012,
一,05/14/2012,
五,05/11/2012,
四,05/10/2012,
三,05/09/2012,
二,05/08/2012,
一,05/07/2012,
五,05/04/2012,
四,05/03/2012,
三,05/02/2012,
二,05/01/2012,
一,04/30/2012,
五,04/27/2012,
四,04/26/2012,
三,04/25/2012,
二,04/24/2012,
一,04/23/2012,
五,04/20/2012,
四,04/19/2012,
三,04/18/2012,
二,04/17/2012,
一,04/16/2012,
五,04/13/2012,
四,04/12/2012,
三,04/11/2012,
二,04/10/2012,
一,04/09/2012,
四,04/05/2012,
三,04/04/2012,
二,04/03/2012,
一,04/02/2012,
五,03/30/2012,
四,03/29/2012,
三,03/28/2012,
二,03/27/2012,
一,03/26/2012,
五,03/23/2012,
四,03/22/2012,
三,03/21/2012,
二,03/20/2012,
一,03/19/2012,
五,03/16/2012,
四,03/15/2012,
三,03/14/2012,
二,03/13/2012,
一,03/12/2012,
五,03/09/2012,
四,03/08/2012,
三,03/07/2012,
二,03/06/2012,
一,03/05/2012,
五,03/02/2012,
四,03/01/2012,
三,02/29/2012,
二,02/28/2012,
一,02/27/2012,
五,02/24/2012,
四,02/23/2012,
三,02/22/2012,
二,02/21/2012,
五,02/17/2012,
四,02/16/2012,
三,02/15/2012,
二,02/14/2012,
一,02/13/2012,
五,02/10/2012,
四,02/09/2012,
三,02/08/2012,
二,02/07/2012,
一,02/06/2012,
五,02/03/2012,
四,02/02/2012,
三,02/01/2012,
二,01/31/2012,
一,01/30/2012,
五,01/27/2012,
四,01/26/2012,
三,01/25/2012,
二,01/24/2012,
一,01/23/2012,
五,01/20/2012,
四,01/19/2012,
三,01/18/2012,
二,01/17/2012,
五,01/13/2012,
四,01/12/2012,
三,01/11/2012,
二,01/10/2012,
一,01/09/2012,
五,01/06/2012,
四,01/05/2012,
三,01/04/2012,
二,01/03/2012,
五,12/30/2011,
四,12/29/2011,
三,12/28/2011,
二,12/27/2011,
五,12/23/2011,
四,12/22/2011,
三,12/21/2011,
二,12/20/2011,
一,12/19/2011,
五,12/16/2011,
四,12/15/2011,
三,12/14/2011,
二,12/13/2011,
一,12/12/2011,
五,12/09/2011,
四,12/08/2011,
三,12/07/2011,
二,12/06/2011,
一,12/05/2011,
五,12/02/2011,
四,12/01/2011,
三,11/30/2011,
二,11/29/2011,
一,11/28/2011,
五,11/25/2011,
三,11/23/2011,
二,11/22/2011,
一,11/21/2011,
五,11/18/2011,
四,11/17/2011,
三,11/16/2011,
二,11/15/2011,
一,11/14/2011,
五,11/11/2011,
四,11/10/2011,
三,11/09/2011,
二,11/08/2011,
一,11/07/2011,
五,11/04/2011,
四,11/03/2011,
三,11/02/2011,
二,11/01/2011,
一,10/31/2011,
五,10/28/2011,
四,10/27/2011,
三,10/26/2011,
二,10/25/2011,
一,10/24/2011,
五,10/21/2011,
四,10/20/2011,
三,10/19/2011,
二,10/18/2011,
一,10/17/2011,
五,10/14/2011,
四,10/13/2011,
三,10/12/2011,
二,10/11/2011,
一,10/10/2011,
五,10/07/2011,
四,10/06/2011,
三,10/05/2011,
二,10/04/2011,
一,10/03/2011,
五,09/30/2011,
四,09/29/2011,
三,09/28/2011,
二,09/27/2011,
一,09/26/2011,
五,09/23/2011,
四,09/22/2011,
三,09/21/2011,
二,09/20/2011,
一,09/19/2011,
五,09/16/2011,
四,09/15/2011,
三,09/14/2011,
二,09/13/2011,
一,09/12/2011,
五,09/09/2011,
四,09/08/2011,
三,09/07/2011,
二,09/06/2011,
五,09/02/2011,
四,09/01/2011,
三,08/31/2011,
二,08/30/2011,
一,08/29/2011,
五,08/26/2011,
四,08/25/2011,
三,08/24/2011,
二,08/23/2011,
一,08/22/2011,
五,08/19/2011,
四,08/18/2011,
三,08/17/2011,
二,08/16/2011,
一,08/15/2011,
五,08/12/2011,
四,08/11/2011,
三,08/10/2011,
二,08/09/2011,
一,08/08/2011,
五,08/05/2011,
四,08/04/2011,
三,08/03/2011,
二,08/02/2011,
一,08/01/2011,
五,07/29/2011,
四,07/28/2011,
三,07/27/2011,
二,07/26/2011,
一,07/25/2011,
五,07/22/2011,
四,07/21/2011,
三,07/20/2011,
二,07/19/2011,
一,07/18/2011,
五,07/15/2011,
四,07/14/2011,
三,07/13/2011,
二,07/12/2011,
一,07/11/2011,
五,07/08/2011,
四,07/07/2011,
三,07/06/2011,
二,07/05/2011,
五,07/01/2011,
四,06/30/2011,
三,06/29/2011,
二,06/28/2011,
一,06/27/2011,
五,06/24/2011,
四,06/23/2011,
三,06/22/2011,
二,06/21/2011,
一,06/20/2011,
五,06/17/2011,
四,06/16/2011,
三,06/15/2011,
二,06/14/2011,
一,06/13/2011,
五,06/10/2011,
四,06/09/2011,
三,06/08/2011,
二,06/07/2011,
一,06/06/2011,
五,06/03/2011,
四,06/02/2011,
三,06/01/2011,
二,05/31/2011,
五,05/27/2011,
四,05/26/2011,
三,05/25/2011,
二,05/24/2011,
一,05/23/2011,
五,05/20/2011,
四,05/19/2011,
三,05/18/2011,
二,05/17/2011,
一,05/16/2011,
五,05/13/2011,
四,05/12/2011,
三,05/11/2011,
二,05/10/2011,
一,05/09/2011,
五,05/06/2011,
四,05/05/2011,
三,05/04/2011,
二,05/03/2011,
一,05/02/2011,
五,04/29/2011,
四,04/28/2011,
三,04/27/2011,
二,04/26/2011,
一,04/25/2011,
四,04/21/2011,
三,04/20/2011,
二,04/19/2011,
一,04/18/2011,
五,04/15/2011,
四,04/14/2011,
三,04/13/2011,
二,04/12/2011,
一,04/11/2011,
五,04/08/2011,
四,04/07/2011,
三,04/06/2011,
二,04/05/2011,
一,04/04/2011,
五,04/01/2011,
四,03/31/2011,
三,03/30/2011,
二,03/29/2011,
一,03/28/2011,
五,03/25/2011,
四,03/24/2011,
三,03/23/2011,
二,03/22/2011,
一,03/21/2011,
五,03/18/2011,
四,03/17/2011,
三,03/16/2011,
二,03/15/2011,
一,03/14/2011,
五,03/11/2011,
四,03/10/2011,
三,03/09/2011,
二,03/08/2011,
一,03/07/2011,
五,03/04/2011,
四,03/03/2011,
三,03/02/2011,
二,03/01/2011,
一,02/28/2011,
五,02/25/2011,
四,02/24/2011,
三,02/23/2011,
二,02/22/2011,
五,02/18/2011,
四,02/17/2011,
三,02/16/2011,
二,02/15/2011,
一,02/14/2011,
五,02/11/2011,
四,02/10/2011,
三,02/09/2011,
二,02/08/2011,
一,02/07/2011,
五,02/04/2011,
四,02/03/2011,
三,02/02/2011,
二,02/01/2011,
一,01/31/2011,
五,01/28/2011,
四,01/27/2011,
三,01/26/2011,
二,01/25/2011,
一,01/24/2011,
五,01/21/2011,
四,01/20/2011,
三,01/19/2011,
二,01/18/2011,
五,01/14/2011,
四,01/13/2011,
三,01/12/2011,
二,01/11/2011,
一,01/10/2011,
五,01/07/2011,
四,01/06/2011,
三,01/05/2011,
二,01/04/2011,
一,01/03/2011,
五,12/31/2010,
四,12/30/2010,
三,12/29/2010,
二,12/28/2010,
一,12/27/2010,
四,12/23/2010,
三,12/22/2010,
二,12/21/2010,
一,12/20/2010,
五,12/17/2010,
四,12/16/2010,
三,12/15/2010,
二,12/14/2010,
一,12/13/2010,
五,12/10/2010,
四,12/09/2010,
三,12/08/2010,
二,12/07/2010,
一,12/06/2010,
五,12/03/2010,
四,12/02/2010,
三,12/01/2010,
二,11/30/2010,
一,11/29/2010,
五,11/26/2010,
三,11/24/2010,
二,11/23/2010,
一,11/22/2010,
五,11/19/2010,
四,11/18/2010,
三,11/17/2010,
二,11/16/2010,
一,11/15/2010,
五,11/12/2010,
四,11/11/2010,
三,11/10/2010,
二,11/09/2010,
一,11/08/2010,
五,11/05/2010,
四,11/04/2010,
三,11/03/2010,
二,11/02/2010,
一,11/01/2010,
五,10/29/2010,
四,10/28/2010,
三,10/27/2010,
二,10/26/2010,
一,10/25/2010,
五,10/22/2010,
四,10/21/2010,
三,10/20/2010,
二,10/19/2010,
一,10/18/2010,
五,10/15/2010,
四,10/14/2010,
三,10/13/2010,
二,10/12/2010,
一,10/11/2010,
五,10/08/2010,
四,10/07/2010,
三,10/06/2010,
二,10/05/2010,
一,10/04/2010,
五,10/01/2010,
四,09/30/2010,
三,09/29/2010,
二,09/28/2010,
一,09/27/2010,
五,09/24/2010,
四,09/23/2010,
三,09/22/2010,
二,09/21/2010,
一,09/20/2010,
五,09/17/2010,
四,09/16/2010,
三,09/15/2010,
二,09/14/2010,
一,09/13/2010,
五,09/10/2010,
四,09/09/2010,
三,09/08/2010,
二,09/07/2010,
五,09/03/2010,
四,09/02/2010,
三,09/01/2010,
二,08/31/2010,
一,08/30/2010,
五,08/27/2010,
四,08/26/2010,
三,08/25/2010,
二,08/24/2010,
一,08/23/2010,
五,08/20/2010,
四,08/19/2010,
三,08/18/2010,
二,08/17/2010,
一,08/16/2010,
五,08/13/2010,
四,08/12/2010,
三,08/11/2010,
二,08/10/2010,
一,08/09/2010,
五,08/06/2010,
四,08/05/2010,
三,08/04/2010,
二,08/03/2010,
一,08/02/2010,
五,07/30/2010,
四,07/29/2010,
三,07/28/2010,
二,07/27/2010,
一,07/26/2010,
五,07/23/2010,
四,07/22/2010,
三,07/21/2010,
二,07/20/2010,
一,07/19/2010,
五,07/16/2010,
四,07/15/2010,
三,07/14/2010,
二,07/13/2010,
一,07/12/2010,
五,07/09/2010,
四,07/08/2010,
三,07/07/2010,
二,07/06/2010,
五,07/02/2010,
四,07/01/2010,
三,06/30/2010,
二,06/29/2010,
一,06/28/2010,
五,06/25/2010,
四,06/24/2010,
三,06/23/2010,
二,06/22/2010,
一,06/21/2010,
五,06/18/2010,
四,06/17/2010,
三,06/16/2010,
二,06/15/2010,
一,06/14/2010,
五,06/11/2010,
四,06/10/2010,
三,06/09/2010,
二,06/08/2010,
一,06/07/2010,
五,06/04/2010,
四,06/03/2010,
三,06/02/2010,
二,06/01/2010,
五,05/28/2010,
四,05/27/2010,
三,05/26/2010,
二,05/25/2010,
一,05/24/2010,
五,05/21/2010,
四,05/20/2010,
三,05/19/2010,
二,05/18/2010,
一,05/17/2010,
五,05/14/2010,
四,05/13/2010,
三,05/12/2010,
二,05/11/2010,
一,05/10/2010,
五,05/07/2010,
四,05/06/2010,
三,05/05/2010,
二,05/04/2010,
一,05/03/2010,
五,04/30/2010,
四,04/29/2010,
三,04/28/2010,
二,04/27/2010,
一,04/26/2010,
五,04/23/2010,
四,04/22/2010,
三,04/21/2010,
二,04/20/2010,
一,04/19/2010,
五,04/16/2010,
四,04/15/2010,
三,04/14/2010,
二,04/13/2010,
一,04/12/2010,
五,04/09/2010,
四,04/08/2010,
三,04/07/2010,
二,04/06/2010,
一,04/05/2010,
四,04/01/2010,
三,03/31/2010,
二,03/30/2010,
一,03/29/2010,
五,03/26/2010,
四,03/25/2010,
三,03/24/2010,
二,03/23/2010,
一,03/22/2010,
五,03/19/2010,
四,03/18/2010,
三,03/17/2010,
二,03/16/2010,
一,03/15/2010,
五,03/12/2010,
四,03/11/2010,
三,03/10/2010,
二,03/09/2010,
一,03/08/2010,
五,03/05/2010,
四,03/04/2010,
三,03/03/2010,
二,03/02/2010,
一,03/01/2010,
五,02/26/2010,
四,02/25/2010,
三,02/24/2010,
二,02/23/2010,
一,02/22/2010,
五,02/19/2010,
四,02/18/2010,
三,02/17/2010,
二,02/16/2010,
五,02/12/2010,
四,02/11/2010,
三,02/10/2010,
二,02/09/2010,
一,02/08/2010,
五,02/05/2010,
四,02/04/2010,
三,02/03/2010,
二,02/02/2010,
一,02/01/2010,
五,01/29/2010,
四,01/28/2010,
三,01/27/2010,
二,01/26/2010,
一,01/25/2010,
五,01/22/2010,
四,01/21/2010,
三,01/20/2010,
二,01/19/2010,
五,01/15/2010,
四,01/14/2010,
三,01/13/2010,
二,01/12/2010,
一,01/11/2010,
五,01/08/2010,
四,01/07/2010,
三,01/06/2010,
二,01/05/2010,
一,01/04/2010,
四,12/31/2009,
三,12/30/2009,
二,12/29/2009,
一,12/28/2009,
四,12/24/2009,
三,12/23/2009,
二,12/22/2009,
一,12/21/2009,
五,12/18/2009,
四,12/17/2009,
三,12/16/2009,
二,12/15/2009,
一,12/14/2009,
五,12/11/2009,
四,12/10/2009,
三,12/09/2009,
二,12/08/2009,
一,12/07/2009,
五,12/04/2009,
四,12/03/2009,
三,12/02/2009,
二,12/01/2009,
一,11/30/2009,
五,11/27/2009,
三,11/25/2009,
二,11/24/2009,
一,11/23/2009,
五,11/20/2009,
四,11/19/2009,
三,11/18/2009,
二,11/17/2009,
一,11/16/2009,
五,11/13/2009,
四,11/12/2009,
三,11/11/2009,
二,11/10/2009,
一,11/09/2009,
五,11/06/2009,
四,11/05/2009,
三,11/04/2009,
二,11/03/2009,
一,11/02/2009,
五,10/30/2009,
四,10/29/2009,
三,10/28/2009,
二,10/27/2009,
一,10/26/2009,
五,10/23/2009,
四,10/22/2009,
三,10/21/2009,
二,10/20/2009,
一,10/19/2009,
五,10/16/2009,
四,10/15/2009,
三,10/14/2009,
二,10/13/2009,
一,10/12/2009,
五,10/09/2009,
四,10/08/2009,
三,10/07/2009,
二,10/06/2009,
一,10/05/2009,
五,10/02/2009,
四,10/01/2009,
三,09/30/2009,
二,09/29/2009,
一,09/28/2009,
五,09/25/2009,
四,09/24/2009,
三,09/23/2009,
二,09/22/2009,
一,09/21/2009,
五,09/18/2009,
四,09/17/2009,
三,09/16/2009,
二,09/15/2009,
一,09/14/2009,
五,09/11/2009,
四,09/10/2009,
三,09/09/2009,
二,09/08/2009,
五,09/04/2009,
四,09/03/2009,
三,09/02/2009,
二,09/01/2009,
一,08/31/2009,
五,08/28/2009,
四,08/27/2009,
三,08/26/2009,
二,08/25/2009,
一,08/24/2009,
五,08/21/2009,
四,08/20/2009,
三,08/19/2009,
二,08/18/2009,
一,08/17/2009,
五,08/14/2009,
四,08/13/2009,
三,08/12/2009,
二,08/11/2009,
一,08/10/2009,
五,08/07/2009,
四,08/06/2009,
三,08/05/2009,
二,08/04/2009,
一,08/03/2009,
五,07/31/2009,
四,07/30/2009,
三,07/29/2009,
二,07/28/2009,
一,07/27/2009,
五,07/24/2009,
四,07/23/2009,
三,07/22/2009,
二,07/21/2009,
一,07/20/2009,
五,07/17/2009,
四,07/16/2009,
三,07/15/2009,
二,07/14/2009,
一,07/13/2009,
五,07/10/2009,
四,07/09/2009,
三,07/08/2009,
二,07/07/2009,
一,07/06/2009,
四,07/02/2009,
三,07/01/2009,
二,06/30/2009,
一,06/29/2009,
五,06/26/2009,
四,06/25/2009,
三,06/24/2009,
二,06/23/2009,
一,06/22/2009,
五,06/19/2009,
四,06/18/2009,
三,06/17/2009,
二,06/16/2009,
一,06/15/2009,
五,06/12/2009,
四,06/11/2009,
三,06/10/2009,
二,06/09/2009,
一,06/08/2009,
五,06/05/2009,
四,06/04/2009,
三,06/03/2009,
二,06/02/2009,
一,06/01/2009,
五,05/29/2009,
四,05/28/2009,
三,05/27/2009,
二,05/26/2009,
五,05/22/2009,
四,05/21/2009,
三,05/20/2009,
二,05/19/2009,
一,05/18/2009,
五,05/15/2009,
四,05/14/2009,
三,05/13/2009,
二,05/12/2009,
一,05/11/2009,
五,05/08/2009,
四,05/07/2009,
三,05/06/2009,
二,05/05/2009,
一,05/04/2009,
五,05/01/2009,
四,04/30/2009,
三,04/29/2009,
二,04/28/2009,
一,04/27/2009,
五,04/24/2009,
四,04/23/2009,
三,04/22/2009,
二,04/21/2009,
一,04/20/2009,
五,04/17/2009,
四,04/16/2009,
三,04/15/2009,
二,04/14/2009,
一,04/13/2009,
四,04/09/2009,
三,04/08/2009,
二,04/07/2009,
一,04/06/2009,
五,04/03/2009,
四,04/02/2009,
三,04/01/2009,
二,03/31/2009,
一,03/30/2009,
五,03/27/2009,
四,03/26/2009,
三,03/25/2009,
二,03/24/2009,
一,03/23/2009,
五,03/20/2009,
四,03/19/2009,
三,03/18/2009,
二,03/17/2009,
一,03/16/2009,
五,03/13/2009,
四,03/12/2009,
三,03/11/2009,
二,03/10/2009,
一,03/09/2009,
五,03/06/2009,
四,03/05/2009,
三,03/04/2009,
二,03/03/2009,
一,03/02/2009,
五,02/27/2009,
四,02/26/2009,
三,02/25/2009,
二,02/24/2009,
一,02/23/2009,
五,02/20/2009,
四,02/19/2009,
三,02/18/2009,
二,02/17/2009,
五,02/13/2009,
四,02/12/2009,
三,02/11/2009,
二,02/10/2009,
一,02/09/2009,
五,02/06/2009,
四,02/05/2009,
三,02/04/2009,
二,02/03/2009,
一,02/02/2009,
五,01/30/2009,
四,01/29/2009,
三,01/28/2009,
二,01/27/2009,
一,01/26/2009,
五,01/23/2009,
四,01/22/2009,
三,01/21/2009,
二,01/20/2009,
五,01/16/2009,
四,01/15/2009,
三,01/14/2009,
二,01/13/2009,
一,01/12/2009,
五,01/09/2009,
四,01/08/2009,
三,01/07/2009,
二,01/06/2009,
一,01/05/2009,
五,01/02/2009,
三,12/31/2008,
二,12/30/2008,
一,12/29/2008,
五,12/26/2008,
三,12/24/2008,
二,12/23/2008,
一,12/22/2008,
五,12/19/2008,
四,12/18/2008,
三,12/17/2008,
二,12/16/2008,
一,12/15/2008,
五,12/12/2008,
四,12/11/2008,
三,12/10/2008,
二,12/09/2008,
一,12/08/2008,
五,12/05/2008,
四,12/04/2008,
三,12/03/2008,
二,12/02/2008,
一,12/01/2008,
五,11/28/2008,
三,11/26/2008,
二,11/25/2008,
一,11/24/2008,
五,11/21/2008,
四,11/20/2008,
三,11/19/2008,
二,11/18/2008,
一,11/17/2008,
五,11/14/2008,
四,11/13/2008,
三,11/12/2008,
二,11/11/2008,
一,11/10/2008,
五,11/07/2008,
四,11/06/2008,
三,11/05/2008,
二,11/04/2008,
一,11/03/2008,
五,10/31/2008,
四,10/30/2008,
三,10/29/2008,
二,10/28/2008,
一,10/27/2008,
五,10/24/2008,
四,10/23/2008,
三,10/22/2008,
二,10/21/2008,
一,10/20/2008,
五,10/17/2008,
四,10/16/2008,
三,10/15/2008,
二,10/14/2008,
一,10/13/2008,
五,10/10/2008,
四,10/09/2008,
三,10/08/2008,
二,10/07/2008,
一,10/06/2008,
五,10/03/2008,
四,10/02/2008,
三,10/01/2008,
二,09/30/2008,
一,09/29/2008,
五,09/26/2008,
四,09/25/2008,
三,09/24/2008,
二,09/23/2008,
一,09/22/2008,
五,09/19/2008,
四,09/18/2008,
三,09/17/2008,
二,09/16/2008,
一,09/15/2008,
五,09/12/2008,
四,09/11/2008,
三,09/10/2008,
二,09/09/2008,
一,09/08/2008,
五,09/05/2008,
四,09/04/2008,
三,09/03/2008,
二,09/02/2008,
五,08/29/2008,
四,08/28/2008,
三,08/27/2008,
二,08/26/2008,
一,08/25/2008,
五,08/22/2008,
四,08/21/2008,
三,08/20/2008,
二,08/19/2008,
一,08/18/2008,
五,08/15/2008,
四,08/14/2008,
三,08/13/2008,
二,08/12/2008,
一,08/11/2008,
五,08/08/2008,
四,08/07/2008,
三,08/06/2008,
二,08/05/2008,
一,08/04/2008,
五,08/01/2008,
四,07/31/2008,
三,07/30/2008,
二,07/29/2008,
一,07/28/2008,
五,07/25/2008,
四,07/24/2008,
三,07/23/2008,
二,07/22/2008,
一,07/21/2008,
五,07/18/2008,
四,07/17/2008,
三,07/16/2008,
二,07/15/2008,
一,07/14/2008,
五,07/11/2008,
四,07/10/2008,
三,07/09/2008,
二,07/08/2008,
一,07/07/2008,
四,07/03/2008,
三,07/02/2008,
二,07/01/2008,
一,06/30/2008,
五,06/27/2008,
四,06/26/2008,
三,06/25/2008,
二,06/24/2008,
一,06/23/2008,
五,06/20/2008,
四,06/19/2008,
三,06/18/2008,
二,06/17/2008,
一,06/16/2008,
五,06/13/2008,
四,06/12/2008,
三,06/11/2008,
二,06/10/2008,
一,06/09/2008,
五,06/06/2008,
四,06/05/2008,
三,06/04/2008,
二,06/03/2008,
一,06/02/2008,
五,05/30/2008,
四,05/29/2008,
三,05/28/2008,
二,05/27/2008,
五,05/23/2008,
四,05/22/2008,
三,05/21/2008,
二,05/20/2008,
一,05/19/2008,
五,05/16/2008,
四,05/15/2008,
三,05/14/2008,
二,05/13/2008,
一,05/12/2008,
五,05/09/2008,
四,05/08/2008,
三,05/07/2008,
二,05/06/2008,
一,05/05/2008,
五,05/02/2008,
四,05/01/2008,
三,04/30/2008,
二,04/29/2008,
一,04/28/2008,
五,04/25/2008,
四,04/24/2008,
三,04/23/2008,
二,04/22/2008,
一,04/21/2008,
五,04/18/2008,
四,04/17/2008,
三,04/16/2008,
二,04/15/2008,
一,04/14/2008,
五,04/11/2008,
四,04/10/2008,
三,04/09/2008,
二,04/08/2008,
一,04/07/2008,
五,04/04/2008,
四,04/03/2008,
三,04/02/2008,
二,04/01/2008,
一,03/31/2008,
五,03/28/2008,
四,03/27/2008,
三,03/26/2008,
二,03/25/2008,
一,03/24/2008,
四,03/20/2008,
三,03/19/2008,
二,03/18/2008,
一,03/17/2008,
五,03/14/2008,
四,03/13/2008,
三,03/12/2008,
二,03/11/2008,
一,03/10/2008,
五,03/07/2008,
四,03/06/2008,
三,03/05/2008,
二,03/04/2008,
一,03/03/2008,
五,02/29/2008,
四,02/28/2008,
三,02/27/2008,
二,02/26/2008,
一,02/25/2008,
五,02/22/2008,
四,02/21/2008,
三,02/20/2008,
二,02/19/2008,
五,02/15/2008,
四,02/14/2008,
三,02/13/2008,
二,02/12/2008,
一,02/11/2008,
五,02/08/2008,
四,02/07/2008,
三,02/06/2008,
二,02/05/2008,
一,02/04/2008,
五,02/01/2008,
四,01/31/2008,
三,01/30/2008,
二,01/29/2008,
一,01/28/2008,
五,01/25/2008,
四,01/24/2008,
三,01/23/2008,
二,01/22/2008,
五,01/18/2008,
四,01/17/2008,
三,01/16/2008,
二,01/15/2008,
一,01/14/2008,
五,01/11/2008,
四,01/10/2008,
三,01/09/2008,
二,01/08/2008,
一,01/07/2008,
五,01/04/2008,
四,01/03/2008,
三,01/02/2008,
一,12/31/2007,
五,12/28/2007,
四,12/27/2007,
三,12/26/2007,
一,12/24/2007,
五,12/21/2007,
四,12/20/2007,
三,12/19/2007,
二,12/18/2007,
一,12/17/2007,
五,12/14/2007,
四,12/13/2007,
三,12/12/2007,
二,12/11/2007,
一,12/10/2007,
五,12/07/2007,
四,12/06/2007,
三,12/05/2007,
二,12/04/2007,
一,12/03/2007,
五,11/30/2007,
四,11/29/2007,
三,11/28/2007,
二,11/27/2007,
一,11/26/2007,
五,11/23/2007,
三,11/21/2007,
二,11/20/2007,
一,11/19/2007,
五,11/16/2007,
四,11/15/2007,
三,11/14/2007,
二,11/13/2007,
一,11/12/2007,
五,11/09/2007,
四,11/08/2007,
三,11/07/2007,
二,11/06/2007,
一,11/05/2007,
五,11/02/2007,
四,11/01/2007,
三,10/31/2007,
二,10/30/2007,
一,10/29/2007,
五,10/26/2007,
四,10/25/2007,
三,10/24/2007,
二,10/23/2007,
一,10/22/2007,
五,10/19/2007,
四,10/18/2007,
三,10/17/2007,
二,10/16/2007,
一,10/15/2007,
五,10/12/2007,
四,10/11/2007,
三,10/10/2007,
二,10/09/2007,
一,10/08/2007,
五,10/05/2007,
四,10/04/2007,
三,10/03/2007,
二,10/02/2007,
一,10/01/2007,
五,09/28/2007,
四,09/27/2007,
三,09/26/2007,
二,09/25/2007,
一,09/24/2007,
五,09/21/2007,
四,09/20/2007,
三,09/19/2007,
二,09/18/2007,
一,09/17/2007,
五,09/14/2007,
四,09/13/2007,
三,09/12/2007,
二,09/11/2007,
一,09/10/2007,
五,09/07/2007,
四,09/06/2007,
三,09/05/2007,
二,09/04/2007,
五,08/31/2007,
四,08/30/2007,
三,08/29/2007,
二,08/28/2007,
一,08/27/2007,
五,08/24/2007,
四,08/23/2007,
三,08/22/2007,
二,08/21/2007,
一,08/20/2007,
五,08/17/2007,
四,08/16/2007,
三,08/15/2007,
二,08/14/2007,
一,08/13/2007,
五,08/10/2007,
四,08/09/2007,
三,08/08/2007,
二,08/07/2007,
一,08/06/2007,
五,08/03/2007,
四,08/02/2007,
三,08/01/2007,
二,07/31/2007,
一,07/30/2007,
五,07/27/2007,
四,07/26/2007,
三,07/25/2007,
二,07/24/2007,
一,07/23/2007,
五,07/20/2007,
四,07/19/2007,
三,07/18/2007,
二,07/17/2007,
一,07/16/2007,
五,07/13/2007,
四,07/12/2007,
三,07/11/2007,
二,07/10/2007,
一,07/09/2007,
五,07/06/2007,
四,07/05/2007,
二,07/03/2007,
一,07/02/2007,
五,06/29/2007,
四,06/28/2007,
三,06/27/2007,
二,06/26/2007,
一,06/25/2007,
五,06/22/2007,
四,06/21/2007,
三,06/20/2007,
二,06/19/2007,
一,06/18/2007,
五,06/15/2007,
四,06/14/2007,
三,06/13/2007,
二,06/12/2007,
一,06/11/2007,
五,06/08/2007,
四,06/07/2007,
三,06/06/2007,
二,06/05/2007,
一,06/04/2007,
五,06/01/2007,
四,05/31/2007,
三,05/30/2007,
二,05/29/2007,
五,05/25/2007,
四,05/24/2007,
三,05/23/2007,
二,05/22/2007,
一,05/21/2007,
五,05/18/2007,
四,05/17/2007,
三,05/16/2007,
二,05/15/2007,
一,05/14/2007,
五,05/11/2007,
四,05/10/2007,
三,05/09/2007,
二,05/08/2007,
一,05/07/2007,
五,05/04/2007,
四,05/03/2007,
三,05/02/2007,
二,05/01/2007,
一,04/30/2007,
五,04/27/2007,
四,04/26/2007,
三,04/25/2007,
二,04/24/2007,
一,04/23/2007,
五,04/20/2007,
四,04/19/2007,
三,04/18/2007,
二,04/17/2007,
一,04/16/2007,
五,04/13/2007,
四,04/12/2007,
三,04/11/2007,
二,04/10/2007,
一,04/09/2007,
四,04/05/2007,
三,04/04/2007,
二,04/03/2007,
一,04/02/2007,
五,03/30/2007,
四,03/29/2007,
三,03/28/2007,
二,03/27/2007,
一,03/26/2007,
五,03/23/2007,
四,03/22/2007,
三,03/21/2007,
二,03/20/2007,
一,03/19/2007,
五,03/16/2007,
四,03/15/2007,
三,03/14/2007,
二,03/13/2007,
一,03/12/2007,
五,03/09/2007,
四,03/08/2007,
三,03/07/2007,
二,03/06/2007,
一,03/05/2007,
五,03/02/2007,
四,03/01/2007,
三,02/28/2007,
二,02/27/2007,
一,02/26/2007,
五,02/23/2007,
四,02/22/2007,
三,02/21/2007,
二,02/20/2007,
五,02/16/2007,
四,02/15/2007,
三,02/14/2007,
二,02/13/2007,
一,02/12/2007,
五,02/09/2007,
四,02/08/2007,
三,02/07/2007,
二,02/06/2007,
一,02/05/2007,
五,02/02/2007,
四,02/01/2007,
三,01/31/2007,
二,01/30/2007,
一,01/29/2007,
五,01/26/2007,
四,01/25/2007,
三,01/24/2007,
二,01/23/2007,
一,01/22/2007,
五,01/19/2007,
四,01/18/2007,
三,01/17/2007,
二,01/16/2007,
五,01/12/2007,
四,01/11/2007,
三,01/10/2007,
二,01/09/2007,
一,01/08/2007,
五,01/05/2007,
四,01/04/2007,
三,01/03/2007,
五,12/29/2006,
四,12/28/2006,
三,12/27/2006,
二,12/26/2006,
五,12/22/2006,
四,12/21/2006,
三,12/20/2006,
二,12/19/2006,
一,12/18/2006,
五,12/15/2006,
四,12/14/2006,
三,12/13/2006,
二,12/12/2006,
一,12/11/2006,
五,12/08/2006,
四,12/07/2006,
三,12/06/2006,
二,12/05/2006,
一,12/04/2006,
五,12/01/2006,
四,11/30/2006,
三,11/29/2006,
二,11/28/2006,
一,11/27/2006,
五,11/24/2006,
三,11/22/2006,
二,11/21/2006,
一,11/20/2006,
五,11/17/2006,
四,11/16/2006,
三,11/15/2006,
二,11/14/2006,
一,11/13/2006,
五,11/10/2006,
四,11/09/2006,
三,11/08/2006,
二,11/07/2006,
一,11/06/2006,
五,11/03/2006,
四,11/02/2006,
三,11/01/2006,
二,10/31/2006,
一,10/30/2006,
五,10/27/2006,
四,10/26/2006,
三,10/25/2006,
二,10/24/2006,
一,10/23/2006,
五,10/20/2006,
四,10/19/2006,
三,10/18/2006,
二,10/17/2006,
一,10/16/2006,
五,10/13/2006,
四,10/12/2006,
三,10/11/2006,
二,10/10/2006,
一,10/09/2006,
五,10/06/2006,
四,10/05/2006,
三,10/04/2006,
二,10/03/2006,
一,10/02/2006,
五,09/29/2006,
四,09/28/2006,
三,09/27/2006,
二,09/26/2006,
一,09/25/2006,
五,09/22/2006,
四,09/21/2006,
三,09/20/2006,
二,09/19/2006,
一,09/18/2006,
五,09/15/2006,
四,09/14/2006,
三,09/13/2006,
二,09/12/2006,
一,09/11/2006,
五,09/08/2006,
四,09/07/2006,
三,09/06/2006,
二,09/05/2006,
五,09/01/2006,
四,08/31/2006,
三,08/30/2006,
二,08/29/2006,
一,08/28/2006,
五,08/25/2006,
四,08/24/2006,
三,08/23/2006,
二,08/22/2006,
一,08/21/2006,
五,08/18/2006,
四,08/17/2006,
三,08/16/2006,
二,08/15/2006,
一,08/14/2006,
五,08/11/2006,
四,08/10/2006,
三,08/09/2006,
二,08/08/2006,
一,08/07/2006,
五,08/04/2006,
四,08/03/2006,
三,08/02/2006,
二,08/01/2006,
一,07/31/2006,
五,07/28/2006,
四,07/27/2006,
三,07/26/2006,
二,07/25/2006,
一,07/24/2006,
五,07/21/2006,
四,07/20/2006,
三,07/19/2006,
二,07/18/2006,
一,07/17/2006,
五,07/14/2006,
四,07/13/2006,
三,07/12/2006,
二,07/11/2006,
一,07/10/2006,
五,07/07/2006,
四,07/06/2006,
三,07/05/2006,
一,07/03/2006,
五,06/30/2006,
四,06/29/2006,
三,06/28/2006,
二,06/27/2006,
一,06/26/2006,
五,06/23/2006,
四,06/22/2006,
三,06/21/2006,
二,06/20/2006,
一,06/19/2006,
五,06/16/2006,
四,06/15/2006,
三,06/14/2006,
二,06/13/2006,
一,06/12/2006,
五,06/09/2006,
四,06/08/2006,
三,06/07/2006,
二,06/06/2006,
一,06/05/2006,
五,06/02/2006,
四,06/01/2006,
三,05/31/2006,
二,05/30/2006,
五,05/26/2006,
四,05/25/2006,
三,05/24/2006,
二,05/23/2006,
一,05/22/2006,
五,05/19/2006,
四,05/18/2006,
三,05/17/2006,
二,05/16/2006,
一,05/15/2006,
五,05/12/2006,
四,05/11/2006,
三,05/10/2006,
二,05/09/2006,
一,05/08/2006,
五,05/05/2006,
四,05/04/2006,
三,05/03/2006,
二,05/02/2006,
一,05/01/2006,
五,04/28/2006,
四,04/27/2006,
三,04/26/2006,
二,04/25/2006,
一,04/24/2006,
五,04/21/2006,
四,04/20/2006,
三,04/19/2006,
二,04/18/2006,
一,04/17/2006,
四,04/13/2006,
三,04/12/2006,
二,04/11/2006,
一,04/10/2006,
五,04/07/2006,
四,04/06/2006,
三,04/05/2006,
二,04/04/2006,
一,04/03/2006,
五,03/31/2006,
四,03/30/2006,
三,03/29/2006,
二,03/28/2006,
一,03/27/2006,
五,03/24/2006,
四,03/23/2006,
三,03/22/2006,
二,03/21/2006,
一,03/20/2006,
五,03/17/2006,
四,03/16/2006,
三,03/15/2006,
二,03/14/2006,
一,03/13/2006,
五,03/10/2006,
四,03/09/2006,
三,03/08/2006,
二,03/07/2006,
一,03/06/2006,
五,03/03/2006,
四,03/02/2006,
三,03/01/2006,
二,02/28/2006,
一,02/27/2006,
五,02/24/2006,
四,02/23/2006,
三,02/22/2006,
二,02/21/2006,
五,02/17/2006,
四,02/16/2006,
三,02/15/2006,
二,02/14/2006,
一,02/13/2006,
五,02/10/2006,
四,02/09/2006,
三,02/08/2006,
二,02/07/2006,
一,02/06/2006,
五,02/03/2006,
四,02/02/2006,
三,02/01/2006,
二,01/31/2006,
一,01/30/2006,
五,01/27/2006,
四,01/26/2006,
三,01/25/2006,
二,01/24/2006,
一,01/23/2006,
五,01/20/2006,
四,01/19/2006,
三,01/18/2006,
二,01/17/2006,
五,01/13/2006,
四,01/12/2006,
三,01/11/2006,
二,01/10/2006,
一,01/09/2006,
五,01/06/2006,
四,01/05/2006,
三,01/04/2006,
二,01/03/2006,
五,12/30/2005,
四,12/29/2005,
三,12/28/2005,
二,12/27/2005,
五,12/23/2005,
四,12/22/2005,
三,12/21/2005,
二,12/20/2005,
一,12/19/2005,
五,12/16/2005,
四,12/15/2005,
三,12/14/2005,
二,12/13/2005,
一,12/12/2005,
五,12/09/2005,
四,12/08/2005,
三,12/07/2005,
二,12/06/2005,
一,12/05/2005,
五,12/02/2005,
四,12/01/2005,
三,11/30/2005,
二,11/29/2005,
一,11/28/2005,
五,11/25/2005,
三,11/23/2005,
二,11/22/2005,
一,11/21/2005,
五,11/18/2005,
四,11/17/2005,
三,11/16/2005,
二,11/15/2005,
一,11/14/2005,
五,11/11/2005,
四,11/10/2005,
三,11/09/2005,
二,11/08/2005,
一,11/07/2005,
五,11/04/2005,
四,11/03/2005,
三,11/02/2005,
二,11/01/2005,
一,10/31/2005,
五,10/28/2005,
四,10/27/2005,
三,10/26/2005,
二,10/25/2005,
一,10/24/2005,
五,10/21/2005,
四,10/20/2005,
三,10/19/2005,
二,10/18/2005,
一,10/17/2005,
五,10/14/2005,
四,10/13/2005,
三,10/12/2005,
二,10/11/2005,
一,10/10/2005,
五,10/07/2005,
四,10/06/2005,
三,10/05/2005,
二,10/04/2005,
一,10/03/2005,
五,09/30/2005,
四,09/29/2005,
三,09/28/2005,
二,09/27/2005,
一,09/26/2005,
五,09/23/2005,
四,09/22/2005,
三,09/21/2005,
二,09/20/2005,
一,09/19/2005,
五,09/16/2005,
四,09/15/2005,
三,09/14/2005,
二,09/13/2005,
一,09/12/2005,
五,09/09/2005,
四,09/08/2005,
三,09/07/2005,
二,09/06/2005,
五,09/02/2005,
四,09/01/2005,
三,08/31/2005,
二,08/30/2005,
一,08/29/2005,
五,08/26/2005,
四,08/25/2005,
三,08/24/2005,
二,08/23/2005,
一,08/22/2005,
五,08/19/2005,
四,08/18/2005,
三,08/17/2005,
二,08/16/2005,
一,08/15/2005,
五,08/12/2005,
四,08/11/2005,
三,08/10/2005,
二,08/09/2005,
一,08/08/2005,
五,08/05/2005,
四,08/04/2005,
三,08/03/2005,
二,08/02/2005,
一,08/01/2005,
五,07/29/2005,
四,07/28/2005,
三,07/27/2005,
二,07/26/2005,
一,07/25/2005,
五,07/22/2005,
四,07/21/2005,
三,07/20/2005,
二,07/19/2005,
一,07/18/2005,
五,07/15/2005,
四,07/14/2005,
三,07/13/2005,
二,07/12/2005,
一,07/11/2005,
五,07/08/2005,
四,07/07/2005,
三,07/06/2005,
二,07/05/2005,
五,07/01/2005,
四,06/30/2005,
三,06/29/2005,
二,06/28/2005,
一,06/27/2005,
五,06/24/2005,
四,06/23/2005,
三,06/22/2005,
二,06/21/2005,
一,06/20/2005,
五,06/17/2005,
四,06/16/2005,
三,06/15/2005,
二,06/14/2005,
一,06/13/2005,
五,06/10/2005,
四,06/09/2005,
三,06/08/2005,
二,06/07/2005,
一,06/06/2005,
五,06/03/2005,
四,06/02/2005,
三,06/01/2005,
二,05/31/2005,
五,05/27/2005,
四,05/26/2005,
三,05/25/2005,
二,05/24/2005,
一,05/23/2005,
五,05/20/2005,
四,05/19/2005,
三,05/18/2005,
二,05/17/2005,
一,05/16/2005,
五,05/13/2005,
四,05/12/2005,
三,05/11/2005,
二,05/10/2005,
一,05/09/2005,
五,05/06/2005,
四,05/05/2005,
三,05/04/2005,
二,05/03/2005,
一,05/02/2005,
五,04/29/2005,
四,04/28/2005,
三,04/27/2005,
二,04/26/2005,
一,04/25/2005,
五,04/22/2005,
四,04/21/2005,
三,04/20/2005,
二,04/19/2005,
一,04/18/2005,
五,04/15/2005,
四,04/14/2005,
三,04/13/2005,
二,04/12/2005,
一,04/11/2005,
五,04/08/2005,
四,04/07/2005,
三,04/06/2005,
二,04/05/2005,
一,04/04/2005,
五,04/01/2005,
四,03/31/2005,
三,03/30/2005,
二,03/29/2005,
一,03/28/2005,
四,03/24/2005,
三,03/23/2005,
二,03/22/2005,
一,03/21/2005,
五,03/18/2005,
四,03/17/2005,
三,03/16/2005,
二,03/15/2005,
一,03/14/2005,
五,03/11/2005,
四,03/10/2005,
三,03/09/2005,
二,03/08/2005,
一,03/07/2005,
五,03/04/2005,
四,03/03/2005,
三,03/02/2005,
二,03/01/2005,
一,02/28/2005,
五,02/25/2005,
四,02/24/2005,
三,02/23/2005,
二,02/22/2005,
五,02/18/2005,
四,02/17/2005,
三,02/16/2005,
二,02/15/2005,
一,02/14/2005,
五,02/11/2005,
四,02/10/2005,
三,02/09/2005,
二,02/08/2005,
一,02/07/2005,
五,02/04/2005,
四,02/03/2005,
三,02/02/2005,
二,02/01/2005,
一,01/31/2005,
五,01/28/2005,
四,01/27/2005,
三,01/26/2005,
二,01/25/2005,
一,01/24/2005,
五,01/21/2005,
四,01/20/2005,
三,01/19/2005,
二,01/18/2005,
五,01/14/2005,
四,01/13/2005,
三,01/12/2005,
二,01/11/2005,
一,01/10/2005,
五,01/07/2005,
四,01/06/2005,
三,01/05/2005,
二,01/04/2005,
一,01/03/2005,
五,12/31/2004,
四,12/30/2004,
三,12/29/2004,
二,12/28/2004,
一,12/27/2004,
四,12/23/2004,
三,12/22/2004,
二,12/21/2004,
一,12/20/2004,
五,12/17/2004,
四,12/16/2004,
三,12/15/2004,
二,12/14/2004,
一,12/13/2004,
五,12/10/2004,
四,12/09/2004,
三,12/08/2004,
二,12/07/2004,
一,12/06/2004,
五,12/03/2004,
四,12/02/2004,
三,12/01/2004,
二,11/30/2004,
一,11/29/2004,
五,11/26/2004,
三,11/24/2004,
二,11/23/2004,
一,11/22/2004,
五,11/19/2004,
四,11/18/2004,
三,11/17/2004,
二,11/16/2004,
一,11/15/2004,
五,11/12/2004,
四,11/11/2004,
三,11/10/2004,
二,11/09/2004,
一,11/08/2004,
五,11/05/2004,
四,11/04/2004,
三,11/03/2004,
二,11/02/2004,
一,11/01/2004,
五,10/29/2004,
四,10/28/2004,
三,10/27/2004,
二,10/26/2004,
一,10/25/2004,
五,10/22/2004,
四,10/21/2004,
三,10/20/2004,
二,10/19/2004,
一,10/18/2004,
五,10/15/2004,
四,10/14/2004,
三,10/13/2004,
二,10/12/2004,
一,10/11/2004,
五,10/08/2004,
四,10/07/2004,
三,10/06/2004,
二,10/05/2004,
一,10/04/2004,
五,10/01/2004,
四,09/30/2004,
三,09/29/2004,
二,09/28/2004,
一,09/27/2004,
五,09/24/2004,
四,09/23/2004,
三,09/22/2004,
二,09/21/2004,
一,09/20/2004,
五,09/17/2004,
四,09/16/2004,
三,09/15/2004,
二,09/14/2004,
一,09/13/2004,
五,09/10/2004,
四,09/09/2004,
三,09/08/2004,
二,09/07/2004,
五,09/03/2004,
四,09/02/2004,
三,09/01/2004,
二,08/31/2004,
一,08/30/2004,
五,08/27/2004,
四,08/26/2004,
三,08/25/2004,
二,08/24/2004,
一,08/23/2004,
五,08/20/2004,
四,08/19/2004,
三,08/18/2004,
二,08/17/2004,
一,08/16/2004,
五,08/13/2004,
四,08/12/2004,
三,08/11/2004,
二,08/10/2004,
一,08/09/2004,
五,08/06/2004,
四,08/05/2004,
三,08/04/2004,
二,08/03/2004,
一,08/02/2004,
五,07/30/2004,
四,07/29/2004,
三,07/28/2004,
二,07/27/2004,
一,07/26/2004,
五,07/23/2004,
四,07/22/2004,
三,07/21/2004,
二,07/20/2004,
一,07/19/2004,
五,07/16/2004,
四,07/15/2004,
三,07/14/2004,
二,07/13/2004,
一,07/12/2004,
五,07/09/2004,
四,07/08/2004,
三,07/07/2004,
二,07/06/2004,
五,07/02/2004,
四,07/01/2004,
三,06/30/2004,
二,06/29/2004,
一,06/28/2004,
五,06/25/2004,
四,06/24/2004,
三,06/23/2004,
二,06/22/2004,
一,06/21/2004,
五,06/18/2004,
四,06/17/2004,
三,06/16/2004,
二,06/15/2004,
一,06/14/2004,
四,06/10/2004,
三,06/09/2004,
二,06/08/2004,
一,06/07/2004,
五,06/04/2004,
四,06/03/2004,
三,06/02/2004,
二,06/01/2004,
五,05/28/2004,
四,05/27/2004,
三,05/26/2004,
二,05/25/2004,
一,05/24/2004,
五,05/21/2004,
四,05/20/2004,
三,05/19/2004,
二,05/18/2004,
一,05/17/2004,
五,05/14/2004,
四,05/13/2004,
三,05/12/2004,
二,05/11/2004,
一,05/10/2004,
五,05/07/2004,
四,05/06/2004,
三,05/05/2004,
二,05/04/2004,
一,05/03/2004,
五,04/30/2004,
四,04/29/2004,
三,04/28/2004,
二,04/27/2004,
一,04/26/2004,
五,04/23/2004,
四,04/22/2004,
三,04/21/2004,
二,04/20/2004,
一,04/19/2004,
五,04/16/2004,
四,04/15/2004,
三,04/14/2004,
二,04/13/2004,
一,04/12/2004,
四,04/08/2004,
三,04/07/2004,
二,04/06/2004,
一,04/05/2004,
五,04/02/2004,
四,04/01/2004,
三,03/31/2004,
二,03/30/2004,
一,03/29/2004,
五,03/26/2004,
四,03/25/2004,
三,03/24/2004,
二,03/23/2004,
一,03/22/2004,
五,03/19/2004,
四,03/18/2004,
三,03/17/2004,
二,03/16/2004,
一,03/15/2004,
五,03/12/2004,
四,03/11/2004,
三,03/10/2004,
二,03/09/2004,
一,03/08/2004,
五,03/05/2004,
四,03/04/2004,
三,03/03/2004,
二,03/02/2004,
一,03/01/2004,
五,02/27/2004,
四,02/26/2004,
三,02/25/2004,
二,02/24/2004,
一,02/23/2004,
五,02/20/2004,
四,02/19/2004,
三,02/18/2004,
二,02/17/2004,
五,02/13/2004,
四,02/12/2004,
三,02/11/2004,
二,02/10/2004,
一,02/09/2004,
五,02/06/2004,
四,02/05/2004,
三,02/04/2004,
二,02/03/2004,
一,02/02/2004,
五,01/30/2004,
四,01/29/2004,
三,01/28/2004,
二,01/27/2004,
一,01/26/2004,
五,01/23/2004,
四,01/22/2004,
三,01/21/2004,
二,01/20/2004,
五,01/16/2004,
四,01/15/2004,
三,01/14/2004,
二,01/13/2004,
一,01/12/2004,
五,01/09/2004,
四,01/08/2004,
三,01/07/2004,
二,01/06/2004,
一,01/05/2004,
五,01/02/2004,
三,12/31/2003,
二,12/30/2003,
一,12/29/2003,
五,12/26/2003,
三,12/24/2003,
二,12/23/2003,
一,12/22/2003,
五,12/19/2003,
四,12/18/2003,
三,12/17/2003,
二,12/16/2003,
一,12/15/2003,
五,12/12/2003,
四,12/11/2003,
三,12/10/2003,
二,12/09/2003,
一,12/08/2003,
五,12/05/2003,
四,12/04/2003,
三,12/03/2003,
二,12/02/2003,
一,12/01/2003,
五,11/28/2003,
三,11/26/2003,
二,11/25/2003,
一,11/24/2003,
五,11/21/2003,
四,11/20/2003,
三,11/19/2003,
二,11/18/2003,
一,11/17/2003,
五,11/14/2003,
四,11/13/2003,
三,11/12/2003,
二,11/11/2003,
一,11/10/2003,
五,11/07/2003,
四,11/06/2003,
三,11/05/2003,
二,11/04/2003,
一,11/03/2003,
五,10/31/2003,
四,10/30/2003,
三,10/29/2003,
二,10/28/2003,
一,10/27/2003,
五,10/24/2003,
四,10/23/2003,
三,10/22/2003,
二,10/21/2003,
一,10/20/2003,
五,10/17/2003,
四,10/16/2003,
三,10/15/2003,
二,10/14/2003,
一,10/13/2003,
五,10/10/2003,
四,10/09/2003,
三,10/08/2003,
二,10/07/2003,
一,10/06/2003,
五,10/03/2003,
四,10/02/2003,
三,10/01/2003,
二,09/30/2003,
一,09/29/2003,
五,09/26/2003,
四,09/25/2003,
三,09/24/2003,
二,09/23/2003,
一,09/22/2003,
五,09/19/2003,
四,09/18/2003,
三,09/17/2003,
二,09/16/2003,
一,09/15/2003,
五,09/12/2003,
四,09/11/2003,
三,09/10/2003,
二,09/09/2003,
一,09/08/2003,
五,09/05/2003,
四,09/04/2003,
三,09/03/2003,
二,09/02/2003,
五,08/29/2003,
四,08/28/2003,
三,08/27/2003,
二,08/26/2003,
一,08/25/2003,
五,08/22/2003,
四,08/21/2003,
三,08/20/2003,
二,08/19/2003,
一,08/18/2003,
五,08/15/2003,
四,08/14/2003,
三,08/13/2003,
二,08/12/2003,
一,08/11/2003,
五,08/08/2003,
四,08/07/2003,
三,08/06/2003,
二,08/05/2003,
一,08/04/2003,
五,08/01/2003,
四,07/31/2003,
三,07/30/2003,
二,07/29/2003,
一,07/28/2003,
五,07/25/2003,
四,07/24/2003,
三,07/23/2003,
二,07/22/2003,
一,07/21/2003,
五,07/18/2003,
四,07/17/2003,
三,07/16/2003,
二,07/15/2003,
一,07/14/2003,
五,07/11/2003,
四,07/10/2003,
三,07/09/2003,
二,07/08/2003,
一,07/07/2003,
四,07/03/2003,
三,07/02/2003,
二,07/01/2003,
一,06/30/2003,
五,06/27/2003,
四,06/26/2003,
三,06/25/2003,
二,06/24/2003,
一,06/23/2003,
五,06/20/2003,
四,06/19/2003,
三,06/18/2003,
二,06/17/2003,
一,06/16/2003,
五,06/13/2003,
四,06/12/2003,
三,06/11/2003,
二,06/10/2003,
一,06/09/2003,
五,06/06/2003,
四,06/05/2003,
三,06/04/2003,
二,06/03/2003,
一,06/02/2003,
五,05/30/2003,
四,05/29/2003,
三,05/28/2003,
二,05/27/2003,
五,05/23/2003,
四,05/22/2003,
三,05/21/2003,
二,05/20/2003,
一,05/19/2003,
五,05/16/2003,
四,05/15/2003,
三,05/14/2003,
二,05/13/2003,
一,05/12/2003,
五,05/09/2003,
四,05/08/2003,
三,05/07/2003,
二,05/06/2003,
一,05/05/2003,
五,05/02/2003,
四,05/01/2003,
三,04/30/2003,
二,04/29/2003,
一,04/28/2003,
五,04/25/2003,
四,04/24/2003,
三,04/23/2003,
二,04/22/2003,
一,04/21/2003,
四,04/17/2003,
三,04/16/2003,
二,04/15/2003,
一,04/14/2003,
五,04/11/2003,
四,04/10/2003,
三,04/09/2003,
二,04/08/2003,
一,04/07/2003,
五,04/04/2003,
四,04/03/2003,
三,04/02/2003,
二,04/01/2003,
一,03/31/2003,
五,03/28/2003,
四,03/27/2003,
三,03/26/2003,
二,03/25/2003,
一,03/24/2003,
五,03/21/2003,
四,03/20/2003,
三,03/19/2003,
二,03/18/2003,
一,03/17/2003,
五,03/14/2003,
四,03/13/2003,
三,03/12/2003,
二,03/11/2003,
一,03/10/2003,
五,03/07/2003,
四,03/06/2003,
三,03/05/2003,
二,03/04/2003,
一,03/03/2003,
五,02/28/2003,
四,02/27/2003,
三,02/26/2003,
二,02/25/2003,
一,02/24/2003,
五,02/21/2003,
四,02/20/2003,
三,02/19/2003,
二,02/18/2003,
五,02/14/2003,
四,02/13/2003,
三,02/12/2003,
二,02/11/2003,
一,02/10/2003,
五,02/07/2003,
四,02/06/2003,
三,02/05/2003,
二,02/04/2003,
一,02/03/2003,
五,01/31/2003,
四,01/30/2003,
三,01/29/2003,
二,01/28/2003,
一,01/27/2003,
五,01/24/2003,
四,01/23/2003,
三,01/22/2003,
二,01/21/2003,
五,01/17/2003,
四,01/16/2003,
三,01/15/2003,
二,01/14/2003,
一,01/13/2003,
五,01/10/2003,
四,01/09/2003,
三,01/08/2003,
二,01/07/2003,
一,01/06/2003,
五,01/03/2003,
四,01/02/2003,
二,12/31/2002,
一,12/30/2002,
五,12/27/2002,
四,12/26/2002,
二,12/24/2002,
一,12/23/2002,
五,12/20/2002,
四,12/19/2002,
三,12/18/2002,
二,12/17/2002,
一,12/16/2002,
五,12/13/2002,
四,12/12/2002,
三,12/11/2002,
二,12/10/2002,
一,12/09/2002,
五,12/06/2002,
四,12/05/2002,
三,12/04/2002,
二,12/03/2002,
一,12/02/2002,
五,11/29/2002,
三,11/27/2002,
二,11/26/2002,
一,11/25/2002,
五,11/22/2002,
四,11/21/2002,
三,11/20/2002,
二,11/19/2002,
一,11/18/2002,
五,11/15/2002,
四,11/14/2002,
三,11/13/2002,
二,11/12/2002,
一,11/11/2002,
五,11/08/2002,
四,11/07/2002,
三,11/06/2002,
二,11/05/2002,
一,11/04/2002,
五,11/01/2002,
四,10/31/2002,
三,10/30/2002,
二,10/29/2002,
一,10/28/2002,
五,10/25/2002,
四,10/24/2002,
三,10/23/2002,
二,10/22/2002,
一,10/21/2002,
五,10/18/2002,
四,10/17/2002,
三,10/16/2002,
二,10/15/2002,
一,10/14/2002,
五,10/11/2002,
四,10/10/2002,
三,10/09/2002,
二,10/08/2002,
一,10/07/2002,
五,10/04/2002,
四,10/03/2002,
三,10/02/2002,
二,10/01/2002,
一,09/30/2002,
五,09/27/2002,
四,09/26/2002,
三,09/25/2002,
二,09/24/2002,
一,09/23/2002,
五,09/20/2002,
四,09/19/2002,
三,09/18/2002,
二,09/17/2002,
一,09/16/2002,
五,09/13/2002,
四,09/12/2002,
三,09/11/2002,
二,09/10/2002,
一,09/09/2002,
五,09/06/2002,
四,09/05/2002,
三,09/04/2002,
二,09/03/2002,
五,08/30/2002,
四,08/29/2002,
三,08/28/2002,
二,08/27/2002,
一,08/26/2002,
五,08/23/2002,
四,08/22/2002,
三,08/21/2002,
二,08/20/2002,
一,08/19/2002,
五,08/16/2002,
四,08/15/2002,
三,08/14/2002,
二,08/13/2002,
一,08/12/2002,
五,08/09/2002,
四,08/08/2002,
三,08/07/2002,
二,08/06/2002,
一,08/05/2002,
五,08/02/2002,
四,08/01/2002,
三,07/31/2002,
二,07/30/2002,
一,07/29/2002,
五,07/26/2002,
四,07/25/2002,
三,07/24/2002,
二,07/23/2002,
一,07/22/2002,
五,07/19/2002,
四,07/18/2002,
三,07/17/2002,
二,07/16/2002,
一,07/15/2002,
五,07/12/2002,
四,07/11/2002,
三,07/10/2002,
二,07/09/2002,
一,07/08/2002,
五,07/05/2002,
三,07/03/2002,
二,07/02/2002,
一,07/01/2002,
五,06/28/2002,
四,06/27/2002,
三,06/26/2002,
二,06/25/2002,
一,06/24/2002,
五,06/21/2002,
四,06/20/2002,
三,06/19/2002,
二,06/18/2002,
一,06/17/2002,
五,06/14/2002,
四,06/13/2002,
三,06/12/2002,
二,06/11/2002,
一,06/10/2002,
五,06/07/2002,
四,06/06/2002,
三,06/05/2002,
二,06/04/2002,
一,06/03/2002,
五,05/31/2002,
四,05/30/2002,
三,05/29/2002,
二,05/28/2002,
五,05/24/2002,
四,05/23/2002,
三,05/22/2002,
二,05/21/2002,
一,05/20/2002,
五,05/17/2002,
四,05/16/2002,
三,05/15/2002,
二,05/14/2002,
一,05/13/2002,
五,05/10/2002,
四,05/09/2002,
三,05/08/2002,
二,05/07/2002,
一,05/06/2002,
五,05/03/2002,
四,05/02/2002,
三,05/01/2002,
二,04/30/2002,
一,04/29/2002,
五,04/26/2002,
四,04/25/2002,
三,04/24/2002,
二,04/23/2002,
一,04/22/2002,
五,04/19/2002,
四,04/18/2002,
三,04/17/2002,
二,04/16/2002,
一,04/15/2002,
五,04/12/2002,
四,04/11/2002,
三,04/10/2002,
二,04/09/2002,
一,04/08/2002,
五,04/05/2002,
四,04/04/2002,
三,04/03/2002,
二,04/02/2002,
一,04/01/2002,
四,03/28/2002,
三,03/27/2002,
二,03/26/2002,
一,03/25/2002,
五,03/22/2002,
四,03/21/2002,
三,03/20/2002,
二,03/19/2002,
一,03/18/2002,
五,03/15/2002,
四,03/14/2002,
三,03/13/2002,
二,03/12/2002,
一,03/11/2002,
五,03/08/2002,
四,03/07/2002,
三,03/06/2002,
二,03/05/2002,
一,03/04/2002,
五,03/01/2002,
四,02/28/2002,
三,02/27/2002,
二,02/26/2002,
一,02/25/2002,
五,02/22/2002,
四,02/21/2002,
三,02/20/2002,
二,02/19/2002,
五,02/15/2002,
四,02/14/2002,
三,02/13/2002,
二,02/12/2002,
一,02/11/2002,
五,02/08/2002,
四,02/07/2002,
三,02/06/2002,
二,02/05/2002,
一,02/04/2002,
五,02/01/2002,
四,01/31/2002,
三,01/30/2002,
二,01/29/2002,
一,01/28/2002,
五,01/25/2002,
四,01/24/2002,
三,01/23/2002,
二,01/22/2002,
五,01/18/2002,
四,01/17/2002,
三,01/16/2002,
二,01/15/2002,
一,01/14/2002,
五,01/11/2002,
四,01/10/2002,
三,01/09/2002,
二,01/08/2002,
一,01/07/2002,
五,01/04/2002,
四,01/03/2002,
三,01/02/2002,
一,12/31/2001,
五,12/28/2001,
四,12/27/2001,
三,12/26/2001,
一,12/24/2001,
五,12/21/2001,
四,12/20/2001,
三,12/19/2001,
二,12/18/2001,
一,12/17/2001,
五,12/14/2001,
四,12/13/2001,
三,12/12/2001,
二,12/11/2001,
一,12/10/2001,
五,12/07/2001,
四,12/06/2001,
三,12/05/2001,
二,12/04/2001,
一,12/03/2001,
五,11/30/2001,
四,11/29/2001,
三,11/28/2001,
二,11/27/2001,
一,11/26/2001,
五,11/23/2001,
三,11/21/2001,
二,11/20/2001,
一,11/19/2001,
五,11/16/2001,
四,11/15/2001,
三,11/14/2001,
二,11/13/2001,
一,11/12/2001,
五,11/09/2001,
四,11/08/2001,
三,11/07/2001,
二,11/06/2001,
一,11/05/2001,
五,11/02/2001,
四,11/01/2001,
三,10/31/2001,
二,10/30/2001,
一,10/29/2001,
五,10/26/2001,
四,10/25/2001,
三,10/24/2001,
二,10/23/2001,
一,10/22/2001,
五,10/19/2001,
四,10/18/2001,
三,10/17/2001,
二,10/16/2001,
一,10/15/2001,
五,10/12/2001,
四,10/11/2001,
三,10/10/2001,
二,10/09/2001,
一,10/08/2001,
五,10/05/2001,
四,10/04/2001,
三,10/03/2001,
二,10/02/2001,
一,10/01/2001,
五,09/28/2001,
四,09/27/2001,
三,09/26/2001,
二,09/25/2001,
一,09/24/2001,
五,09/21/2001,
四,09/20/2001,
三,09/19/2001,
二,09/18/2001,
一,09/17/2001,
二,09/11/2001,
一,09/10/2001,
五,09/07/2001,
四,09/06/2001,
三,09/05/2001,
二,09/04/2001,
五,08/31/2001,
四,08/30/2001,
三,08/29/2001,
二,08/28/2001,
一,08/27/2001,
五,08/24/2001,
四,08/23/2001,
三,08/22/2001,
二,08/21/2001,
一,08/20/2001,
五,08/17/2001,
四,08/16/2001,
三,08/15/2001,
二,08/14/2001,
一,08/13/2001,
五,08/10/2001,
四,08/09/2001,
三,08/08/2001,
二,08/07/2001,
一,08/06/2001,
五,08/03/2001,
四,08/02/2001,
三,08/01/2001,
二,07/31/2001,
一,07/30/2001,
五,07/27/2001,
四,07/26/2001,
三,07/25/2001,
二,07/24/2001,
一,07/23/2001,
五,07/20/2001,
四,07/19/2001,
三,07/18/2001,
二,07/17/2001,
一,07/16/2001,
五,07/13/2001,
四,07/12/2001,
三,07/11/2001,
二,07/10/2001,
一,07/09/2001,
五,07/06/2001,
四,07/05/2001,
二,07/03/2001,
一,07/02/2001,
五,06/29/2001,
四,06/28/2001,
三,06/27/2001,
二,06/26/2001,
一,06/25/2001,
五,06/22/2001,
四,06/21/2001,
三,06/20/2001,
二,06/19/2001,
一,06/18/2001,
五,06/15/2001,
四,06/14/2001,
三,06/13/2001,
二,06/12/2001,
一,06/11/2001,
五,06/08/2001,
四,06/07/2001,
三,06/06/2001,
二,06/05/2001,
一,06/04/2001,
五,06/01/2001,
四,05/31/2001,
三,05/30/2001,
二,05/29/2001,
五,05/25/2001,
四,05/24/2001,
三,05/23/2001,
二,05/22/2001,
一,05/21/2001,
五,05/18/2001,
四,05/17/2001,
三,05/16/2001,
二,05/15/2001,
一,05/14/2001,
五,05/11/2001,
四,05/10/2001,
三,05/09/2001,
二,05/08/2001,
一,05/07/2001,
五,05/04/2001,
四,05/03/2001,
三,05/02/2001,
二,05/01/2001,
一,04/30/2001,
五,04/27/2001,
四,04/26/2001,
三,04/25/2001,
二,04/24/2001,
一,04/23/2001,
五,04/20/2001,
四,04/19/2001,
三,04/18/2001,
二,04/17/2001,
一,04/16/2001,
四,04/12/2001,
三,04/11/2001,
二,04/10/2001,
一,04/09/2001,
五,04/06/2001,
四,04/05/2001,
三,04/04/2001,
二,04/03/2001,
一,04/02/2001,
五,03/30/2001,
四,03/29/2001,
三,03/28/2001,
二,03/27/2001,
一,03/26/2001,
五,03/23/2001,
四,03/22/2001,
三,03/21/2001,
二,03/20/2001,
一,03/19/2001,
五,03/16/2001,
四,03/15/2001,
三,03/14/2001,
二,03/13/2001,
一,03/12/2001,
五,03/09/2001,
四,03/08/2001,
三,03/07/2001,
二,03/06/2001,
一,03/05/2001,
五,03/02/2001,
四,03/01/2001,
三,02/28/2001,
二,02/27/2001,
一,02/26/2001,
五,02/23/2001,
四,02/22/2001,
三,02/21/2001,
二,02/20/2001,
五,02/16/2001,
四,02/15/2001,
三,02/14/2001,
二,02/13/2001,
一,02/12/2001,
五,02/09/2001,
四,02/08/2001,
三,02/07/2001,
二,02/06/2001,
一,02/05/2001,
五,02/02/2001,
四,02/01/2001,
三,01/31/2001,
二,01/30/2001,
一,01/29/2001,
五,01/26/2001,
四,01/25/2001,
三,01/24/2001,
二,01/23/2001,
一,01/22/2001,
五,01/19/2001,
四,01/18/2001,
三,01/17/2001,
二,01/16/2001,
五,01/12/2001,
四,01/11/2001,
三,01/10/2001,
二,01/09/2001,
一,01/08/2001,
五,01/05/2001,
四,01/04/2001,
三,01/03/2001,
二,01/02/2001,
五,12/29/2000,
四,12/28/2000,
三,12/27/2000,
二,12/26/2000,
五,12/22/2000,
四,12/21/2000,
三,12/20/2000,
二,12/19/2000,
一,12/18/2000,
五,12/15/2000,
四,12/14/2000,
三,12/13/2000,
二,12/12/2000,
一,12/11/2000,
五,12/08/2000,
四,12/07/2000,
三,12/06/2000,
二,12/05/2000,
一,12/04/2000,
五,12/01/2000,
四,11/30/2000,
三,11/29/2000,
二,11/28/2000,
一,11/27/2000,
五,11/24/2000,
三,11/22/2000,
二,11/21/2000,
一,11/20/2000,
五,11/17/2000,
四,11/16/2000,
三,11/15/2000,
二,11/14/2000,
一,11/13/2000,
五,11/10/2000,
四,11/09/2000,
三,11/08/2000,
二,11/07/2000,
一,11/06/2000,
五,11/03/2000,
四,11/02/2000,
三,11/01/2000,
二,10/31/2000,
一,10/30/2000,
五,10/27/2000,
四,10/26/2000,
三,10/25/2000,
二,10/24/2000,
一,10/23/2000,
五,10/20/2000,
四,10/19/2000,
三,10/18/2000,
二,10/17/2000,
一,10/16/2000,
五,10/13/2000,
四,10/12/2000,
三,10/11/2000,
二,10/10/2000,
一,10/09/2000,
五,10/06/2000,
四,10/05/2000,
三,10/04/2000,
二,10/03/2000,
一,10/02/2000,
五,09/29/2000,
四,09/28/2000,
三,09/27/2000,
二,09/26/2000,
一,09/25/2000,
五,09/22/2000,
四,09/21/2000,
三,09/20/2000,
二,09/19/2000,
一,09/18/2000,
五,09/15/2000,
四,09/14/2000,
三,09/13/2000,
二,09/12/2000,
一,09/11/2000,
五,09/08/2000,
四,09/07/2000,
三,09/06/2000,
二,09/05/2000,
五,09/01/2000,
四,08/31/2000,
三,08/30/2000,
二,08/29/2000,
一,08/28/2000,
五,08/25/2000,
四,08/24/2000,
三,08/23/2000,
二,08/22/2000,
一,08/21/2000,
五,08/18/2000,
四,08/17/2000,
三,08/16/2000,
二,08/15/2000,
一,08/14/2000,
五,08/11/2000,
四,08/10/2000,
三,08/09/2000,
二,08/08/2000,
一,08/07/2000,
五,08/04/2000,
四,08/03/2000,
三,08/02/2000,
二,08/01/2000,
一,07/31/2000,
五,07/28/2000,
四,07/27/2000,
三,07/26/2000,
二,07/25/2000,
一,07/24/2000,
五,07/21/2000,
四,07/20/2000,
三,07/19/2000,
二,07/18/2000,
一,07/17/2000,
五,07/14/2000,
四,07/13/2000,
三,07/12/2000,
二,07/11/2000,
一,07/10/2000,
五,07/07/2000,
四,07/06/2000,
三,07/05/2000,
一,07/03/2000,
五,06/30/2000,
四,06/29/2000,
三,06/28/2000,
二,06/27/2000,
一,06/26/2000,
五,06/23/2000,
四,06/22/2000,
三,06/21/2000,
二,06/20/2000,
一,06/19/2000,
五,06/16/2000,
四,06/15/2000,
三,06/14/2000,
二,06/13/2000,
一,06/12/2000,
五,06/09/2000,
四,06/08/2000,
三,06/07/2000,
二,06/06/2000,
一,06/05/2000,
五,06/02/2000,
四,06/01/2000,
三,05/31/2000,
二,05/30/2000,
五,05/26/2000,
四,05/25/2000,
三,05/24/2000,
二,05/23/2000,
一,05/22/2000,
五,05/19/2000,
四,05/18/2000,
三,05/17/2000,
二,05/16/2000,
一,05/15/2000,
五,05/12/2000,
四,05/11/2000,
三,05/10/2000,
二,05/09/2000,
一,05/08/2000,
五,05/05/2000,
四,05/04/2000,
三,05/03/2000,
二,05/02/2000,
一,05/01/2000,
五,04/28/2000,
四,04/27/2000,
三,04/26/2000,
二,04/25/2000,
一,04/24/2000,
四,04/20/2000,
三,04/19/2000,
二,04/18/2000,
一,04/17/2000,
五,04/14/2000,
四,04/13/2000,
三,04/12/2000,
二,04/11/2000,
一,04/10/2000,
五,04/07/2000,
四,04/06/2000,
三,04/05/2000,
二,04/04/2000,
一,04/03/2000,
五,03/31/2000,
四,03/30/2000,
三,03/29/2000,
二,03/28/2000,
一,03/27/2000,
五,03/24/2000,
四,03/23/2000,
三,03/22/2000,
二,03/21/2000,
一,03/20/2000,
五,03/17/2000,
四,03/16/2000,
三,03/15/2000,
二,03/14/2000,
一,03/13/2000,
五,03/10/2000,
四,03/09/2000,
三,03/08/2000,
二,03/07/2000,
一,03/06/2000,
五,03/03/2000,
四,03/02/2000,
三,03/01/2000,
二,02/29/2000,
一,02/28/2000,
五,02/25/2000,
四,02/24/2000,
三,02/23/2000,
二,02/22/2000,
五,02/18/2000,
四,02/17/2000,
三,02/16/2000,
二,02/15/2000,
一,02/14/2000,
五,02/11/2000,
四,02/10/2000,
三,02/09/2000,
二,02/08/2000,
一,02/07/2000,
五,02/04/2000,
四,02/03/2000,
三,02/02/2000,
二,02/01/2000,
一,01/31/2000,
五,01/28/2000,
四,01/27/2000,
三,01/26/2000,
二,01/25/2000,
一,01/24/2000,
五,01/21/2000,
四,01/20/2000,
三,01/19/2000,
二,01/18/2000,
五,01/14/2000,
四,01/13/2000,
三,01/12/2000,
二,01/11/2000,
一,01/10/2000,
五,01/07/2000,
四,01/06/2000,
三,01/05/2000,
二,01/04/2000,
一,01/03/2000,
五,12/31/1999,
四,12/30/1999,
三,12/29/1999,
二,12/28/1999,
一,12/27/1999,
四,12/23/1999,
三,12/22/1999,
二,12/21/1999,
一,12/20/1999,
五,12/17/1999,
四,12/16/1999,
三,12/15/1999,
二,12/14/1999,
一,12/13/1999,
五,12/10/1999,
四,12/09/1999,
三,12/08/1999,
二,12/07/1999,
一,12/06/1999,
五,12/03/1999,
四,12/02/1999,
三,12/01/1999,
二,11/30/1999,
一,11/29/1999,
五,11/26/1999,
三,11/24/1999,
二,11/23/1999,
一,11/22/1999,
五,11/19/1999,
四,11/18/1999,
三,11/17/1999,
二,11/16/1999,
一,11/15/1999,
五,11/12/1999,
四,11/11/1999,
三,11/10/1999,
二,11/09/1999,
一,11/08/1999,
五,11/05/1999,
四,11/04/1999,
三,11/03/1999,
二,11/02/1999,
一,11/01/1999,
五,10/29/1999,
四,10/28/1999,
三,10/27/1999,
二,10/26/1999,
一,10/25/1999,
五,10/22/1999,
四,10/21/1999,
三,10/20/1999,
二,10/19/1999,
一,10/18/1999,
五,10/15/1999,
四,10/14/1999,
三,10/13/1999,
二,10/12/1999,
一,10/11/1999,
五,10/08/1999,
四,10/07/1999,
三,10/06/1999,
二,10/05/1999,
一,10/04/1999,
五,10/01/1999,
四,09/30/1999,
三,09/29/1999,
二,09/28/1999,
一,09/27/1999,
五,09/24/1999,
四,09/23/1999,
三,09/22/1999,
二,09/21/1999,
一,09/20/1999,
五,09/17/1999,
四,09/16/1999,
三,09/15/1999,
二,09/14/1999,
一,09/13/1999,
五,09/10/1999,
四,09/09/1999,
三,09/08/1999,
二,09/07/1999,
五,09/03/1999,
四,09/02/1999,
三,09/01/1999,
二,08/31/1999,
一,08/30/1999,
五,08/27/1999,
四,08/26/1999,
三,08/25/1999,
二,08/24/1999,
一,08/23/1999,
五,08/20/1999,
四,08/19/1999,
三,08/18/1999,
二,08/17/1999,
一,08/16/1999,
五,08/13/1999,
四,08/12/1999,
三,08/11/1999,
二,08/10/1999,
一,08/09/1999,
五,08/06/1999,
四,08/05/1999,
三,08/04/1999,
二,08/03/1999,
一,08/02/1999,
五,07/30/1999,
四,07/29/1999,
三,07/28/1999,
二,07/27/1999,
一,07/26/1999,
五,07/23/1999,
四,07/22/1999,
三,07/21/1999,
二,07/20/1999,
一,07/19/1999,
五,07/16/1999,
四,07/15/1999,
三,07/14/1999,
二,07/13/1999,
一,07/12/1999,
五,07/09/1999,
四,07/08/1999,
三,07/07/1999,
二,07/06/1999,
五,07/02/1999,
四,07/01/1999,
三,06/30/1999,
二,06/29/1999,
一,06/28/1999,
五,06/25/1999,
四,06/24/1999,
三,06/23/1999,
二,06/22/1999,
一,06/21/1999,
五,06/18/1999,
四,06/17/1999,
三,06/16/1999,
二,06/15/1999,
一,06/14/1999,
五,06/11/1999,
四,06/10/1999,
三,06/09/1999,
二,06/08/1999,
一,06/07/1999,
五,06/04/1999,
四,06/03/1999,
三,06/02/1999,
二,06/01/1999,
五,05/28/1999,
四,05/27/1999,
三,05/26/1999,
二,05/25/1999,
一,05/24/1999,
五,05/21/1999,
四,05/20/1999,
三,05/19/1999,
二,05/18/1999,
一,05/17/1999,
五,05/14/1999,
四,05/13/1999,
三,05/12/1999,
二,05/11/1999,
一,05/10/1999,
五,05/07/1999,
四,05/06/1999,
三,05/05/1999,
二,05/04/1999,
一,05/03/1999,
五,04/30/1999,
四,04/29/1999,
三,04/28/1999,
二,04/27/1999,
一,04/26/1999,
五,04/23/1999,
四,04/22/1999,
三,04/21/1999,
二,04/20/1999,
一,04/19/1999,
五,04/16/1999,
四,04/15/1999,
三,04/14/1999,
二,04/13/1999,
一,04/12/1999,
五,04/09/1999,
四,04/08/1999,
三,04/07/1999,
二,04/06/1999,
一,04/05/1999,
四,04/01/1999,
三,03/31/1999,
二,03/30/1999,
一,03/29/1999,
五,03/26/1999,
四,03/25/1999,
三,03/24/1999,
二,03/23/1999,
一,03/22/1999,
五,03/19/1999,
四,03/18/1999,
三,03/17/1999,
二,03/16/1999,
一,03/15/1999,
五,03/12/1999,
四,03/11/1999,
三,03/10/1999,
二,03/09/1999,
一,03/08/1999,
五,03/05/1999,
四,03/04/1999,
三,03/03/1999,
二,03/02/1999,
一,03/01/1999,
五,02/26/1999,
四,02/25/1999,
三,02/24/1999,
二,02/23/1999,
一,02/22/1999,
五,02/19/1999,
四,02/18/1999,
三,02/17/1999,
二,02/16/1999,
五,02/12/1999,
四,02/11/1999,
三,02/10/1999,
二,02/09/1999,
一,02/08/1999,
五,02/05/1999,
四,02/04/1999,
三,02/03/1999,
二,02/02/1999,
一,02/01/1999,
五,01/29/1999,
四,01/28/1999,
三,01/27/1999,
二,01/26/1999,
一,01/25/1999,
五,01/22/1999,
四,01/21/1999,
三,01/20/1999,
二,01/19/1999,
五,01/15/1999,
四,01/14/1999,
三,01/13/1999,
二,01/12/1999,
一,01/11/1999,
五,01/08/1999,
四,01/07/1999,
三,01/06/1999,
二,01/05/1999,
一,01/04/1999,
四,12/31/1998,
三,12/30/1998,
二,12/29/1998,
一,12/28/1998,
四,12/24/1998,
三,12/23/1998,
二,12/22/1998,
一,12/21/1998,
五,12/18/1998,
四,12/17/1998,
三,12/16/1998,
二,12/15/1998,
一,12/14/1998,
五,12/11/1998,
四,12/10/1998,
三,12/09/1998,
二,12/08/1998,
一,12/07/1998,
五,12/04/1998,
四,12/03/1998,
三,12/02/1998,
二,12/01/1998,
一,11/30/1998,
五,11/27/1998,
三,11/25/1998,
二,11/24/1998,
一,11/23/1998,
五,11/20/1998,
四,11/19/1998,
三,11/18/1998,
二,11/17/1998,
一,11/16/1998,
五,11/13/1998,
四,11/12/1998,
三,11/11/1998,
二,11/10/1998,
一,11/09/1998,
五,11/06/1998,
四,11/05/1998,
三,11/04/1998,
二,11/03/1998,
一,11/02/1998,
五,10/30/1998,
四,10/29/1998,
三,10/28/1998,
二,10/27/1998,
一,10/26/1998,
五,10/23/1998,
四,10/22/1998,
三,10/21/1998,
二,10/20/1998,
一,10/19/1998,
五,10/16/1998,
四,10/15/1998,
三,10/14/1998,
二,10/13/1998,
一,10/12/1998,
五,10/09/1998,
四,10/08/1998,
三,10/07/1998,
二,10/06/1998,
一,10/05/1998,
五,10/02/1998,
四,10/01/1998,
三,09/30/1998,
二,09/29/1998,
一,09/28/1998,
五,09/25/1998,
四,09/24/1998,
三,09/23/1998,
二,09/22/1998,
一,09/21/1998,
五,09/18/1998,
四,09/17/1998,
三,09/16/1998,
二,09/15/1998,
一,09/14/1998,
五,09/11/1998,
四,09/10/1998,
三,09/09/1998,
二,09/08/1998,
五,09/04/1998,
四,09/03/1998,
三,09/02/1998,
二,09/01/1998,
一,08/31/1998,
五,08/28/1998,
四,08/27/1998,
三,08/26/1998,
二,08/25/1998,
一,08/24/1998,
五,08/21/1998,
四,08/20/1998,
三,08/19/1998,
二,08/18/1998,
一,08/17/1998,
五,08/14/1998,
四,08/13/1998,
三,08/12/1998,
二,08/11/1998,
一,08/10/1998,
五,08/07/1998,
四,08/06/1998,
三,08/05/1998,
二,08/04/1998,
一,08/03/1998,
五,07/31/1998,
四,07/30/1998,
三,07/29/1998,
二,07/28/1998,
一,07/27/1998,
五,07/24/1998,
四,07/23/1998,
三,07/22/1998,
二,07/21/1998,
一,07/20/1998,
五,07/17/1998,
四,07/16/1998,
三,07/15/1998,
二,07/14/1998,
一,07/13/1998,
五,07/10/1998,
四,07/09/1998,
三,07/08/1998,
二,07/07/1998,
一,07/06/1998,
四,07/02/1998,
三,07/01/1998,
二,06/30/1998,
一,06/29/1998,
五,06/26/1998,
四,06/25/1998,
三,06/24/1998,
二,06/23/1998,
一,06/22/1998,
五,06/19/1998,
四,06/18/1998,
三,06/17/1998,
二,06/16/1998,
一,06/15/1998,
五,06/12/1998,
四,06/11/1998,
三,06/10/1998,
二,06/09/1998,
一,06/08/1998,
五,06/05/1998,
四,06/04/1998,
三,06/03/1998,
二,06/02/1998,
一,06/01/1998,
五,05/29/1998,
四,05/28/1998,
三,05/27/1998,
二,05/26/1998,
五,05/22/1998,
四,05/21/1998,
三,05/20/1998,
二,05/19/1998,
一,05/18/1998,
五,05/15/1998,
四,05/14/1998,
三,05/13/1998,
二,05/12/1998,
一,05/11/1998,
五,05/08/1998,
四,05/07/1998,
三,05/06/1998,
二,05/05/1998,
一,05/04/1998,
五,05/01/1998,
四,04/30/1998,
三,04/29/1998,
二,04/28/1998,
一,04/27/1998,
五,04/24/1998,
四,04/23/1998,
三,04/22/1998,
二,04/21/1998,
一,04/20/1998,
五,04/17/1998,
四,04/16/1998,
三,04/15/1998,
二,04/14/1998,
一,04/13/1998,
四,04/09/1998,
三,04/08/1998,
二,04/07/1998,
一,04/06/1998,
五,04/03/1998,
四,04/02/1998,
三,04/01/1998,
二,03/31/1998,
一,03/30/1998,
五,03/27/1998,
四,03/26/1998,
三,03/25/1998,
二,03/24/1998,
一,03/23/1998,
五,03/20/1998,
四,03/19/1998,
三,03/18/1998,
二,03/17/1998,
一,03/16/1998,
五,03/13/1998,
四,03/12/1998,
三,03/11/1998,
二,03/10/1998,
一,03/09/1998,
五,03/06/1998,
四,03/05/1998,
三,03/04/1998,
二,03/03/1998,
一,03/02/1998,
五,02/27/1998,
四,02/26/1998,
三,02/25/1998,
二,02/24/1998,
一,02/23/1998,
五,02/20/1998,
四,02/19/1998,
三,02/18/1998,
二,02/17/1998,
五,02/13/1998,
四,02/12/1998,
三,02/11/1998,
二,02/10/1998,
一,02/09/1998,
五,02/06/1998,
四,02/05/1998,
三,02/04/1998,
二,02/03/1998,
一,02/02/1998,
五,01/30/1998,
四,01/29/1998,
三,01/28/1998,
二,01/27/1998,
一,01/26/1998,
五,01/23/1998,
四,01/22/1998,
三,01/21/1998,
二,01/20/1998,
五,01/16/1998,
四,01/15/1998,
三,01/14/1998,
二,01/13/1998,
一,01/12/1998,
五,01/09/1998,
四,01/08/1998,
三,01/07/1998,
二,01/06/1998,
一,01/05/1998,
五,01/02/1998,
三,12/31/1997,
二,12/30/1997,
一,12/29/1997,
五,12/26/1997,
三,12/24/1997,
二,12/23/1997,
一,12/22/1997,
五,12/19/1997,
四,12/18/1997,
三,12/17/1997,
二,12/16/1997,
一,12/15/1997,
五,12/12/1997,
四,12/11/1997,
三,12/10/1997,
二,12/09/1997,
一,12/08/1997,
五,12/05/1997,
四,12/04/1997,
三,12/03/1997,
二,12/02/1997,
一,12/01/1997,
五,11/28/1997,
三,11/26/1997,
二,11/25/1997,
一,11/24/1997,
五,11/21/1997,
四,11/20/1997,
三,11/19/1997,
二,11/18/1997,
一,11/17/1997,
五,11/14/1997,
四,11/13/1997,
三,11/12/1997,
二,11/11/1997,
一,11/10/1997,
五,11/07/1997,
四,11/06/1997,
三,11/05/1997,
二,11/04/1997,
一,11/03/1997,
五,10/31/1997,
四,10/30/1997,
三,10/29/1997,
二,10/28/1997,
一,10/27/1997,
五,10/24/1997,
四,10/23/1997,
三,10/22/1997,
二,10/21/1997,
一,10/20/1997,
五,10/17/1997,
四,10/16/1997,
三,10/15/1997,
二,10/14/1997,
一,10/13/1997,
五,10/10/1997,
四,10/09/1997,
三,10/08/1997,
二,10/07/1997,
一,10/06/1997,
五,10/03/1997,
四,10/02/1997,
三,10/01/1997,
二,09/30/1997,
一,09/29/1997,
五,09/26/1997,
四,09/25/1997,
三,09/24/1997,
二,09/23/1997,
一,09/22/1997,
五,09/19/1997,
四,09/18/1997,
三,09/17/1997,
二,09/16/1997,
一,09/15/1997,
五,09/12/1997,
四,09/11/1997,
三,09/10/1997,
二,09/09/1997,
一,09/08/1997,
五,09/05/1997,
四,09/04/1997,
三,09/03/1997,
二,09/02/1997,
五,08/29/1997,
四,08/28/1997,
三,08/27/1997,
二,08/26/1997,
一,08/25/1997,
五,08/22/1997,
四,08/21/1997,
三,08/20/1997,
二,08/19/1997,
一,08/18/1997,
五,08/15/1997,
四,08/14/1997,
三,08/13/1997,
二,08/12/1997,
一,08/11/1997,
五,08/08/1997,
四,08/07/1997,
三,08/06/1997,
二,08/05/1997,
一,08/04/1997,
五,08/01/1997,
四,07/31/1997,
三,07/30/1997,
二,07/29/1997,
一,07/28/1997,
五,07/25/1997,
四,07/24/1997,
三,07/23/1997,
二,07/22/1997,
一,07/21/1997,
五,07/18/1997,
四,07/17/1997,
三,07/16/1997,
二,07/15/1997,
一,07/14/1997,
五,07/11/1997,
四,07/10/1997,
三,07/09/1997,
二,07/08/1997,
一,07/07/1997,
四,07/03/1997,
三,07/02/1997,
二,07/01/1997,
一,06/30/1997,
五,06/27/1997,
四,06/26/1997,
三,06/25/1997,
二,06/24/1997,
一,06/23/1997,
五,06/20/1997,
四,06/19/1997,
三,06/18/1997,
二,06/17/1997,
一,06/16/1997,
五,06/13/1997,
四,06/12/1997,
三,06/11/1997,
二,06/10/1997,
一,06/09/1997,
五,06/06/1997,
四,06/05/1997,
三,06/04/1997,
二,06/03/1997,
一,06/02/1997,
五,05/30/1997,
四,05/29/1997,
三,05/28/1997,
二,05/27/1997,
五,05/23/1997,
四,05/22/1997,
三,05/21/1997,
二,05/20/1997,
一,05/19/1997,
五,05/16/1997,
四,05/15/1997,
三,05/14/1997,
二,05/13/1997,
一,05/12/1997,
五,05/09/1997,
四,05/08/1997,
三,05/07/1997,
二,05/06/1997,
一,05/05/1997,
五,05/02/1997,
四,05/01/1997,
三,04/30/1997,
二,04/29/1997,
一,04/28/1997,
五,04/25/1997,
四,04/24/1997,
三,04/23/1997,
二,04/22/1997,
一,04/21/1997,
五,04/18/1997,
四,04/17/1997,
三,04/16/1997,
二,04/15/1997,
一,04/14/1997,
五,04/11/1997,
四,04/10/1997,
三,04/09/1997,
二,04/08/1997,
一,04/07/1997,
五,04/04/1997,
四,04/03/1997,
三,04/02/1997,
二,04/01/1997,
一,03/31/1997,
四,03/27/1997,
三,03/26/1997,
二,03/25/1997,
一,03/24/1997,
五,03/21/1997,
四,03/20/1997,
三,03/19/1997,
二,03/18/1997,
一,03/17/1997,
五,03/14/1997,
四,03/13/1997,
三,03/12/1997,
二,03/11/1997,
一,03/10/1997,
五,03/07/1997,
四,03/06/1997,
三,03/05/1997,
二,03/04/1997,
一,03/03/1997,
五,02/28/1997,
四,02/27/1997,
三,02/26/1997,
二,02/25/1997,
一,02/24/1997,
五,02/21/1997,
四,02/20/1997,
三,02/19/1997,
二,02/18/1997,
五,02/14/1997,
四,02/13/1997,
三,02/12/1997,
二,02/11/1997,
一,02/10/1997,
五,02/07/1997,
四,02/06/1997,
三,02/05/1997,
二,02/04/1997,
一,02/03/1997,
五,01/31/1997,
四,01/30/1997,
三,01/29/1997,
二,01/28/1997,
一,01/27/1997,
五,01/24/1997,
四,01/23/1997,
三,01/22/1997,
二,01/21/1997,
一,01/20/1997,
五,01/17/1997,
四,01/16/1997,
三,01/15/1997,
二,01/14/1997,
一,01/13/1997,
五,01/10/1997,
四,01/09/1997,
三,01/08/1997,
二,01/07/1997,
一,01/06/1997,
五,01/03/1997,
四,01/02/1997,
二,12/31/1996,
一,12/30/1996,
五,12/27/1996,
四,12/26/1996,
二,12/24/1996,
一,12/23/1996,
五,12/20/1996,
四,12/19/1996,
三,12/18/1996,
二,12/17/1996,
一,12/16/1996,
五,12/13/1996,
四,12/12/1996,
三,12/11/1996,
二,12/10/1996,
一,12/09/1996,
五,12/06/1996,
四,12/05/1996,
三,12/04/1996,
二,12/03/1996,
一,12/02/1996,
五,11/29/1996,
三,11/27/1996,
二,11/26/1996,
一,11/25/1996,
五,11/22/1996,
四,11/21/1996,
三,11/20/1996,
二,11/19/1996,
一,11/18/1996,
五,11/15/1996,
四,11/14/1996,
三,11/13/1996,
二,11/12/1996,
一,11/11/1996,
五,11/08/1996,
四,11/07/1996,
三,11/06/1996,
二,11/05/1996,
一,11/04/1996,
五,11/01/1996,
四,10/31/1996,
三,10/30/1996,
二,10/29/1996,
一,10/28/1996,
五,10/25/1996,
四,10/24/1996,
三,10/23/1996,
二,10/22/1996,
一,10/21/1996,
五,10/18/1996,
四,10/17/1996,
三,10/16/1996,
二,10/15/1996,
一,10/14/1996,
五,10/11/1996,
四,10/10/1996,
三,10/09/1996,
二,10/08/1996,
一,10/07/1996,
五,10/04/1996,
四,10/03/1996,
三,10/02/1996,
二,10/01/1996,
一,09/30/1996,
五,09/27/1996,
四,09/26/1996,
三,09/25/1996,
二,09/24/1996,
一,09/23/1996,
五,09/20/1996,
四,09/19/1996,
三,09/18/1996,
二,09/17/1996,
一,09/16/1996,
五,09/13/1996,
四,09/12/1996,
三,09/11/1996,
二,09/10/1996,
一,09/09/1996,
五,09/06/1996,
四,09/05/1996,
三,09/04/1996,
二,09/03/1996,
五,08/30/1996,
四,08/29/1996,
三,08/28/1996,
二,08/27/1996,
一,08/26/1996,
五,08/23/1996,
四,08/22/1996,
三,08/21/1996,
二,08/20/1996,
一,08/19/1996,
五,08/16/1996,
四,08/15/1996,
三,08/14/1996,
二,08/13/1996,
一,08/12/1996,
五,08/09/1996,
四,08/08/1996,
三,08/07/1996,
二,08/06/1996,
一,08/05/1996,
五,08/02/1996,
四,08/01/1996,
三,07/31/1996,
二,07/30/1996,
一,07/29/1996,
五,07/26/1996,
四,07/25/1996,
三,07/24/1996,
二,07/23/1996,
一,07/22/1996,
五,07/19/1996,
四,07/18/1996,
三,07/17/1996,
二,07/16/1996,
一,07/15/1996,
五,07/12/1996,
四,07/11/1996,
三,07/10/1996,
二,07/09/1996,
一,07/08/1996,
五,07/05/1996,
三,07/03/1996,
二,07/02/1996,
一,07/01/1996,
五,06/28/1996,
四,06/27/1996,
三,06/26/1996,
二,06/25/1996,
一,06/24/1996,
五,06/21/1996,
四,06/20/1996,
三,06/19/1996,
二,06/18/1996,
一,06/17/1996,
五,06/14/1996,
四,06/13/1996,
三,06/12/1996,
二,06/11/1996,
一,06/10/1996,
五,06/07/1996,
四,06/06/1996,
三,06/05/1996,
二,06/04/1996,
一,06/03/1996,
五,05/31/1996,
四,05/30/1996,
三,05/29/1996,
二,05/28/1996,
五,05/24/1996,
四,05/23/1996,
三,05/22/1996,
二,05/21/1996,
一,05/20/1996,
五,05/17/1996,
四,05/16/1996,
三,05/15/1996,
二,05/14/1996,
一,05/13/1996,
五,05/10/1996,
四,05/09/1996,
三,05/08/1996,
二,05/07/1996,
一,05/06/1996,
五,05/03/1996,
四,05/02/1996,
三,05/01/1996,
二,04/30/1996,
一,04/29/1996,
