四,04/26/2018,178.16
三,04/25/2018,172.47
二,04/24/2018,173.24
一,04/23/2018,175.43
五,04/20/2018,177.08
四,04/19/2018,179.01
三,04/18/2018,179.46
二,04/17/2018,178.34
一,04/16/2018,173.87
五,04/13/2018,174.27
四,04/12/2018,174.8
三,04/11/2018,172.36
二,04/10/2018,174.72
一,04/09/2018,170.34
五,04/06/2018,169.7
四,04/05/2018,175.8
三,04/04/2018,173.69
二,04/03/2018,172.47
一,04/02/2018,171.6
四,03/29/2018,175.16
三,03/28/2018,170.35
二,03/27/2018,172.52
一,03/26/2018,177.17
五,03/23/2018,171.83
四,03/22/2018,175.52
三,03/21/2018,180.75
二,03/20/2018,182.51
一,03/19/2018,180.58
五,03/16/2018,182.55
四,03/15/2018,180.95
三,03/14/2018,180.12
二,03/13/2018,181.01
一,03/12/2018,182.54
五,03/09/2018,183.24
四,03/08/2018,179.25
三,03/07/2018,179.21
二,03/06/2018,177.53
一,03/05/2018,178.53
五,03/02/2018,175.02
四,03/01/2018,173.49
三,02/28/2018,175.76
二,02/27/2018,175.93
一,02/26/2018,177.87
五,02/23/2018,175.76
四,02/22/2018,172.95
三,02/21/2018,172.32
二,02/20/2018,175.35
五,02/16/2018,175.65
四,02/15/2018,174.69
三,02/14/2018,172.52
二,02/13/2018,170.12
一,02/12/2018,168.19
五,02/09/2018,165.2
四,02/08/2018,160.62
三,02/07/2018,168.73
二,02/06/2018,169.28
一,02/05/2018,164.59
五,02/02/2018,170.55
四,02/01/2018,172.93
三,01/31/2018,169.0
二,01/30/2018,167.19
一,01/29/2018,168.55
五,01/26/2018,170.34
四,01/25/2018,168.59
三,01/24/2018,167.01
二,01/23/2018,167.19
一,01/22/2018,168.28
五,01/19/2018,166.83
四,01/18/2018,165.48
三,01/17/2018,164.32
二,01/16/2018,162.29
五,01/12/2018,162.33
四,01/11/2018,160.92
三,01/10/2018,159.86
二,01/09/2018,159.5
一,01/08/2018,159.27
五,01/05/2018,159.04
四,01/04/2018,155.81
三,01/03/2018,153.82
二,01/02/2018,151.91
五,12/29/2017,151.36
四,12/28/2017,151.77
三,12/27/2017,151.4
二,12/26/2017,151.28
五,12/22/2017,150.85
四,12/21/2017,150.53
三,12/20/2017,151.45
二,12/19/2017,151.68
一,12/18/2017,153.12
五,12/15/2017,153.4
四,12/14/2017,151.93
三,12/13/2017,151.69
二,12/12/2017,152.5
一,12/11/2017,150.88
五,12/08/2017,149.89
四,12/07/2017,149.45
三,12/06/2017,147.42
二,12/05/2017,145.13
一,12/04/2017,143.43
五,12/01/2017,149.69
四,11/30/2017,150.47
三,11/29/2017,148.35
二,11/28/2017,154.19
一,11/27/2017,152.97
五,11/24/2017,152.74
三,11/22/2017,151.25
二,11/21/2017,152.51
一,11/20/2017,149.56
五,11/17/2017,149.02
四,11/16/2017,150.33
三,11/15/2017,148.33
二,11/14/2017,149.95
一,11/13/2017,149.69
五,11/10/2017,149.54
四,11/09/2017,149.29
三,11/08/2017,149.97
二,11/07/2017,149.97
一,11/06/2017,150.09
五,11/03/2017,149.29
四,11/02/2017,148.25
三,11/01/2017,148.89
二,10/31/2017,148.77
一,10/30/2017,148.95
五,10/27/2017,148.52
四,10/26/2017,146.59
三,10/25/2017,146.24
二,10/24/2017,145.8
一,10/23/2017,145.56
五,10/20/2017,145.38
四,10/19/2017,144.98
三,10/18/2017,146.19
二,10/17/2017,145.93
一,10/16/2017,146.22
五,10/13/2017,147.34
四,10/12/2017,146.74
三,10/11/2017,146.85
二,10/10/2017,145.65
一,10/09/2017,144.55
五,10/06/2017,143.52
四,10/05/2017,143.75
三,10/04/2017,142.09
二,10/03/2017,143.02
一,10/02/2017,141.82
五,09/29/2017,141.2
四,09/28/2017,140.2
三,09/27/2017,139.67
二,09/26/2017,138.37
一,09/25/2017,138.57
五,09/22/2017,141.89
四,09/21/2017,141.72
三,09/20/2017,142.24
二,09/19/2017,142.49
一,09/18/2017,141.4
五,09/15/2017,141.58
四,09/14/2017,141.47
三,09/13/2017,140.1
二,09/12/2017,142.42
一,09/11/2017,141.99
五,09/08/2017,137.22
四,09/07/2017,136.53
三,09/06/2017,132.89
二,09/05/2017,132.66
五,09/01/2017,133.24
四,08/31/2017,133.3
三,08/30/2017,133.8
二,08/29/2017,133.84
一,08/28/2017,133.85
五,08/25/2017,132.75
四,08/24/2017,132.96
三,08/23/2017,133.07
二,08/22/2017,133.8
一,08/21/2017,131.94
五,08/18/2017,131.14
四,08/17/2017,130.88
三,08/16/2017,132.37
二,08/15/2017,131.58
一,08/14/2017,131.09
五,08/11/2017,128.55
四,08/10/2017,127.67
三,08/09/2017,129.72
二,08/08/2017,129.84
一,08/07/2017,130.38
五,08/04/2017,129.82
四,08/03/2017,129.89
三,08/02/2017,130.61
二,08/01/2017,129.49
一,07/31/2017,127.8
五,07/28/2017,127.91
四,07/27/2017,128.93
三,07/26/2017,130.99
二,07/25/2017,129.98
一,07/24/2017,129.52
五,07/21/2017,129.27
四,07/20/2017,128.47
三,07/19/2017,128.04
二,07/18/2017,127.73
一,07/17/2017,127.43
五,07/14/2017,127.01
四,07/13/2017,125.47
三,07/12/2017,125.28
二,07/11/2017,124.23
一,07/10/2017,122.73
五,07/07/2017,122.2
四,07/06/2017,120.8
三,07/05/2017,121.98
一,07/03/2017,120.78
五,06/30/2017,121.45
四,06/29/2017,121.51
三,06/28/2017,124.81
二,06/27/2017,122.74
一,06/26/2017,123.52
五,06/23/2017,124.01
四,06/22/2017,123.3
三,06/21/2017,123.1
二,06/20/2017,122.93
一,06/19/2017,123.09
五,06/16/2017,121.96
四,06/15/2017,121.42
三,06/14/2017,122.5
二,06/13/2017,122.32
一,06/12/2017,120.76
五,06/09/2017,123.04
四,06/08/2017,124.76
三,06/07/2017,125.19
二,06/06/2017,125.24
一,06/05/2017,125.9
五,06/02/2017,125.2
四,06/01/2017,123.4
三,05/31/2017,122.88
二,05/30/2017,121.65
五,05/26/2017,121.63
四,05/25/2017,121.92
三,05/24/2017,120.7
二,05/23/2017,119.6
一,05/22/2017,119.0
五,05/19/2017,117.58
四,05/18/2017,116.24
三,05/17/2017,116.8
二,05/16/2017,118.49
一,05/15/2017,118.21
五,05/12/2017,117.13
四,05/11/2017,116.53
三,05/10/2017,116.65
二,05/09/2017,116.41
一,05/08/2017,116.61
五,05/05/2017,117.5
四,05/04/2017,117.92
三,05/03/2017,117.33
二,05/02/2017,118.12
一,05/01/2017,116.37
五,04/28/2017,116.32
四,04/27/2017,117.1
三,04/26/2017,116.17
二,04/25/2017,116.13
一,04/24/2017,115.7
五,04/21/2017,114.27
四,04/20/2017,114.59
三,04/19/2017,112.29
二,04/18/2017,112.52
一,04/17/2017,112.67
四,04/13/2017,111.22
三,04/12/2017,111.47
二,04/11/2017,112.11
一,04/10/2017,112.32
五,04/07/2017,112.24
四,04/06/2017,112.43
三,04/05/2017,112.07
二,04/04/2017,112.09
一,04/03/2017,112.24
五,03/31/2017,112.47
四,03/30/2017,112.67
三,03/29/2017,112.06
二,03/28/2017,112.47
一,03/27/2017,111.94
五,03/24/2017,111.98
四,03/23/2017,111.6
三,03/22/2017,111.45
二,03/21/2017,110.71
一,03/20/2017,112.41
五,03/17/2017,112.83
四,03/16/2017,112.67
三,03/15/2017,112.02
二,03/14/2017,110.49
一,03/13/2017,111.53
五,03/10/2017,111.21
四,03/09/2017,110.79
三,03/08/2017,110.98
二,03/07/2017,110.96
一,03/06/2017,111.36
五,03/03/2017,111.74
四,03/02/2017,111.33
三,03/01/2017,112.31
二,02/28/2017,110.46
一,02/27/2017,110.57
五,02/24/2017,111.0
四,02/23/2017,110.74
三,02/22/2017,109.44
二,02/21/2017,110.16
五,02/17/2017,109.42
四,02/16/2017,109.3
三,02/15/2017,109.66
二,02/14/2017,108.88
一,02/13/2017,108.28
五,02/10/2017,107.27
四,02/09/2017,107.3
三,02/08/2017,106.72
二,02/07/2017,106.6
一,02/06/2017,106.59
五,02/03/2017,106.58
四,02/02/2017,105.14
三,02/01/2017,105.0
二,01/31/2017,106.33
一,01/30/2017,109.3
五,01/27/2017,109.84
四,01/26/2017,109.38
三,01/25/2017,110.19
二,01/24/2017,109.92
一,01/23/2017,109.63
五,01/20/2017,109.96
四,01/19/2017,108.53
三,01/18/2017,108.66
二,01/17/2017,108.4
五,01/13/2017,108.7
四,01/12/2017,108.71
三,01/11/2017,107.81
二,01/10/2017,107.32
一,01/09/2017,107.55
五,01/06/2017,107.76
四,01/05/2017,106.99
三,01/04/2017,106.39
二,01/03/2017,105.39
五,12/30/2016,103.25
四,12/29/2016,103.77
三,12/28/2016,103.68
二,12/27/2016,104.8
五,12/23/2016,104.71
四,12/22/2016,104.31
三,12/21/2016,104.17
二,12/20/2016,104.54
一,12/19/2016,103.54
五,12/16/2016,103.43
四,12/15/2016,104.35
三,12/14/2016,103.28
二,12/13/2016,103.32
一,12/12/2016,103.28
五,12/09/2016,104.41
四,12/08/2016,104.82
三,12/07/2016,105.25
二,12/06/2016,102.0
一,12/05/2016,103.55
五,12/02/2016,101.1
四,12/01/2016,100.18
三,11/30/2016,102.2
二,11/29/2016,103.82
一,11/28/2016,103.36
五,11/25/2016,105.73
三,11/23/2016,104.56
二,11/22/2016,105.93
一,11/21/2016,105.94
五,11/18/2016,104.78
四,11/17/2016,104.45
三,11/16/2016,104.0
二,11/15/2016,102.48
一,11/14/2016,101.14
五,11/11/2016,104.62
四,11/10/2016,104.5
三,11/09/2016,106.19
二,11/08/2016,105.7
一,11/07/2016,105.96
五,11/04/2016,103.03
四,11/03/2016,103.78
三,11/02/2016,104.0
二,11/01/2016,104.96
一,10/31/2016,107.02
五,10/28/2016,106.9
四,10/27/2016,103.6
三,10/26/2016,103.22
二,10/25/2016,102.88
一,10/24/2016,103.19
五,10/21/2016,102.85
四,10/20/2016,102.55
三,10/19/2016,102.73
二,10/18/2016,101.73
一,10/17/2016,100.85
五,10/14/2016,100.88
四,10/13/2016,100.65
三,10/12/2016,101.36
二,10/11/2016,101.35
一,10/10/2016,102.65
五,10/07/2016,102.25
四,10/06/2016,102.94
三,10/05/2016,102.4
二,10/04/2016,101.22
一,10/03/2016,101.88
五,09/30/2016,101.77
四,09/29/2016,100.61
三,09/28/2016,101.51
二,09/27/2016,101.45
一,09/26/2016,101.16
五,09/23/2016,101.66
四,09/22/2016,102.12
三,09/21/2016,101.26
二,09/20/2016,100.49
一,09/19/2016,99.68
五,09/16/2016,99.36
四,09/15/2016,99.47
三,09/14/2016,98.71
二,09/13/2016,99.39
一,09/12/2016,100.11
五,09/09/2016,98.15
四,09/08/2016,99.98
三,09/07/2016,99.57
二,09/06/2016,98.79
五,09/02/2016,97.89
四,09/01/2016,97.62
三,08/31/2016,96.63
二,08/30/2016,97.09
一,08/29/2016,96.78
五,08/26/2016,96.47
四,08/25/2016,95.59
三,08/24/2016,95.53
二,08/23/2016,96.29
一,08/22/2016,95.79
五,08/19/2016,95.22
四,08/18/2016,95.27
三,08/17/2016,95.59
二,08/16/2016,95.62
一,08/15/2016,96.44
五,08/12/2016,96.12
四,08/11/2016,96.53
三,08/10/2016,96.29
二,08/09/2016,96.7
一,08/08/2016,96.78
五,08/05/2016,96.88
四,08/04/2016,95.91
三,08/03/2016,95.08
二,08/02/2016,95.25
一,08/01/2016,95.07
五,07/29/2016,95.24
四,07/28/2016,96.01
三,07/27/2016,93.75
二,07/26/2016,93.43
一,07/25/2016,93.0
五,07/22/2016,93.66
四,07/21/2016,92.46
三,07/20/2016,93.3
二,07/19/2016,92.38
一,07/18/2016,91.6
五,07/15/2016,90.93
四,07/14/2016,91.45
三,07/13/2016,90.34
二,07/12/2016,90.0
一,07/11/2016,88.75
五,07/08/2016,88.56
四,07/07/2016,87.81
三,07/06/2016,86.83
二,07/05/2016,88.24
五,07/01/2016,88.85
四,06/30/2016,88.06
三,06/29/2016,92.13
二,06/28/2016,90.42
一,06/27/2016,89.07
五,06/24/2016,91.47
四,06/23/2016,95.71
三,06/22/2016,94.06
二,06/21/2016,95.11
一,06/20/2016,94.35
五,06/17/2016,93.29
四,06/16/2016,94.08
三,06/15/2016,93.34
二,06/14/2016,94.11
一,06/13/2016,94.19
五,06/10/2016,95.21
四,06/09/2016,97.02
三,06/08/2016,97.99
二,06/07/2016,96.68
一,06/06/2016,96.64
五,06/03/2016,96.03
四,06/02/2016,96.88
三,06/01/2016,96.41
二,05/31/2016,95.9
五,05/27/2016,97.18
四,05/26/2016,96.38
三,05/25/2016,96.45
二,05/24/2016,96.48
一,05/23/2016,95.08
五,05/20/2016,95.47
四,05/19/2016,94.7
三,05/18/2016,95.63
二,05/17/2016,95.6
一,05/16/2016,96.15
五,05/13/2016,95.36
四,05/12/2016,95.85
三,05/11/2016,96.41
二,05/10/2016,97.64
一,05/09/2016,96.72
五,05/06/2016,96.68
四,05/05/2016,96.19
三,05/04/2016,96.25
二,05/03/2016,96.45
一,05/02/2016,97.77
五,04/29/2016,96.99
四,04/28/2016,97.18
三,04/27/2016,98.38
二,04/26/2016,97.27
一,04/25/2016,96.98
五,04/22/2016,97.45
四,04/21/2016,97.54
三,04/20/2016,97.9
二,04/19/2016,97.24
一,04/18/2016,97.67
五,04/15/2016,96.68
四,04/14/2016,96.17
三,04/13/2016,95.75
二,04/12/2016,93.86
一,04/11/2016,93.47
五,04/08/2016,93.79
四,04/07/2016,93.51
三,04/06/2016,94.75
二,04/05/2016,94.35
一,04/04/2016,95.05
五,04/01/2016,95.87
四,03/31/2016,94.5
三,03/30/2016,93.81
二,03/29/2016,92.78
一,03/28/2016,91.24
四,03/24/2016,91.91
三,03/23/2016,92.13
二,03/22/2016,91.76
一,03/21/2016,92.35
五,03/18/2016,92.31
四,03/17/2016,91.41
三,03/16/2016,90.01
二,03/15/2016,89.36
一,03/14/2016,88.87
五,03/11/2016,88.58
四,03/10/2016,86.89
三,03/09/2016,87.18
二,03/08/2016,86.85
一,03/07/2016,88.3
五,03/04/2016,90.05
四,03/03/2016,89.74
三,03/02/2016,89.89
二,03/01/2016,90.1
一,02/29/2016,86.92
五,02/26/2016,87.57
四,02/25/2016,87.42
三,02/24/2016,86.42
二,02/23/2016,86.21
一,02/22/2016,87.82
五,02/19/2016,86.79
四,02/18/2016,86.04
三,02/17/2016,87.21
二,02/16/2016,86.18
五,02/12/2016,84.89
四,02/11/2016,82.11
三,02/10/2016,83.31
二,02/09/2016,81.97
一,02/08/2016,80.65
五,02/05/2016,82.76
四,02/04/2016,86.33
三,02/03/2016,86.47
二,02/02/2016,85.93
一,02/01/2016,88.63
五,01/29/2016,89.03
四,01/28/2016,83.43
三,01/27/2016,84.81
二,01/26/2016,87.0
一,01/25/2016,86.77
五,01/22/2016,88.0
四,01/21/2016,86.12
三,01/20/2016,85.13
二,01/19/2016,86.22
五,01/15/2016,88.71
四,01/14/2016,90.71
三,01/13/2016,89.19
二,01/12/2016,91.44
一,01/11/2016,90.58
五,01/08/2016,89.89
四,01/07/2016,91.64
三,01/06/2016,93.35
二,01/05/2016,94.99
一,01/04/2016,94.81
四,12/31/2015,97.36
三,12/30/2015,98.87
二,12/29/2015,99.72
一,12/28/2015,98.53
四,12/24/2015,98.59
三,12/23/2015,98.73
二,12/22/2015,97.54
一,12/21/2015,97.04
五,12/18/2015,96.29
四,12/17/2015,99.33
三,12/16/2015,100.04
二,12/15/2015,98.43
一,12/14/2015,96.3
五,12/11/2015,94.83
四,12/10/2015,97.61
三,12/09/2015,97.82
二,12/08/2015,98.18
一,12/07/2015,97.82
五,12/04/2015,98.7
四,12/03/2015,95.96
三,12/02/2015,97.1
二,12/01/2015,97.93
一,11/30/2015,97.92
五,11/27/2015,98.67
三,11/25/2015,98.16
二,11/24/2015,98.5
一,11/23/2015,99.37
五,11/20/2015,99.5
四,11/19/2015,98.93
三,11/18/2015,99.16
二,11/17/2015,98.07
一,11/16/2015,98.3
五,11/13/2015,96.86
四,11/12/2015,98.28
三,11/11/2015,100.88
二,11/10/2015,100.65
一,11/09/2015,100.47
五,11/06/2015,101.5
四,11/05/2015,100.69
三,11/04/2015,100.52
二,11/03/2015,100.12
一,11/02/2015,99.38
五,10/30/2015,98.99
四,10/29/2015,100.59
三,10/28/2015,100.09
二,10/27/2015,98.43
一,10/26/2015,99.63
五,10/23/2015,99.79
四,10/22/2015,98.02
三,10/21/2015,96.6
二,10/20/2015,97.67
一,10/19/2015,97.74
五,10/16/2015,97.64
四,10/15/2015,97.16
三,10/14/2015,95.03
二,10/13/2015,95.93
一,10/12/2015,96.64
五,10/09/2015,95.82
四,10/08/2015,95.87
三,10/07/2015,95.18
二,10/06/2015,93.92
一,10/05/2015,94.33
五,10/02/2015,92.07
四,10/01/2015,90.73
三,09/30/2015,90.12
二,09/29/2015,88.76
一,09/28/2015,88.35
五,09/25/2015,91.3
四,09/24/2015,91.12
三,09/23/2015,92.14
二,09/22/2015,92.07
一,09/21/2015,93.05
五,09/18/2015,92.15
四,09/17/2015,93.21
三,09/16/2015,92.73
二,09/15/2015,92.11
一,09/14/2015,90.94
五,09/11/2015,91.35
四,09/10/2015,89.68
三,09/09/2015,89.97
二,09/08/2015,92.9
五,09/04/2015,90.53
四,09/03/2015,91.65
三,09/02/2015,90.43
二,09/01/2015,89.05
一,08/31/2015,92.37
五,08/28/2015,94.08
四,08/27/2015,94.05
三,08/26/2015,91.71
二,08/25/2015,86.82
一,08/24/2015,87.83
五,08/21/2015,90.68
四,08/20/2015,94.56
三,08/19/2015,96.6
二,08/18/2015,97.6
一,08/17/2015,97.86
五,08/14/2015,97.89
四,08/13/2015,97.23
三,08/12/2015,97.04
二,08/11/2015,97.2
一,08/10/2015,98.08
五,08/07/2015,97.77
四,08/06/2015,97.16
三,08/05/2015,98.27
二,08/04/2015,97.3
一,08/03/2015,97.44
五,07/31/2015,97.4
四,07/30/2015,98.41
三,07/29/2015,96.73
二,07/28/2015,95.16
一,07/27/2015,94.39
五,07/24/2015,95.83
四,07/23/2015,95.16
三,07/22/2015,96.88
二,07/21/2015,96.71
一,07/20/2015,97.26
五,07/17/2015,96.08
四,07/16/2015,95.82
三,07/15/2015,95.25
二,07/14/2015,95.27
一,07/13/2015,95.5
五,07/10/2015,94.62
四,07/09/2015,93.04
三,07/08/2015,92.49
二,07/07/2015,93.89
一,07/06/2015,94.52
四,07/02/2015,94.24
三,07/01/2015,94.5
二,06/30/2015,93.48
一,06/29/2015,92.52
五,06/26/2015,94.51
四,06/25/2015,94.46
三,06/24/2015,95.51
二,06/23/2015,95.7
一,06/22/2015,95.42
五,06/19/2015,94.81
四,06/18/2015,96.05
三,06/17/2015,94.45
二,06/16/2015,94.15
一,06/15/2015,93.3
五,06/12/2015,93.77
四,06/11/2015,94.5
三,06/10/2015,94.17
二,06/09/2015,92.09
一,06/08/2015,91.9
五,06/05/2015,92.62
四,06/04/2015,92.57
三,06/03/2015,93.5
二,06/02/2015,93.17
一,06/01/2015,92.56
五,05/29/2015,92.26
四,05/28/2015,92.82
三,05/27/2015,92.59
二,05/26/2015,91.89
五,05/22/2015,92.69
四,05/21/2015,92.9
三,05/20/2015,93.24
二,05/19/2015,93.8
一,05/18/2015,93.08
五,05/15/2015,93.22
四,05/14/2015,93.84
三,05/13/2015,92.52
二,05/12/2015,92.39
一,05/11/2015,92.52
五,05/08/2015,93.51
四,05/07/2015,92.05
三,05/06/2015,90.57
二,05/05/2015,90.78
一,05/04/2015,91.18
五,05/01/2015,91.25
四,04/30/2015,90.21
三,04/29/2015,90.25
二,04/28/2015,90.23
一,04/27/2015,89.75
五,04/24/2015,90.72
四,04/23/2015,90.88
三,04/22/2015,91.2
二,04/21/2015,87.77
一,04/20/2015,87.33
五,04/17/2015,86.93
四,04/16/2015,88.72
三,04/15/2015,89.25
二,04/14/2015,89.12
一,04/13/2015,88.25
五,04/10/2015,88.57
四,04/09/2015,89.06
三,04/08/2015,89.32
二,04/07/2015,87.92
一,04/06/2015,87.34
四,04/02/2015,87.03
三,04/01/2015,86.74
二,03/31/2015,86.39
一,03/30/2015,87.67
五,03/27/2015,87.25
四,03/26/2015,87.93
三,03/25/2015,87.37
二,03/24/2015,89.49
一,03/23/2015,89.33
五,03/20/2015,89.82
四,03/19/2015,89.02
三,03/18/2015,88.88
二,03/17/2015,87.97
一,03/16/2015,88.71
五,03/13/2015,87.75
四,03/12/2015,89.25
三,03/11/2015,86.97
二,03/10/2015,88.84
一,03/09/2015,91.12
五,03/06/2015,90.79
四,03/05/2015,92.81
三,03/04/2015,91.71
二,03/03/2015,90.97
一,03/02/2015,92.02
五,02/27/2015,90.13
四,02/26/2015,91.26
三,02/25/2015,92.67
二,02/24/2015,91.32
一,02/23/2015,91.12
五,02/20/2015,90.79
四,02/19/2015,89.2
三,02/18/2015,87.73
二,02/17/2015,87.52
五,02/13/2015,87.14
四,02/12/2015,87.52
三,02/11/2015,84.46
二,02/10/2015,84.23
一,02/09/2015,84.59
五,02/06/2015,84.16
四,02/05/2015,85.82
三,02/04/2015,84.18
二,02/03/2015,83.81
一,02/02/2015,82.98
五,01/30/2015,82.03
四,01/29/2015,81.38
三,01/28/2015,80.74
二,01/27/2015,81.77
一,01/26/2015,83.6
五,01/23/2015,84.39
四,01/22/2015,84.38
三,01/21/2015,83.72
二,01/20/2015,84.26
五,01/16/2015,83.8
四,01/15/2015,82.25
三,01/14/2015,83.46
二,01/13/2015,83.55
一,01/12/2015,83.36
五,01/09/2015,84.44
四,01/08/2015,85.53
三,01/07/2015,84.22
二,01/06/2015,83.09
一,01/05/2015,83.27
五,01/02/2015,85.68
三,12/31/2014,86.16
二,12/30/2014,86.97
一,12/29/2014,87.68
五,12/26/2014,87.77
三,12/24/2014,87.77
二,12/23/2014,87.63
一,12/22/2014,86.83
五,12/19/2014,86.44
四,12/18/2014,86.92
三,12/17/2014,84.73
二,12/16/2014,82.64
一,12/15/2014,84.61
五,12/12/2014,84.13
四,12/11/2014,87.69
三,12/10/2014,86.33
二,12/09/2014,87.84
一,12/08/2014,88.04
五,12/05/2014,89.08
四,12/04/2014,88.77
三,12/03/2014,88.32
二,12/02/2014,87.69
一,12/01/2014,87.46
五,11/28/2014,87.29
三,11/26/2014,86.56
二,11/25/2014,86.34
一,11/24/2014,84.99
五,11/21/2014,84.72
四,11/20/2014,84.6
三,11/19/2014,84.28
二,11/18/2014,83.9
一,11/17/2014,83.2
五,11/14/2014,84.05
四,11/13/2014,84.2
三,11/12/2014,84.35
二,11/11/2014,84.59
一,11/10/2014,84.85
五,11/07/2014,84.8
四,11/06/2014,85.75
三,11/05/2014,85.99
二,11/04/2014,83.99
一,11/03/2014,84.13
五,10/31/2014,83.75
四,10/30/2014,83.13
三,10/29/2014,75.99
二,10/28/2014,76.0
一,10/27/2014,74.11
五,10/24/2014,74.0
四,10/23/2014,74.09
三,10/22/2014,73.22
二,10/21/2014,74.16
一,10/20/2014,72.04
五,10/17/2014,71.56
四,10/16/2014,70.86
三,10/15/2014,71.3
二,10/14/2014,71.0
一,10/13/2014,69.78
五,10/10/2014,70.5
四,10/09/2014,71.83
三,10/08/2014,74.06
二,10/07/2014,72.94
一,10/06/2014,74.51
五,10/03/2014,74.33
四,10/02/2014,73.42
三,10/01/2014,73.32
二,09/30/2014,73.92
一,09/29/2014,74.52
五,09/26/2014,75.06
四,09/25/2014,74.72
三,09/24/2014,77.05
二,09/23/2014,75.51
一,09/22/2014,76.16
五,09/19/2014,77.28
四,09/18/2014,77.8
三,09/17/2014,76.22
二,09/16/2014,76.59
一,09/15/2014,75.24
五,09/12/2014,75.47
四,09/11/2014,75.62
三,09/10/2014,76.65
二,09/09/2014,76.07
一,09/08/2014,76.23
五,09/05/2014,76.86
四,09/04/2014,76.38
三,09/03/2014,75.94
二,09/02/2014,75.58
五,08/29/2014,75.81
四,08/28/2014,76.16
三,08/27/2014,76.64
二,08/26/2014,77.0
一,08/25/2014,76.43
五,08/22/2014,76.48
四,08/21/2014,76.99
三,08/20/2014,76.39
二,08/19/2014,76.4
一,08/18/2014,76.77
五,08/15/2014,75.21
四,08/14/2014,76.05
三,08/13/2014,76.3
二,08/12/2014,75.63
一,08/11/2014,75.63
五,08/08/2014,75.17
四,08/07/2014,74.06
三,08/06/2014,75.36
二,08/05/2014,75.2
一,08/04/2014,75.68
五,08/01/2014,74.98
四,07/31/2014,74.15
三,07/30/2014,75.91
二,07/29/2014,75.89
一,07/28/2014,76.19
五,07/25/2014,75.75
四,07/24/2014,77.57
三,07/23/2014,77.74
二,07/22/2014,78.27
一,07/21/2014,77.35
五,07/18/2014,77.5
四,07/17/2014,76.39
三,07/16/2014,78.31
二,07/15/2014,78.32
一,07/14/2014,77.33
五,07/11/2014,75.83
四,07/10/2014,75.47
三,07/09/2014,76.63
二,07/08/2014,75.69
一,07/07/2014,76.18
四,07/03/2014,76.74
三,07/02/2014,76.2
二,07/01/2014,75.53
一,06/30/2014,73.47
五,06/27/2014,73.4
四,06/26/2014,72.77
三,06/25/2014,73.04
二,06/24/2014,72.7
一,06/23/2014,74.14
五,06/20/2014,73.81
四,06/19/2014,74.27
三,06/18/2014,75.12
二,06/17/2014,74.98
一,06/16/2014,75.11
五,06/13/2014,75.94
四,06/12/2014,75.72
三,06/11/2014,76.87
二,06/10/2014,77.36
一,06/09/2014,76.86
五,06/06/2014,77.47
四,06/05/2014,76.84
三,06/04/2014,76.32
二,06/03/2014,76.35
一,06/02/2014,77.05
五,05/30/2014,76.45
四,05/29/2014,76.79
三,05/28/2014,76.93
二,05/27/2014,77.03
五,05/23/2014,76.45
四,05/22/2014,75.75
三,05/21/2014,75.63
二,05/20/2014,73.65
一,05/19/2014,73.86
五,05/16/2014,73.75
四,05/15/2014,73.08
三,05/14/2014,74.1
二,05/13/2014,74.83
一,05/12/2014,75.02
五,05/09/2014,74.38
四,05/08/2014,74.24
三,05/07/2014,73.87
二,05/06/2014,73.81
一,05/05/2014,74.82
五,05/02/2014,73.78
四,05/01/2014,74.22
三,04/30/2014,73.55
二,04/29/2014,72.03
一,04/28/2014,71.24
五,04/25/2014,70.66
四,04/24/2014,74.35
三,04/23/2014,73.36
二,04/22/2014,74.53
一,04/21/2014,74.31
四,04/17/2014,74.13
三,04/16/2014,73.93
二,04/15/2014,72.15
一,04/14/2014,71.18
五,04/11/2014,68.68
四,04/10/2014,71.17
三,04/09/2014,73.56
二,04/08/2014,71.52
一,04/07/2014,71.33
五,04/04/2014,72.18
四,04/03/2014,74.53
三,04/02/2014,74.7
二,04/01/2014,74.81
一,03/31/2014,74.7
五,03/28/2014,73.22
四,03/27/2014,73.34
三,03/26/2014,73.71
二,03/25/2014,75.28
一,03/24/2014,77.39
五,03/21/2014,75.99
四,03/20/2014,78.41
三,03/19/2014,78.31
二,03/18/2014,78.92
一,03/17/2014,77.83
五,03/14/2014,76.34
四,03/13/2014,76.62
三,03/12/2014,78.34
二,03/11/2014,77.9
一,03/10/2014,77.39
五,03/07/2014,77.94
四,03/06/2014,77.63
三,03/05/2014,78.2
二,03/04/2014,78.5
一,03/03/2014,76.73
五,02/28/2014,77.72
四,02/27/2014,77.76
三,02/26/2014,77.36
二,02/25/2014,76.74
一,02/24/2014,75.96
五,02/21/2014,75.7
四,02/20/2014,75.86
三,02/19/2014,76.65
二,02/18/2014,77.49
五,02/14/2014,77.39
四,02/13/2014,76.53
三,02/12/2014,75.97
二,02/11/2014,76.19
一,02/10/2014,76.35
五,02/07/2014,76.31
四,02/06/2014,74.9
三,02/05/2014,72.84
二,02/04/2014,73.12
一,02/03/2014,73.91
五,01/31/2014,75.68
四,01/30/2014,79.76
三,01/29/2014,77.7
二,01/28/2014,78.83
一,01/27/2014,76.05
五,01/24/2014,78.51
四,01/23/2014,82.36
三,01/22/2014,83.3
二,01/21/2014,81.848
五,01/17/2014,81.842
四,01/16/2014,82.55
三,01/15/2014,82.337
二,01/14/2014,82.171
一,01/13/2014,81.0
五,01/10/2014,83.476
四,01/09/2014,84.36
三,01/08/2014,83.684
二,01/07/2014,83.709
一,01/06/2014,82.669
五,01/03/2014,83.081
四,01/02/2014,83.414
二,12/31/2013,83.546
一,12/30/2013,83.33
五,12/27/2013,82.787
四,12/26/2013,82.19
二,12/24/2013,81.32
一,12/23/2013,81.51
五,12/20/2013,81.705
四,12/19/2013,80.538
三,12/18/2013,80.206
二,12/17/2013,79.795
一,12/16/2013,79.675
五,12/13/2013,78.797
四,12/12/2013,78.254
三,12/11/2013,79.057
二,12/10/2013,76.361
一,12/09/2013,75.886
五,12/06/2013,75.847
四,12/05/2013,75.15
三,12/04/2013,74.817
二,12/03/2013,75.41
一,12/02/2013,75.612
五,11/29/2013,76.081
三,11/27/2013,76.04
二,11/26/2013,75.704
一,11/25/2013,75.649
五,11/22/2013,75.445
四,11/21/2013,74.7
三,11/20/2013,74.593
二,11/19/2013,74.695
一,11/18/2013,75.455
五,11/15/2013,75.226
四,11/14/2013,74.353
三,11/13/2013,73.548
二,11/12/2013,73.768
一,11/11/2013,74.116
五,11/08/2013,73.447
四,11/07/2013,72.132
三,11/06/2013,73.387
二,11/05/2013,73.638
一,11/04/2013,72.84
五,11/01/2013,73.748
四,10/31/2013,71.71
三,10/30/2013,72.568
二,10/29/2013,73.244
一,10/28/2013,72.994
五,10/25/2013,72.378
四,10/24/2013,72.469
三,10/23/2013,71.097
二,10/22/2013,71.868
一,10/21/2013,71.784
五,10/18/2013,71.519
四,10/17/2013,70.464
三,10/16/2013,69.55
二,10/15/2013,68.639
一,10/14/2013,68.91
五,10/11/2013,68.418
四,10/10/2013,67.859
三,10/09/2013,65.723
二,10/08/2013,65.387
一,10/07/2013,66.607
五,10/04/2013,67.333
四,10/03/2013,66.906
三,10/02/2013,67.631
二,10/01/2013,67.779
一,09/30/2013,67.278
五,09/27/2013,68.185
四,09/26/2013,67.758
三,09/25/2013,67.194
二,09/24/2013,68.537
一,09/23/2013,68.299
五,09/20/2013,68.574
四,09/19/2013,68.637
三,09/18/2013,68.764
二,09/17/2013,67.917
一,09/16/2013,67.1
五,09/13/2013,66.641
四,09/12/2013,66.752
三,09/11/2013,65.846
二,09/10/2013,65.15
一,09/09/2013,64.04
五,09/06/2013,63.662
四,09/05/2013,62.9
三,09/04/2013,62.34
二,09/03/2013,62.345
五,08/30/2013,60.608
四,08/29/2013,61.257
三,08/28/2013,61.061
二,08/27/2013,60.792
一,08/26/2013,61.518
五,08/23/2013,62.611
四,08/22/2013,62.108
三,08/21/2013,61.931
二,08/20/2013,62.241
一,08/19/2013,61.989
五,08/16/2013,61.821
四,08/15/2013,61.874
三,08/14/2013,62.998
二,08/13/2013,63.333
一,08/12/2013,63.072
五,08/09/2013,63.796
四,08/08/2013,64.584
三,08/07/2013,64.632
二,08/06/2013,65.4
一,08/05/2013,64.245
五,08/02/2013,64.557
四,08/01/2013,64.638
三,07/31/2013,61.061
二,07/30/2013,60.142
一,07/29/2013,59.702
五,07/26/2013,59.815
四,07/25/2013,59.898
三,07/24/2013,59.099
二,07/23/2013,59.8
一,07/22/2013,60.26
五,07/19/2013,59.333
四,07/18/2013,59.692
三,07/17/2013,59.335
二,07/16/2013,58.979
一,07/15/2013,59.587
五,07/12/2013,59.886
四,07/11/2013,60.102
三,07/10/2013,59.091
二,07/09/2013,59.359
一,07/08/2013,58.929
五,07/05/2013,59.503
三,07/03/2013,58.618
二,07/02/2013,58.306
一,07/01/2013,58.321
五,06/28/2013,57.45
四,06/27/2013,57.068
三,06/26/2013,57.0
二,06/25/2013,56.458
一,06/24/2013,56.26
五,06/21/2013,57.329
四,06/20/2013,57.272
三,06/19/2013,58.637
二,06/18/2013,58.441
一,06/17/2013,57.819
五,06/14/2013,57.116
四,06/13/2013,57.372
三,06/12/2013,55.798
二,06/11/2013,56.044
一,06/10/2013,56.578
五,06/07/2013,56.625
四,06/06/2013,56.495
三,06/05/2013,55.957
二,06/04/2013,56.822
一,06/03/2013,57.591
五,05/31/2013,57.025
四,05/30/2013,57.616
三,05/29/2013,57.301
二,05/28/2013,57.574
五,05/24/2013,57.146
四,05/23/2013,56.973
三,05/22/2013,57.671
二,05/21/2013,58.485
一,05/20/2013,58.334
五,05/17/2013,58.478
四,05/16/2013,57.014
三,05/15/2013,57.436
二,05/14/2013,56.968
一,05/13/2013,55.584
五,05/10/2013,55.513
四,05/09/2013,55.188
三,05/08/2013,55.372
二,05/07/2013,55.126
一,05/06/2013,54.773
五,05/03/2013,55.355
四,05/02/2013,54.553
三,05/01/2013,53.982
二,04/30/2013,55.293
一,04/29/2013,53.901
五,04/26/2013,53.533
四,04/25/2013,53.514
三,04/24/2013,53.202
二,04/23/2013,53.1
一,04/22/2013,52.211
五,04/19/2013,52.196
四,04/18/2013,52.1
三,04/17/2013,52.576
二,04/16/2013,53.158
一,04/15/2013,52.171
五,04/12/2013,53.299
四,04/11/2013,54.124
三,04/10/2013,53.443
二,04/09/2013,52.764
一,04/08/2013,53.437
五,04/05/2013,53.16
四,04/04/2013,53.422
三,04/03/2013,53.325
二,04/02/2013,54.059
一,04/01/2013,53.723
四,03/28/2013,54.113
三,03/27/2013,53.803
二,03/26/2013,53.547
一,03/25/2013,51.999
五,03/22/2013,51.75
四,03/21/2013,51.401
三,03/20/2013,51.862
二,03/19/2013,51.16
一,03/18/2013,51.501
五,03/15/2013,51.937
四,03/14/2013,52.718
三,03/13/2013,52.748
二,03/12/2013,52.316
一,03/11/2013,53.089
五,03/08/2013,52.923
四,03/07/2013,52.667
三,03/06/2013,52.758
二,03/05/2013,52.71
一,03/04/2013,52.141
五,03/01/2013,51.83
四,02/28/2013,51.782
三,02/27/2013,51.519
二,02/26/2013,50.97
一,02/25/2013,51.09
五,02/22/2013,52.383
四,02/21/2013,51.959
三,02/20/2013,51.291
二,02/19/2013,52.286
五,02/15/2013,52.313
四,02/14/2013,52.216
三,02/13/2013,51.921
二,02/12/2013,51.964
一,02/11/2013,52.085
五,02/08/2013,52.447
四,02/07/2013,51.955
三,02/06/2013,52.355
二,02/05/2013,52.069
一,02/04/2013,51.422
五,02/01/2013,51.871
四,01/31/2013,51.84
三,01/30/2013,51.6
二,01/29/2013,51.848
一,01/28/2013,51.412
五,01/25/2013,51.942
四,01/24/2013,52.226
三,01/23/2013,51.756
二,01/22/2013,51.976
五,01/18/2013,52.1
四,01/17/2013,52.335
三,01/16/2013,52.129
二,01/15/2013,52.28
一,01/14/2013,52.351
五,01/11/2013,52.868
四,01/10/2013,52.765
三,01/09/2013,53.239
二,01/08/2013,51.782
一,01/07/2013,51.953
五,01/04/2013,51.098
四,01/03/2013,51.1
三,01/02/2013,51.027
一,12/31/2012,49.128
五,12/28/2012,48.308
四,12/27/2012,48.787
三,12/26/2012,48.62
一,12/24/2012,49.502
五,12/21/2012,49.357
四,12/20/2012,49.853
三,12/19/2012,48.939
二,12/18/2012,49.288
一,12/17/2012,48.932
五,12/14/2012,48.23
四,12/13/2012,48.443
三,12/12/2012,48.344
二,12/11/2012,48.152
一,12/10/2012,47.96
五,12/07/2012,47.609
四,12/06/2012,48.088
三,12/05/2012,47.8
二,12/04/2012,48.342
一,12/03/2012,48.665
五,11/30/2012,48.868
四,11/29/2012,48.621
三,11/28/2012,48.151
二,11/27/2012,47.849
一,11/26/2012,48.003
五,11/23/2012,48.124
三,11/21/2012,47.943
二,11/20/2012,47.757
一,11/19/2012,47.868
五,11/16/2012,46.459
四,11/15/2012,45.716
三,11/14/2012,46.331
二,11/13/2012,47.122
一,11/12/2012,47.0
五,11/09/2012,46.466
四,11/08/2012,46.18
三,11/07/2012,46.47
二,11/06/2012,47.178
一,11/05/2012,46.565
五,11/02/2012,46.945
四,11/01/2012,46.869
三,10/31/2012,46.093
五,10/26/2012,45.298
四,10/25/2012,44.936
三,10/24/2012,45.454
二,10/23/2012,45.986
一,10/22/2012,46.693
五,10/19/2012,47.006
四,10/18/2012,47.583
三,10/17/2012,48.3
二,10/16/2012,47.901
一,10/15/2012,47.582
五,10/12/2012,47.336
四,10/11/2012,47.257
三,10/10/2012,46.209
二,10/09/2012,46.488
一,10/08/2012,47.193
五,10/05/2012,47.527
四,10/04/2012,47.488
三,10/03/2012,47.376
二,10/02/2012,45.765
一,10/01/2012,45.689
五,09/28/2012,45.148
四,09/27/2012,45.217
三,09/26/2012,44.584
二,09/25/2012,45.152
一,09/24/2012,45.529
五,09/21/2012,45.952
四,09/20/2012,45.418
三,09/19/2012,45.189
二,09/18/2012,45.298
一,09/17/2012,45.35
五,09/14/2012,45.418
四,09/13/2012,45.526
三,09/12/2012,44.641
二,09/11/2012,44.287
一,09/10/2012,43.749
五,09/07/2012,43.62
四,09/06/2012,43.26
三,09/05/2012,42.21
二,09/04/2012,42.438
五,08/31/2012,42.29
四,08/30/2012,42.095
三,08/29/2012,42.582
二,08/28/2012,42.46
一,08/27/2012,42.342
五,08/24/2012,42.245
四,08/23/2012,41.833
三,08/22/2012,42.12
二,08/21/2012,42.331
一,08/20/2012,42.72
五,08/17/2012,42.681
四,08/16/2012,42.852
三,08/15/2012,42.709
二,08/14/2012,42.808
一,08/13/2012,42.563
五,08/10/2012,42.603
四,08/09/2012,42.594
三,08/08/2012,42.445
二,08/07/2012,41.64
一,08/06/2012,41.985
五,08/03/2012,42.413
四,08/02/2012,42.343
三,08/01/2012,42.72
二,07/31/2012,43.657
一,07/30/2012,44.115
五,07/27/2012,43.675
四,07/26/2012,42.377
三,07/25/2012,41.233
二,07/24/2012,40.989
一,07/23/2012,41.598
五,07/20/2012,42.315
四,07/19/2012,42.794
三,07/18/2012,43.682
二,07/17/2012,43.568
一,07/16/2012,43.689
五,07/13/2012,42.96
四,07/12/2012,42.425
三,07/11/2012,41.989
二,07/10/2012,42.025
一,07/09/2012,43.127
五,07/06/2012,44.163
四,07/05/2012,44.405
二,07/03/2012,44.177
一,07/02/2012,43.99
五,06/29/2012,43.011
四,06/28/2012,42.13
三,06/27/2012,43.192
二,06/26/2012,43.222
一,06/25/2012,42.852
五,06/22/2012,43.508
四,06/21/2012,42.117
三,06/20/2012,42.881
二,06/19/2012,42.757
一,06/18/2012,42.562
五,06/15/2012,42.669
四,06/14/2012,41.905
三,06/13/2012,40.975
二,06/12/2012,41.775
一,06/11/2012,41.384
五,06/08/2012,41.655
四,06/07/2012,41.571
三,06/06/2012,41.998
二,06/05/2012,40.82
一,06/04/2012,40.026
五,06/01/2012,39.178
四,05/31/2012,40.651
三,05/30/2012,41.158
二,05/29/2012,41.605
五,05/25/2012,41.396
四,05/24/2012,41.983
三,05/23/2012,41.709
二,05/22/2012,41.344
一,05/21/2012,41.058
五,05/18/2012,39.456
四,05/17/2012,39.858
三,05/16/2012,40.937
二,05/15/2012,41.447
一,05/14/2012,41.444
五,05/11/2012,42.24
四,05/10/2012,42.298
三,05/09/2012,42.283
二,05/08/2012,43.164
一,05/07/2012,43.612
五,05/04/2012,43.969
四,05/03/2012,44.243
三,05/02/2012,45.145
二,05/01/2012,45.59
一,04/30/2012,45.227
五,04/27/2012,45.758
四,04/26/2012,45.398
三,04/25/2012,44.506
二,04/24/2012,43.03
一,04/23/2012,43.026
五,04/20/2012,44.044
四,04/19/2012,43.682
三,04/18/2012,43.67
二,04/17/2012,43.843
一,04/16/2012,43.266
五,04/13/2012,44.046
四,04/12/2012,43.398
三,04/11/2012,43.004
二,04/10/2012,42.473
一,04/09/2012,43.929
四,04/05/2012,43.985
三,04/04/2012,43.094
二,04/03/2012,43.802
一,04/02/2012,43.205
五,03/30/2012,42.054
四,03/29/2012,42.822
三,03/28/2012,42.752
二,03/27/2012,43.066
一,03/26/2012,43.568
五,03/23/2012,42.401
四,03/22/2012,41.684
三,03/21/2012,41.794
二,03/20/2012,41.898
一,03/19/2012,42.509
五,03/16/2012,42.017
四,03/15/2012,41.955
三,03/14/2012,42.142
二,03/13/2012,42.322
一,03/12/2012,41.986
五,03/09/2012,41.952
四,03/08/2012,41.726
三,03/07/2012,41.174
二,03/06/2012,40.834
一,03/05/2012,41.762
五,03/02/2012,41.278
四,03/01/2012,42.043
三,02/29/2012,42.0
二,02/28/2012,42.397
一,02/27/2012,42.14
五,02/24/2012,41.561
四,02/23/2012,40.61
三,02/22/2012,40.683
二,02/21/2012,39.955
五,02/17/2012,39.6
四,02/16/2012,39.315
三,02/15/2012,39.296
二,02/14/2012,39.555
一,02/13/2012,39.665
五,02/10/2012,39.614
四,02/09/2012,39.64
三,02/08/2012,39.491
二,02/07/2012,39.291
一,02/06/2012,39.131
五,02/03/2012,39.032
四,02/02/2012,38.157
三,02/01/2012,35.762
二,01/31/2012,35.557
一,01/30/2012,35.197
五,01/27/2012,34.879
四,01/26/2012,34.783
三,01/25/2012,34.877
二,01/24/2012,34.268
一,01/23/2012,33.906
五,01/20/2012,34.066
四,01/19/2012,35.29
三,01/18/2012,35.238
二,01/17/2012,34.597
五,01/13/2012,33.908
四,01/12/2012,34.33
三,01/11/2012,34.147
二,01/10/2012,34.883
一,01/09/2012,34.582
五,01/06/2012,34.292
四,01/05/2012,35.241
三,01/04/2012,35.625
二,01/03/2012,36.837
五,12/30/2011,37.282
四,12/29/2011,37.827
三,12/28/2011,37.378
二,12/27/2011,37.475
五,12/23/2011,37.815
四,12/22/2011,37.125
三,12/21/2011,37.418
二,12/20/2011,37.391
一,12/19/2011,35.874
五,12/16/2011,36.216
四,12/15/2011,35.921
三,12/14/2011,36.112
二,12/13/2011,36.894
一,12/12/2011,37.128
五,12/09/2011,37.742
四,12/08/2011,36.931
三,12/07/2011,37.435
二,12/06/2011,37.13
一,12/05/2011,37.284
五,12/02/2011,37.838
四,12/01/2011,38.096
三,11/30/2011,37.455
二,11/29/2011,35.768
一,11/28/2011,35.925
五,11/25/2011,34.62
三,11/23/2011,34.705
二,11/22/2011,35.455
一,11/21/2011,35.18
五,11/18/2011,36.042
四,11/17/2011,35.939
三,11/16/2011,36.1
二,11/15/2011,37.133
一,11/14/2011,36.727
五,11/11/2011,37.015
四,11/10/2011,36.011
三,11/09/2011,35.744
二,11/08/2011,36.807
一,11/07/2011,36.591
五,11/04/2011,36.009
四,11/03/2011,36.659
三,11/02/2011,35.766
二,11/01/2011,33.43
一,10/31/2011,34.724
五,10/28/2011,35.458
四,10/27/2011,34.915
三,10/26/2011,32.906
二,10/25/2011,32.751
一,10/24/2011,34.069
五,10/21/2011,33.34
四,10/20/2011,32.568
三,10/19/2011,32.377
二,10/18/2011,33.989
一,10/17/2011,33.512
五,10/14/2011,34.158
四,10/13/2011,33.599
三,10/12/2011,32.799
二,10/11/2011,32.951
一,10/10/2011,32.581
五,10/07/2011,31.146
四,10/06/2011,31.626
三,10/05/2011,31.333
二,10/04/2011,30.766
一,10/03/2011,31.088
五,09/30/2011,31.716
四,09/29/2011,32.837
三,09/28/2011,32.982
二,09/27/2011,33.811
一,09/26/2011,33.44
五,09/23/2011,33.703
四,09/22/2011,33.096
三,09/21/2011,34.097
二,09/20/2011,35.378
一,09/19/2011,34.798
五,09/16/2011,34.695
四,09/15/2011,34.794
三,09/14/2011,33.723
二,09/13/2011,32.886
一,09/12/2011,32.204
五,09/09/2011,32.202
四,09/08/2011,33.791
三,09/07/2011,33.91
二,09/06/2011,32.3
五,09/02/2011,32.068
四,09/01/2011,33.006
三,08/31/2011,32.971
二,08/30/2011,32.973
一,08/29/2011,32.737
五,08/26/2011,32.533
四,08/25/2011,32.286
三,08/24/2011,32.52
二,08/23/2011,32.239
一,08/22/2011,30.6
五,08/19/2011,30.016
四,08/18/2011,30.491
三,08/17/2011,32.622
二,08/16/2011,33.5
一,08/15/2011,33.5
五,08/12/2011,32.807
四,08/11/2011,32.739
三,08/10/2011,30.371
二,08/09/2011,32.281
一,08/08/2011,29.196
五,08/05/2011,32.654
四,08/04/2011,32.26
三,08/03/2011,33.847
二,08/02/2011,29.849
一,08/01/2011,30.412
五,07/29/2011,30.325
四,07/28/2011,30.69
三,07/27/2011,30.309
二,07/26/2011,31.276
一,07/25/2011,31.635
五,07/22/2011,31.414
四,07/21/2011,31.052
三,07/20/2011,30.827
二,07/19/2011,31.139
一,07/18/2011,30.755
五,07/15/2011,30.755
四,07/14/2011,30.568
三,07/13/2011,30.589
二,07/12/2011,30.391
一,07/11/2011,30.746
五,07/08/2011,31.529
四,07/07/2011,31.902
三,07/06/2011,31.29
二,07/05/2011,31.596
五,07/01/2011,31.447
四,06/30/2011,30.134
三,06/29/2011,30.97
二,06/28/2011,27.823
一,06/27/2011,27.26
五,06/24/2011,27.42
四,06/23/2011,27.313
三,06/22/2011,27.114
二,06/21/2011,27.403
一,06/20/2011,26.995
五,06/17/2011,26.609
四,06/16/2011,26.668
三,06/15/2011,27.047
二,06/14/2011,27.412
一,06/13/2011,26.742
五,06/10/2011,26.703
四,06/09/2011,27.17
三,06/08/2011,27.0
二,06/07/2011,27.42
一,06/06/2011,27.192
五,06/03/2011,27.706
四,06/02/2011,28.275
三,06/01/2011,28.066
二,05/31/2011,28.705
五,05/27/2011,28.524
四,05/26/2011,28.21
三,05/25/2011,27.448
二,05/24/2011,27.009
一,05/23/2011,27.196
五,05/20/2011,27.757
四,05/19/2011,28.406
三,05/18/2011,28.135
二,05/17/2011,28.205
一,05/16/2011,27.915
五,05/13/2011,28.0
四,05/12/2011,28.21
三,05/11/2011,27.813
二,05/10/2011,28.11
一,05/09/2011,27.877
五,05/06/2011,27.425
四,05/05/2011,27.45
三,05/04/2011,28.239
二,05/03/2011,28.238
一,05/02/2011,27.529
五,04/29/2011,27.589
四,04/28/2011,27.47
三,04/27/2011,27.536
二,04/26/2011,27.636
一,04/25/2011,27.143
四,04/21/2011,27.328
三,04/20/2011,27.002
二,04/19/2011,26.706
一,04/18/2011,26.505
五,04/15/2011,26.758
四,04/14/2011,26.887
三,04/13/2011,26.976
二,04/12/2011,26.296
一,04/11/2011,26.661
五,04/08/2011,26.306
四,04/07/2011,26.517
三,04/06/2011,26.548
二,04/05/2011,26.293
一,04/04/2011,26.125
五,04/01/2011,25.355
四,03/31/2011,25.172
三,03/30/2011,25.366
二,03/29/2011,25.171
一,03/28/2011,25.237
五,03/25/2011,24.77
四,03/24/2011,25.231
三,03/23/2011,24.686
二,03/22/2011,24.676
一,03/21/2011,24.796
五,03/18/2011,24.168
四,03/17/2011,24.376
三,03/16/2011,24.43
二,03/15/2011,24.465
一,03/14/2011,24.884
五,03/11/2011,24.842
四,03/10/2011,24.356
三,03/09/2011,24.798
二,03/08/2011,24.9
一,03/07/2011,24.727
五,03/04/2011,24.975
四,03/03/2011,25.165
三,03/02/2011,24.618
二,03/01/2011,24.036
一,02/28/2011,24.056
五,02/25/2011,24.671
四,02/24/2011,24.418
三,02/23/2011,24.412
二,02/22/2011,24.738
五,02/18/2011,25.074
四,02/17/2011,25.182
三,02/16/2011,25.438
二,02/15/2011,25.61
一,02/14/2011,25.496
五,02/11/2011,25.349
四,02/10/2011,25.213
三,02/09/2011,24.85
二,02/08/2011,24.961
一,02/07/2011,24.998
五,02/04/2011,24.724
四,02/03/2011,24.539
三,02/02/2011,23.939
二,02/01/2011,23.815
一,01/31/2011,23.651
五,01/28/2011,23.487
四,01/27/2011,23.911
三,01/26/2011,24.018
二,01/25/2011,24.154
一,01/24/2011,23.9
五,01/21/2011,23.353
四,01/20/2011,23.51
三,01/19/2011,23.536
二,01/18/2011,23.763
五,01/14/2011,23.691
四,01/13/2011,23.351
三,01/12/2011,23.283
二,01/11/2011,22.94
一,01/10/2011,23.02
五,01/07/2011,23.109
四,01/06/2011,23.112
三,01/05/2011,23.029
二,01/04/2011,22.37
一,01/03/2011,22.085
五,12/31/2010,22.411
四,12/30/2010,22.372
三,12/29/2010,22.546
二,12/28/2010,22.452
一,12/27/2010,22.465
四,12/23/2010,21.83
三,12/22/2010,21.74
二,12/21/2010,21.978
一,12/20/2010,22.354
五,12/17/2010,22.126
四,12/16/2010,22.349
三,12/15/2010,24.922
二,12/14/2010,25.412
一,12/13/2010,25.935
五,12/10/2010,25.476
四,12/09/2010,25.122
三,12/08/2010,25.064
二,12/07/2010,24.678
一,12/06/2010,25.316
五,12/03/2010,24.908
四,12/02/2010,24.919
三,12/01/2010,24.819
二,11/30/2010,23.703
一,11/29/2010,23.556
五,11/26/2010,23.515
三,11/24/2010,23.779
二,11/23/2010,23.565
一,11/22/2010,24.341
五,11/19/2010,24.388
四,11/18/2010,24.249
三,11/17/2010,23.457
二,11/16/2010,23.306
一,11/15/2010,24.293
五,11/12/2010,24.317
四,11/11/2010,25.207
三,11/10/2010,25.357
二,11/09/2010,25.152
一,11/08/2010,25.276
五,11/05/2010,25.629
四,11/04/2010,25.489
三,11/03/2010,25.183
二,11/02/2010,24.598
一,11/01/2010,23.899
五,10/29/2010,24.006
四,10/28/2010,23.952
三,10/27/2010,24.576
二,10/26/2010,24.352
一,10/25/2010,24.515
五,10/22/2010,24.264
四,10/21/2010,24.319
三,10/20/2010,24.052
二,10/19/2010,23.705
一,10/18/2010,23.545
五,10/15/2010,23.37
四,10/14/2010,23.266
三,10/13/2010,23.089
二,10/12/2010,22.213
一,10/11/2010,22.286
五,10/08/2010,22.259
四,10/07/2010,22.086
三,10/06/2010,22.33
二,10/05/2010,22.59
一,10/04/2010,22.264
五,10/01/2010,22.478
四,09/30/2010,22.4
三,09/29/2010,22.263
二,09/28/2010,22.3
一,09/27/2010,22.237
五,09/24/2010,22.157
四,09/23/2010,21.943
三,09/22/2010,21.903
二,09/21/2010,21.699
一,09/20/2010,21.871
五,09/17/2010,21.367
四,09/16/2010,21.029
三,09/15/2010,21.018
二,09/14/2010,19.975
一,09/13/2010,19.303
五,09/10/2010,19.814
四,09/09/2010,19.198
三,09/08/2010,19.44
二,09/07/2010,20.052
五,09/03/2010,20.698
四,09/02/2010,20.473
三,09/01/2010,20.108
二,08/31/2010,19.836
一,08/30/2010,20.27
五,08/27/2010,20.662
四,08/26/2010,20.317
三,08/25/2010,20.611
二,08/24/2010,20.251
一,08/23/2010,20.519
五,08/20/2010,20.637
四,08/19/2010,20.889
三,08/18/2010,21.286
二,08/17/2010,21.403
一,08/16/2010,21.044
五,08/13/2010,21.064
四,08/12/2010,21.183
三,08/11/2010,20.966
二,08/10/2010,21.635
一,08/09/2010,21.489
五,08/06/2010,20.742
四,08/05/2010,20.163
三,08/04/2010,20.53
二,08/03/2010,20.091
一,08/02/2010,20.252
五,07/30/2010,21.004
四,07/29/2010,20.837
三,07/28/2010,21.009
二,07/27/2010,21.423
一,07/26/2010,21.283
五,07/23/2010,21.294
四,07/22/2010,20.84
三,07/21/2010,20.15
二,07/20/2010,20.53
一,07/19/2010,19.583
五,07/16/2010,19.722
四,07/15/2010,21.181
三,07/14/2010,21.317
二,07/13/2010,21.463
一,07/12/2010,21.367
五,07/09/2010,21.552
四,07/08/2010,20.967
三,07/07/2010,20.757
二,07/06/2010,20.003
五,07/02/2010,20.277
四,07/01/2010,20.27
三,06/30/2010,19.953
二,06/29/2010,20.299
一,06/28/2010,21.152
五,06/25/2010,21.839
四,06/24/2010,21.489
三,06/23/2010,21.985
二,06/22/2010,22.094
一,06/21/2010,22.334
五,06/18/2010,21.426
四,06/17/2010,21.4
三,06/16/2010,21.062
二,06/15/2010,20.957
一,06/14/2010,20.417
五,06/11/2010,20.488
四,06/10/2010,20.512
三,06/09/2010,19.546
二,06/08/2010,19.754
一,06/07/2010,20.007
五,06/04/2010,19.667
四,06/03/2010,20.2
三,06/02/2010,20.102
二,06/01/2010,20.039
五,05/28/2010,20.177
四,05/27/2010,20.78
三,05/26/2010,20.5
二,05/25/2010,20.687
一,05/24/2010,20.984
五,05/21/2010,21.385
四,05/20/2010,20.55
三,05/19/2010,20.245
二,05/18/2010,20.281
一,05/17/2010,21.081
五,05/14/2010,21.245
四,05/13/2010,23.231
三,05/12/2010,23.262
二,05/11/2010,22.324
一,05/10/2010,23.031
五,05/07/2010,22.309
四,05/06/2010,23.03
三,05/05/2010,23.794
二,05/04/2010,25.125
一,05/03/2010,25.074
五,04/30/2010,24.804
四,04/29/2010,25.538
三,04/28/2010,25.3
二,04/27/2010,25.485
一,04/26/2010,26.578
五,04/23/2010,26.722
四,04/22/2010,26.16
三,04/21/2010,26.059
二,04/20/2010,26.139
一,04/19/2010,25.73
五,04/16/2010,25.95
四,04/15/2010,26.263
三,04/14/2010,26.313
二,04/13/2010,25.85
一,04/12/2010,25.957
五,04/09/2010,25.888
四,04/08/2010,25.688
三,04/07/2010,25.566
二,04/06/2010,25.875
一,04/05/2010,25.558
四,04/01/2010,25.394
三,03/31/2010,25.4
二,03/30/2010,25.241
一,03/29/2010,24.801
五,03/26/2010,24.624
四,03/25/2010,24.609
三,03/24/2010,24.468
二,03/23/2010,24.559
一,03/22/2010,24.708
五,03/19/2010,24.436
四,03/18/2010,24.63
三,03/17/2010,24.865
二,03/16/2010,24.934
一,03/15/2010,25.008
五,03/12/2010,24.997
四,03/11/2010,25.019
三,03/10/2010,24.96
二,03/09/2010,24.648
一,03/08/2010,24.561
五,03/05/2010,23.954
四,03/04/2010,23.3
三,03/03/2010,23.215
二,03/02/2010,23.181
一,03/01/2010,23.274
五,02/26/2010,22.437
四,02/25/2010,22.149
三,02/24/2010,22.175
二,02/23/2010,22.202
一,02/22/2010,22.424
五,02/19/2010,22.263
四,02/18/2010,22.2
三,02/17/2010,22.483
二,02/16/2010,22.53
五,02/12/2010,22.548
四,02/11/2010,22.9
三,02/10/2010,22.69
二,02/09/2010,22.345
一,02/08/2010,22.64
五,02/05/2010,22.074
四,02/04/2010,22.211
三,02/03/2010,24.758
二,02/02/2010,25.256
一,02/01/2010,25.342
五,01/29/2010,24.99
四,01/28/2010,24.945
三,01/27/2010,25.633
二,01/26/2010,24.861
一,01/25/2010,25.245
五,01/22/2010,25.181
四,01/21/2010,25.851
三,01/20/2010,26.339
二,01/19/2010,26.475
五,01/15/2010,26.265
四,01/14/2010,26.048
三,01/13/2010,25.615
二,01/12/2010,24.966
一,01/11/2010,24.98
五,01/08/2010,25.398
四,01/07/2010,25.389
三,01/06/2010,25.556
二,01/05/2010,25.608
一,01/04/2010,25.684
四,12/31/2009,25.598
三,12/30/2009,25.798
二,12/29/2009,25.836
一,12/28/2009,25.698
四,12/24/2009,25.542
三,12/23/2009,25.532
二,12/22/2009,25.562
一,12/21/2009,25.536
五,12/18/2009,25.484
四,12/17/2009,24.775
三,12/16/2009,24.64
二,12/15/2009,24.555
一,12/14/2009,24.748
五,12/11/2009,24.394
四,12/10/2009,24.412
三,12/09/2009,24.294
二,12/08/2009,23.861
一,12/07/2009,23.894
五,12/04/2009,24.133
四,12/03/2009,23.616
三,12/02/2009,24.242
二,12/01/2009,24.299
一,11/30/2009,24.086
五,11/27/2009,23.559
三,11/25/2009,23.984
二,11/24/2009,23.765
一,11/23/2009,23.619
五,11/20/2009,23.116
四,11/19/2009,23.009
三,11/18/2009,22.728
二,11/17/2009,23.1
一,11/16/2009,23.08
五,11/13/2009,23.472
四,11/12/2009,23.689
三,11/11/2009,23.79
二,11/10/2009,23.867
一,11/09/2009,24.219
五,11/06/2009,23.69
四,11/05/2009,23.025
三,11/04/2009,22.498
二,11/03/2009,21.92
一,11/02/2009,22.265
五,10/30/2009,21.902
四,10/29/2009,22.792
三,10/28/2009,22.05
二,10/27/2009,22.055
一,10/26/2009,22.075
五,10/23/2009,22.996
四,10/22/2009,22.928
三,10/21/2009,22.567
二,10/20/2009,22.5
一,10/19/2009,22.56
五,10/16/2009,22.387
四,10/15/2009,22.536
三,10/14/2009,21.948
二,10/13/2009,21.736
一,10/12/2009,21.6
五,10/09/2009,21.442
四,10/08/2009,21.096
三,10/07/2009,21.09
二,10/06/2009,20.075
一,10/05/2009,20.053
五,10/02/2009,19.969
四,10/01/2009,19.941
三,09/30/2009,20.215
二,09/29/2009,20.674
一,09/28/2009,20.814
五,09/25/2009,20.47
四,09/24/2009,21.494
三,09/23/2009,21.939
二,09/22/2009,22.458
一,09/21/2009,22.262
五,09/18/2009,22.357
四,09/17/2009,22.02
三,09/16/2009,21.976
二,09/15/2009,21.403
一,09/14/2009,20.799
五,09/11/2009,20.881
四,09/10/2009,21.16
三,09/09/2009,21.031
二,09/08/2009,20.745
五,09/04/2009,20.605
四,09/03/2009,20.34
三,09/02/2009,20.045
二,09/01/2009,20.067
一,08/31/2009,20.263
五,08/28/2009,20.357
四,08/27/2009,20.66
三,08/26/2009,20.669
二,08/25/2009,20.893
一,08/24/2009,20.423
五,08/21/2009,20.725
四,08/20/2009,20.302
三,08/19/2009,19.73
二,08/18/2009,19.817
一,08/17/2009,19.594
五,08/14/2009,20.261
四,08/13/2009,20.397
三,08/12/2009,20.432
二,08/11/2009,20.269
一,08/10/2009,20.234
五,08/07/2009,20.434
四,08/06/2009,20.148
三,08/05/2009,20.298
二,08/04/2009,20.31
一,08/03/2009,20.066
五,07/31/2009,19.403
四,07/30/2009,19.411
三,07/29/2009,18.855
二,07/28/2009,18.694
一,07/27/2009,18.913
五,07/24/2009,18.547
四,07/23/2009,18.587
三,07/22/2009,18.148
二,07/21/2009,18.094
一,07/20/2009,18.142
五,07/17/2009,17.984
四,07/16/2009,17.827
三,07/15/2009,17.237
二,07/14/2009,16.593
一,07/13/2009,16.552
五,07/10/2009,16.056
四,07/09/2009,16.28
三,07/08/2009,16.07
二,07/07/2009,16.1
一,07/06/2009,16.681
四,07/02/2009,16.628
三,07/01/2009,16.584
二,06/30/2009,16.731
一,06/29/2009,16.815
五,06/26/2009,16.891
四,06/25/2009,16.428
三,06/24/2009,16.106
二,06/23/2009,16.013
一,06/22/2009,15.678
五,06/19/2009,16.135
四,06/18/2009,16.339
三,06/17/2009,16.426
二,06/16/2009,16.356
一,06/15/2009,16.647
五,06/12/2009,16.706
四,06/11/2009,16.995
三,06/10/2009,17.36
二,06/09/2009,16.818
一,06/08/2009,16.597
五,06/05/2009,16.768
四,06/04/2009,16.84
三,06/03/2009,16.751
二,06/02/2009,16.839
一,06/01/2009,17.373
五,05/29/2009,17.633
四,05/28/2009,17.211
三,05/27/2009,16.738
二,05/26/2009,16.861
五,05/22/2009,16.836
四,05/21/2009,17.169
三,05/20/2009,16.963
二,05/19/2009,16.673
一,05/18/2009,17.34
五,05/15/2009,17.313
四,05/14/2009,17.335
三,05/13/2009,17.076
二,05/12/2009,17.82
一,05/11/2009,18.098
五,05/08/2009,18.508
四,05/07/2009,18.078
三,05/06/2009,18.343
二,05/05/2009,18.341
一,05/04/2009,17.899
五,05/01/2009,17.29
四,04/30/2009,18.345
三,04/29/2009,17.821
二,04/28/2009,16.754
一,04/27/2009,16.555
五,04/24/2009,17.309
四,04/23/2009,16.525
三,04/22/2009,16.077
二,04/21/2009,16.437
一,04/20/2009,15.185
五,04/17/2009,16.306
四,04/16/2009,16.17
三,04/15/2009,16.546
二,04/14/2009,16.61
一,04/13/2009,17.606
四,04/09/2009,17.246
三,04/08/2009,16.733
二,04/07/2009,16.576
一,04/06/2009,17.153
五,04/03/2009,17.405
四,04/02/2009,16.566
三,04/01/2009,16.008
二,03/31/2009,16.748
一,03/30/2009,16.305
五,03/27/2009,16.747
四,03/26/2009,16.988
三,03/25/2009,16.453
二,03/24/2009,16.288
一,03/23/2009,16.289
五,03/20/2009,15.553
四,03/19/2009,15.41
三,03/18/2009,15.975
二,03/17/2009,16.238
一,03/16/2009,15.369
五,03/13/2009,15.831
四,03/12/2009,15.707
三,03/11/2009,14.784
二,03/10/2009,14.848
一,03/09/2009,14.244
五,03/06/2009,14.244
四,03/05/2009,14.692
三,03/04/2009,15.048
二,03/03/2009,15.101
一,03/02/2009,15.063
五,02/27/2009,15.803
四,02/26/2009,15.57
三,02/25/2009,16.257
二,02/24/2009,16.127
一,02/23/2009,15.258
五,02/20/2009,15.801
四,02/19/2009,15.455
三,02/18/2009,15.904
二,02/17/2009,15.509
五,02/13/2009,16.19
四,02/12/2009,16.18
三,02/11/2009,16.398
二,02/10/2009,15.797
一,02/09/2009,16.202
五,02/06/2009,16.25
四,02/05/2009,15.984
三,02/04/2009,14.015
二,02/03/2009,13.97
一,02/02/2009,13.698
五,01/30/2009,13.578
四,01/29/2009,12.909
三,01/28/2009,13.366
二,01/27/2009,12.676
一,01/26/2009,12.312
五,01/23/2009,12.545
四,01/22/2009,12.885
三,01/21/2009,13.21
二,01/20/2009,11.918
五,01/16/2009,12.822
四,01/15/2009,13.03
三,01/14/2009,14.53
二,01/13/2009,15.044
一,01/12/2009,14.804
五,01/09/2009,15.004
四,01/08/2009,15.278
三,01/07/2009,15.207
二,01/06/2009,16.202
一,01/05/2009,15.326
五,01/02/2009,14.978
三,12/31/2008,14.293
二,12/30/2008,13.909
一,12/29/2008,13.934
五,12/26/2008,14.093
三,12/24/2008,14.223
二,12/23/2008,14.162
一,12/22/2008,14.52
五,12/19/2008,15.234
四,12/18/2008,14.881
三,12/17/2008,14.868
二,12/16/2008,14.81
一,12/15/2008,13.929
五,12/12/2008,13.881
四,12/11/2008,13.836
三,12/10/2008,14.5
二,12/09/2008,14.321
一,12/08/2008,14.73
五,12/05/2008,14.012
四,12/04/2008,13.327
三,12/03/2008,13.794
二,12/02/2008,13.397
一,12/01/2008,13.099
五,11/28/2008,14.53
三,11/26/2008,14.556
二,11/25/2008,13.906
一,11/24/2008,13.147
五,11/21/2008,12.654
四,11/20/2008,12.109
三,11/19/2008,12.954
二,11/18/2008,14.14
一,11/17/2008,13.574
五,11/14/2008,14.368
四,11/13/2008,14.699
三,11/12/2008,13.647
二,11/11/2008,14.15
一,11/10/2008,14.285
五,11/07/2008,14.773
四,11/06/2008,14.33
三,11/05/2008,15.587
二,11/04/2008,17.024
一,11/03/2008,14.389
五,10/31/2008,14.782
四,10/30/2008,14.006
三,10/29/2008,13.573
二,10/28/2008,13.601
一,10/27/2008,12.635
五,10/24/2008,13.062
四,10/23/2008,13.6
三,10/22/2008,14.093
二,10/21/2008,14.978
一,10/20/2008,15.014
五,10/17/2008,15.675
四,10/16/2008,15.668
三,10/15/2008,15.355
二,10/14/2008,17.407
一,10/13/2008,17.36
五,10/10/2008,15.171
四,10/09/2008,15.57
三,10/08/2008,16.354
二,10/07/2008,15.87
一,10/06/2008,16.741
五,10/03/2008,16.02
四,10/02/2008,16.013
三,10/01/2008,17.134
二,09/30/2008,17.733
一,09/29/2008,16.803
五,09/26/2008,18.507
四,09/25/2008,19.036
三,09/24/2008,19.435
二,09/23/2008,19.8
一,09/22/2008,20.238
五,09/19/2008,22.518
四,09/18/2008,20.853
三,09/17/2008,19.6
二,09/16/2008,21.481
一,09/15/2008,21.177
五,09/12/2008,22.382
四,09/11/2008,22.56
三,09/10/2008,21.332
二,09/09/2008,20.67
一,09/08/2008,21.941
五,09/05/2008,22.144
四,09/04/2008,21.603
三,09/03/2008,22.963
二,09/02/2008,23.92
五,08/29/2008,24.255
四,08/28/2008,24.248
三,08/27/2008,23.697
二,08/26/2008,23.675
一,08/25/2008,23.42
五,08/22/2008,24.164
四,08/21/2008,24.126
三,08/20/2008,24.332
二,08/19/2008,23.857
一,08/18/2008,23.791
五,08/15/2008,23.895
四,08/14/2008,23.588
三,08/13/2008,23.35
二,08/12/2008,23.092
一,08/11/2008,23.515
五,08/08/2008,23.213
四,08/07/2008,22.5
三,08/06/2008,23.2
二,08/05/2008,23.711
一,08/04/2008,23.092
五,08/01/2008,23.727
四,07/31/2008,24.415
三,07/30/2008,27.073
二,07/29/2008,26.21
一,07/28/2008,25.37
五,07/25/2008,26.355
四,07/24/2008,25.848
三,07/23/2008,27.1
二,07/22/2008,27.385
一,07/21/2008,26.79
五,07/18/2008,28.086
四,07/17/2008,28.6
三,07/16/2008,27.12
二,07/15/2008,25.037
一,07/14/2008,25.75
五,07/11/2008,25.735
四,07/10/2008,25.32
三,07/09/2008,25.125
二,07/08/2008,26.425
一,07/07/2008,24.61
四,07/03/2008,25.374
三,07/02/2008,25.549
二,07/01/2008,26.335
一,06/30/2008,26.552
五,06/27/2008,27.172
四,06/26/2008,27.573
三,06/25/2008,28.979
二,06/24/2008,28.037
一,06/23/2008,28.252
五,06/20/2008,28.401
四,06/19/2008,29.26
三,06/18/2008,29.309
二,06/17/2008,29.221
一,06/16/2008,29.447
五,06/13/2008,29.246
四,06/12/2008,28.44
三,06/11/2008,27.921
二,06/10/2008,28.605
一,06/09/2008,29.14
五,06/06/2008,29.573
四,06/05/2008,30.616
三,06/04/2008,29.74
二,06/03/2008,30.74
一,06/02/2008,32.0
五,05/30/2008,30.865
四,05/29/2008,30.9
三,05/28/2008,28.689
二,05/27/2008,27.876
五,05/23/2008,27.322
四,05/22/2008,27.59
三,05/21/2008,27.865
二,05/20/2008,27.765
一,05/19/2008,28.0
五,05/16/2008,28.34
四,05/15/2008,28.677
三,05/14/2008,28.646
二,05/13/2008,28.88
一,05/12/2008,29.026
五,05/09/2008,28.685
四,05/08/2008,29.341
三,05/07/2008,29.101
二,05/06/2008,29.602
一,05/05/2008,29.08
五,05/02/2008,28.504
四,05/01/2008,29.394
三,04/30/2008,27.816
二,04/29/2008,27.398
一,04/28/2008,24.25
五,04/25/2008,23.739
四,04/24/2008,23.955
三,04/23/2008,23.394
二,04/22/2008,23.462
一,04/21/2008,23.6
五,04/18/2008,23.371
四,04/17/2008,23.05
三,04/16/2008,23.047
二,04/15/2008,22.468
一,04/14/2008,22.71
五,04/11/2008,22.86
四,04/10/2008,22.892
三,04/09/2008,22.875
二,04/08/2008,23.147
一,04/07/2008,22.625
五,04/04/2008,22.657
四,04/03/2008,23.125
三,04/02/2008,22.375
二,04/01/2008,22.96
一,03/31/2008,22.299
五,03/28/2008,21.76
四,03/27/2008,22.07
三,03/26/2008,22.285
二,03/25/2008,22.498
一,03/24/2008,21.65
四,03/20/2008,22.038
三,03/19/2008,20.839
二,03/18/2008,21.025
一,03/17/2008,20.152
五,03/14/2008,20.865
四,03/13/2008,20.972
三,03/12/2008,20.39
二,03/11/2008,19.584
一,03/10/2008,19.15
五,03/07/2008,19.251
四,03/06/2008,18.999
三,03/05/2008,19.1
二,03/04/2008,19.247
一,03/03/2008,18.856
五,02/29/2008,19.0
四,02/28/2008,19.47
三,02/27/2008,19.119
二,02/26/2008,19.588
一,02/25/2008,19.845
五,02/22/2008,20.348
四,02/21/2008,20.448
三,02/20/2008,20.822
二,02/19/2008,20.42
五,02/15/2008,20.6
四,02/14/2008,20.223
三,02/13/2008,20.476
二,02/12/2008,20.4
一,02/11/2008,20.611
五,02/08/2008,20.561
四,02/07/2008,20.088
三,02/06/2008,20.495
二,02/05/2008,20.678
一,02/04/2008,21.6
五,02/01/2008,21.542
四,01/31/2008,20.7
三,01/30/2008,18.9
二,01/29/2008,19.146
一,01/28/2008,18.9
五,01/25/2008,19.343
四,01/24/2008,19.178
三,01/23/2008,19.259
二,01/22/2008,18.217
五,01/18/2008,17.462
四,01/17/2008,17.688
三,01/16/2008,17.553
二,01/15/2008,17.5
一,01/14/2008,17.822
五,01/11/2008,17.917
四,01/10/2008,19.599
三,01/09/2008,19.658
二,01/08/2008,19.8
一,01/07/2008,20.051
五,01/04/2008,20.119
四,01/03/2008,21.212
三,01/02/2008,21.468
一,12/31/2007,21.52
五,12/28/2007,21.0
四,12/27/2007,21.003
三,12/26/2007,20.948
一,12/24/2007,21.212
五,12/21/2007,21.235
四,12/20/2007,20.675
三,12/19/2007,21.234
二,12/18/2007,20.177
一,12/17/2007,20.493
五,12/14/2007,21.656
四,12/13/2007,22.32
三,12/12/2007,21.39
二,12/11/2007,21.75
一,12/10/2007,21.546
五,12/07/2007,20.96
四,12/06/2007,20.602
三,12/05/2007,20.007
二,12/04/2007,19.579
一,12/03/2007,20.188
五,11/30/2007,20.065
四,11/29/2007,19.774
三,11/28/2007,19.56
二,11/27/2007,18.386
一,11/26/2007,18.121
五,11/23/2007,18.11
三,11/21/2007,18.092
二,11/20/2007,18.212
一,11/19/2007,18.19
五,11/16/2007,18.487
四,11/15/2007,18.488
三,11/14/2007,18.677
二,11/13/2007,18.881
一,11/12/2007,18.188
五,11/09/2007,19.3
四,11/08/2007,19.144
三,11/07/2007,19.948
二,11/06/2007,19.94
一,11/05/2007,18.593
五,11/02/2007,19.004
四,11/01/2007,18.948
三,10/31/2007,18.991
二,10/30/2007,15.715
一,10/29/2007,15.735
五,10/26/2007,15.703
四,10/25/2007,15.138
三,10/24/2007,14.73
二,10/23/2007,14.833
一,10/22/2007,14.659
五,10/19/2007,15.16
四,10/18/2007,15.372
三,10/17/2007,15.461
二,10/16/2007,15.56
一,10/15/2007,15.791
五,10/12/2007,16.321
四,10/11/2007,16.184
三,10/10/2007,16.482
二,10/09/2007,16.269
一,10/08/2007,16.236
五,10/05/2007,16.246
四,10/04/2007,16.155
三,10/03/2007,15.694
二,10/02/2007,15.298
一,10/01/2007,15.337
五,09/28/2007,14.797
四,09/27/2007,14.8
三,09/26/2007,14.285
二,09/25/2007,14.299
一,09/24/2007,14.226
五,09/21/2007,14.656
四,09/20/2007,14.951
三,09/19/2007,14.95
二,09/18/2007,14.581
一,09/17/2007,13.672
五,09/14/2007,13.785
四,09/13/2007,13.95
三,09/12/2007,13.683
二,09/11/2007,13.217
一,09/10/2007,12.971
五,09/07/2007,13.021
四,09/06/2007,13.477
三,09/05/2007,13.556
二,09/04/2007,13.824
五,08/31/2007,13.699
四,08/30/2007,13.247
三,08/29/2007,13.342
二,08/28/2007,13.212
一,08/27/2007,13.825
五,08/24/2007,13.983
四,08/23/2007,14.229
三,08/22/2007,14.482
二,08/21/2007,14.016
一,08/20/2007,13.79
五,08/17/2007,13.7
四,08/16/2007,13.0
三,08/15/2007,12.904
二,08/14/2007,13.352
一,08/13/2007,13.659
五,08/10/2007,13.84
四,08/09/2007,14.128
三,08/08/2007,14.802
二,08/07/2007,14.427
一,08/06/2007,13.762
五,08/03/2007,13.126
四,08/02/2007,14.262
三,08/01/2007,15.0
二,07/31/2007,16.08
一,07/30/2007,16.459
五,07/27/2007,15.403
四,07/26/2007,15.872
三,07/25/2007,16.11
二,07/24/2007,15.877
一,07/23/2007,16.76
五,07/20/2007,16.528
四,07/19/2007,16.743
三,07/18/2007,16.883
二,07/17/2007,16.924
一,07/16/2007,16.971
五,07/13/2007,16.921
四,07/12/2007,16.787
三,07/11/2007,15.635
二,07/10/2007,15.835
一,07/09/2007,16.122
五,07/06/2007,16.19
四,07/05/2007,16.171
二,07/03/2007,16.221
一,07/02/2007,16.618
五,06/29/2007,16.587
四,06/28/2007,16.478
三,06/27/2007,16.303
二,06/26/2007,16.182
一,06/25/2007,16.195
五,06/22/2007,16.843
四,06/21/2007,16.469
三,06/20/2007,16.346
二,06/19/2007,16.527
一,06/18/2007,16.462
五,06/15/2007,15.765
四,06/14/2007,15.029
三,06/13/2007,15.03
二,06/12/2007,14.531
一,06/11/2007,14.16
五,06/08/2007,14.358
四,06/07/2007,13.941
三,06/06/2007,14.702
二,06/05/2007,14.92
一,06/04/2007,15.125
五,06/01/2007,15.11
四,05/31/2007,14.955
三,05/30/2007,14.713
二,05/29/2007,14.406
五,05/25/2007,13.907
四,05/24/2007,13.898
三,05/23/2007,14.013
二,05/22/2007,13.873
一,05/21/2007,13.951
五,05/18/2007,13.805
四,05/17/2007,13.609
三,05/16/2007,13.619
二,05/15/2007,13.544
一,05/14/2007,13.535
五,05/11/2007,13.883
四,05/10/2007,13.882
三,05/09/2007,13.955
二,05/08/2007,13.705
一,05/07/2007,13.411
五,05/04/2007,13.466
四,05/03/2007,13.482
三,05/02/2007,12.635
二,05/01/2007,11.485
一,04/30/2007,11.168
五,04/27/2007,11.41
四,04/26/2007,10.856
三,04/25/2007,10.934
二,04/24/2007,10.81
一,04/23/2007,11.004
五,04/20/2007,11.01
四,04/19/2007,10.933
三,04/18/2007,10.921
二,04/17/2007,10.965
一,04/16/2007,10.94
五,04/13/2007,10.94
四,04/12/2007,10.982
三,04/11/2007,10.981
二,04/10/2007,11.001
一,04/09/2007,10.834
四,04/05/2007,10.801
三,04/04/2007,10.721
二,04/03/2007,10.853
一,04/02/2007,10.696
五,03/30/2007,10.624
四,03/29/2007,10.719
三,03/28/2007,10.668
二,03/27/2007,10.725
一,03/26/2007,10.848
五,03/23/2007,10.986
四,03/22/2007,10.957
三,03/21/2007,11.07
二,03/20/2007,10.749
一,03/19/2007,10.689
五,03/16/2007,10.527
四,03/15/2007,10.526
三,03/14/2007,10.55
二,03/13/2007,10.386
一,03/12/2007,10.325
五,03/09/2007,10.236
四,03/08/2007,10.276
三,03/07/2007,9.972
二,03/06/2007,10.399
一,03/05/2007,10.094
五,03/02/2007,10.306
四,03/01/2007,10.629
三,02/28/2007,10.718
二,02/27/2007,10.3
一,02/26/2007,10.406
五,02/23/2007,10.457
四,02/22/2007,10.59
三,02/21/2007,10.729
二,02/20/2007,10.782
五,02/16/2007,10.832
四,02/15/2007,10.804
三,02/14/2007,10.802
二,02/13/2007,10.469
一,02/12/2007,10.208
五,02/09/2007,10.36
四,02/08/2007,11.474
三,02/07/2007,11.19
二,02/06/2007,11.055
一,02/05/2007,11.025
五,02/02/2007,11.096
四,02/01/2007,11.192
三,01/31/2007,11.155
二,01/30/2007,11.075
一,01/29/2007,10.974
五,01/26/2007,10.852
四,01/25/2007,10.787
三,01/24/2007,11.142
二,01/23/2007,10.841
一,01/22/2007,10.761
五,01/19/2007,10.503
四,01/18/2007,10.249
三,01/17/2007,10.904
二,01/16/2007,10.6
五,01/12/2007,10.525
四,01/11/2007,10.55
三,01/10/2007,10.474
二,01/09/2007,10.574
一,01/08/2007,10.108
五,01/05/2007,10.106
四,01/04/2007,10.114
三,01/03/2007,9.641
五,12/29/2006,9.849
四,12/28/2006,9.896
三,12/27/2006,9.937
二,12/26/2006,9.514
五,12/22/2006,9.635
四,12/21/2006,9.571
三,12/20/2006,9.751
二,12/19/2006,9.74
一,12/18/2006,9.29
五,12/15/2006,9.619
四,12/14/2006,9.56
三,12/13/2006,9.577
二,12/12/2006,9.575
一,12/11/2006,9.91
五,12/08/2006,10.01
四,12/07/2006,9.968
三,12/06/2006,9.913
二,12/05/2006,9.925
一,12/04/2006,10.008
五,12/01/2006,10.117
四,11/30/2006,10.175
三,11/29/2006,9.92
二,11/28/2006,10.075
一,11/27/2006,9.899
五,11/24/2006,10.548
三,11/22/2006,10.326
二,11/21/2006,10.06
一,11/20/2006,9.619
五,11/17/2006,9.479
四,11/16/2006,9.452
三,11/15/2006,9.53
二,11/14/2006,9.52
一,11/13/2006,9.655
五,11/10/2006,8.92
四,11/09/2006,8.82
三,11/08/2006,8.844
二,11/07/2006,9.25
一,11/06/2006,9.63
五,11/03/2006,8.951
四,11/02/2006,8.76
三,11/01/2006,8.507
二,10/31/2006,7.41
一,10/30/2006,7.254
五,10/27/2006,7.264
四,10/26/2006,7.22
三,10/25/2006,7.075
二,10/24/2006,7.12
一,10/23/2006,7.025
五,10/20/2006,7.122
四,10/19/2006,7.233
三,10/18/2006,7.045
二,10/17/2006,6.95
一,10/16/2006,7.13
五,10/13/2006,7.009
四,10/12/2006,7.041
三,10/11/2006,6.95
二,10/10/2006,7.191
一,10/09/2006,7.28
五,10/06/2006,7.515
四,10/05/2006,7.259
三,10/04/2006,6.962
二,10/03/2006,6.968
一,10/02/2006,6.996
五,09/29/2006,7.035
四,09/28/2006,6.865
三,09/27/2006,6.784
二,09/26/2006,6.6
一,09/25/2006,6.44
五,09/22/2006,6.593
四,09/21/2006,6.905
三,09/20/2006,6.655
二,09/19/2006,6.484
一,09/18/2006,6.512
五,09/15/2006,6.497
四,09/14/2006,6.279
三,09/13/2006,6.135
二,09/12/2006,6.21
一,09/11/2006,6.187
五,09/08/2006,5.975
四,09/07/2006,6.012
三,09/06/2006,5.888
二,09/05/2006,5.685
五,09/01/2006,5.655
四,08/31/2006,5.59
三,08/30/2006,5.525
二,08/29/2006,5.535
一,08/28/2006,5.502
五,08/25/2006,5.5
四,08/24/2006,5.565
三,08/23/2006,5.46
二,08/22/2006,5.523
一,08/21/2006,5.426
五,08/18/2006,5.345
四,08/17/2006,5.346
三,08/16/2006,5.427
二,08/15/2006,5.449
一,08/14/2006,5.423
五,08/11/2006,5.368
四,08/10/2006,5.356
三,08/09/2006,5.285
二,08/08/2006,5.257
一,08/07/2006,5.11
五,08/04/2006,5.005
四,08/03/2006,4.999
三,08/02/2006,5.002
二,08/01/2006,4.5
一,07/31/2006,4.587
五,07/28/2006,4.63
四,07/27/2006,4.652
三,07/26/2006,4.668
二,07/25/2006,4.608
一,07/24/2006,4.5
五,07/21/2006,4.528
四,07/20/2006,4.555
三,07/19/2006,4.528
二,07/18/2006,4.39
一,07/17/2006,4.399
五,07/14/2006,4.395
四,07/13/2006,4.472
三,07/12/2006,4.555
二,07/11/2006,4.635
一,07/10/2006,4.649
五,07/07/2006,4.612
四,07/06/2006,4.68
三,07/05/2006,4.76
一,07/03/2006,4.73
五,06/30/2006,4.8
四,06/29/2006,4.8
三,06/28/2006,4.696
二,06/27/2006,4.731
一,06/26/2006,4.75
五,06/23/2006,4.695
四,06/22/2006,4.66
三,06/21/2006,4.53
二,06/20/2006,4.402
一,06/19/2006,4.434
五,06/16/2006,4.502
四,06/15/2006,4.595
三,06/14/2006,4.512
二,06/13/2006,4.55
一,06/12/2006,4.695
五,06/09/2006,4.778
四,06/08/2006,4.772
三,06/07/2006,4.76
二,06/06/2006,4.83
一,06/05/2006,4.915
五,06/02/2006,4.699
四,06/01/2006,4.751
三,05/31/2006,4.494
二,05/30/2006,4.4
五,05/26/2006,4.493
四,05/25/2006,4.6
三,05/24/2006,3.9
二,05/23/2006,
一,05/22/2006,
五,05/19/2006,
四,05/18/2006,
三,05/17/2006,
二,05/16/2006,
一,05/15/2006,
五,05/12/2006,
四,05/11/2006,
三,05/10/2006,
二,05/09/2006,
一,05/08/2006,
五,05/05/2006,
四,05/04/2006,
三,05/03/2006,
二,05/02/2006,
一,05/01/2006,
五,04/28/2006,
四,04/27/2006,
三,04/26/2006,
二,04/25/2006,
一,04/24/2006,
五,04/21/2006,
四,04/20/2006,
三,04/19/2006,
二,04/18/2006,
一,04/17/2006,
四,04/13/2006,
三,04/12/2006,
二,04/11/2006,
一,04/10/2006,
五,04/07/2006,
四,04/06/2006,
三,04/05/2006,
二,04/04/2006,
一,04/03/2006,
五,03/31/2006,
四,03/30/2006,
三,03/29/2006,
二,03/28/2006,
一,03/27/2006,
五,03/24/2006,
四,03/23/2006,
三,03/22/2006,
二,03/21/2006,
一,03/20/2006,
五,03/17/2006,
四,03/16/2006,
三,03/15/2006,
二,03/14/2006,
一,03/13/2006,
五,03/10/2006,
四,03/09/2006,
三,03/08/2006,
二,03/07/2006,
一,03/06/2006,
五,03/03/2006,
四,03/02/2006,
三,03/01/2006,
二,02/28/2006,
一,02/27/2006,
五,02/24/2006,
四,02/23/2006,
三,02/22/2006,
二,02/21/2006,
五,02/17/2006,
四,02/16/2006,
三,02/15/2006,
二,02/14/2006,
一,02/13/2006,
五,02/10/2006,
四,02/09/2006,
三,02/08/2006,
二,02/07/2006,
一,02/06/2006,
五,02/03/2006,
四,02/02/2006,
三,02/01/2006,
二,01/31/2006,
一,01/30/2006,
五,01/27/2006,
四,01/26/2006,
三,01/25/2006,
二,01/24/2006,
一,01/23/2006,
五,01/20/2006,
四,01/19/2006,
三,01/18/2006,
二,01/17/2006,
五,01/13/2006,
四,01/12/2006,
三,01/11/2006,
二,01/10/2006,
一,01/09/2006,
五,01/06/2006,
四,01/05/2006,
三,01/04/2006,
二,01/03/2006,
五,12/30/2005,
四,12/29/2005,
三,12/28/2005,
二,12/27/2005,
五,12/23/2005,
四,12/22/2005,
三,12/21/2005,
二,12/20/2005,
一,12/19/2005,
五,12/16/2005,
四,12/15/2005,
三,12/14/2005,
二,12/13/2005,
一,12/12/2005,
五,12/09/2005,
四,12/08/2005,
三,12/07/2005,
二,12/06/2005,
一,12/05/2005,
五,12/02/2005,
四,12/01/2005,
三,11/30/2005,
二,11/29/2005,
一,11/28/2005,
五,11/25/2005,
三,11/23/2005,
二,11/22/2005,
一,11/21/2005,
五,11/18/2005,
四,11/17/2005,
三,11/16/2005,
二,11/15/2005,
一,11/14/2005,
五,11/11/2005,
四,11/10/2005,
三,11/09/2005,
二,11/08/2005,
一,11/07/2005,
五,11/04/2005,
四,11/03/2005,
三,11/02/2005,
二,11/01/2005,
一,10/31/2005,
五,10/28/2005,
四,10/27/2005,
三,10/26/2005,
二,10/25/2005,
一,10/24/2005,
五,10/21/2005,
四,10/20/2005,
三,10/19/2005,
二,10/18/2005,
一,10/17/2005,
五,10/14/2005,
四,10/13/2005,
三,10/12/2005,
二,10/11/2005,
一,10/10/2005,
五,10/07/2005,
四,10/06/2005,
三,10/05/2005,
二,10/04/2005,
一,10/03/2005,
五,09/30/2005,
四,09/29/2005,
三,09/28/2005,
二,09/27/2005,
一,09/26/2005,
五,09/23/2005,
四,09/22/2005,
三,09/21/2005,
二,09/20/2005,
一,09/19/2005,
五,09/16/2005,
四,09/15/2005,
三,09/14/2005,
二,09/13/2005,
一,09/12/2005,
五,09/09/2005,
四,09/08/2005,
三,09/07/2005,
二,09/06/2005,
五,09/02/2005,
四,09/01/2005,
三,08/31/2005,
二,08/30/2005,
一,08/29/2005,
五,08/26/2005,
四,08/25/2005,
三,08/24/2005,
二,08/23/2005,
一,08/22/2005,
五,08/19/2005,
四,08/18/2005,
三,08/17/2005,
二,08/16/2005,
一,08/15/2005,
五,08/12/2005,
四,08/11/2005,
三,08/10/2005,
二,08/09/2005,
一,08/08/2005,
五,08/05/2005,
四,08/04/2005,
三,08/03/2005,
二,08/02/2005,
一,08/01/2005,
五,07/29/2005,
四,07/28/2005,
三,07/27/2005,
二,07/26/2005,
一,07/25/2005,
五,07/22/2005,
四,07/21/2005,
三,07/20/2005,
二,07/19/2005,
一,07/18/2005,
五,07/15/2005,
四,07/14/2005,
三,07/13/2005,
二,07/12/2005,
一,07/11/2005,
五,07/08/2005,
四,07/07/2005,
三,07/06/2005,
二,07/05/2005,
五,07/01/2005,
四,06/30/2005,
三,06/29/2005,
二,06/28/2005,
一,06/27/2005,
五,06/24/2005,
四,06/23/2005,
三,06/22/2005,
二,06/21/2005,
一,06/20/2005,
五,06/17/2005,
四,06/16/2005,
三,06/15/2005,
二,06/14/2005,
一,06/13/2005,
五,06/10/2005,
四,06/09/2005,
三,06/08/2005,
二,06/07/2005,
一,06/06/2005,
五,06/03/2005,
四,06/02/2005,
三,06/01/2005,
二,05/31/2005,
五,05/27/2005,
四,05/26/2005,
三,05/25/2005,
二,05/24/2005,
一,05/23/2005,
五,05/20/2005,
四,05/19/2005,
三,05/18/2005,
二,05/17/2005,
一,05/16/2005,
五,05/13/2005,
四,05/12/2005,
三,05/11/2005,
二,05/10/2005,
一,05/09/2005,
五,05/06/2005,
四,05/05/2005,
三,05/04/2005,
二,05/03/2005,
一,05/02/2005,
五,04/29/2005,
四,04/28/2005,
三,04/27/2005,
二,04/26/2005,
一,04/25/2005,
五,04/22/2005,
四,04/21/2005,
三,04/20/2005,
二,04/19/2005,
一,04/18/2005,
五,04/15/2005,
四,04/14/2005,
三,04/13/2005,
二,04/12/2005,
一,04/11/2005,
五,04/08/2005,
四,04/07/2005,
三,04/06/2005,
二,04/05/2005,
一,04/04/2005,
五,04/01/2005,
四,03/31/2005,
三,03/30/2005,
二,03/29/2005,
一,03/28/2005,
四,03/24/2005,
三,03/23/2005,
二,03/22/2005,
一,03/21/2005,
五,03/18/2005,
四,03/17/2005,
三,03/16/2005,
二,03/15/2005,
一,03/14/2005,
五,03/11/2005,
四,03/10/2005,
三,03/09/2005,
二,03/08/2005,
一,03/07/2005,
五,03/04/2005,
四,03/03/2005,
三,03/02/2005,
二,03/01/2005,
一,02/28/2005,
五,02/25/2005,
四,02/24/2005,
三,02/23/2005,
二,02/22/2005,
五,02/18/2005,
四,02/17/2005,
三,02/16/2005,
二,02/15/2005,
一,02/14/2005,
五,02/11/2005,
四,02/10/2005,
三,02/09/2005,
二,02/08/2005,
一,02/07/2005,
五,02/04/2005,
四,02/03/2005,
三,02/02/2005,
二,02/01/2005,
一,01/31/2005,
五,01/28/2005,
四,01/27/2005,
三,01/26/2005,
二,01/25/2005,
一,01/24/2005,
五,01/21/2005,
四,01/20/2005,
三,01/19/2005,
二,01/18/2005,
五,01/14/2005,
四,01/13/2005,
三,01/12/2005,
二,01/11/2005,
一,01/10/2005,
五,01/07/2005,
四,01/06/2005,
三,01/05/2005,
二,01/04/2005,
一,01/03/2005,
五,12/31/2004,
四,12/30/2004,
三,12/29/2004,
二,12/28/2004,
一,12/27/2004,
四,12/23/2004,
三,12/22/2004,
二,12/21/2004,
一,12/20/2004,
五,12/17/2004,
四,12/16/2004,
三,12/15/2004,
二,12/14/2004,
一,12/13/2004,
五,12/10/2004,
四,12/09/2004,
三,12/08/2004,
二,12/07/2004,
一,12/06/2004,
五,12/03/2004,
四,12/02/2004,
三,12/01/2004,
二,11/30/2004,
一,11/29/2004,
五,11/26/2004,
三,11/24/2004,
二,11/23/2004,
一,11/22/2004,
五,11/19/2004,
四,11/18/2004,
三,11/17/2004,
二,11/16/2004,
一,11/15/2004,
五,11/12/2004,
四,11/11/2004,
三,11/10/2004,
二,11/09/2004,
一,11/08/2004,
五,11/05/2004,
四,11/04/2004,
三,11/03/2004,
二,11/02/2004,
一,11/01/2004,
五,10/29/2004,
四,10/28/2004,
三,10/27/2004,
二,10/26/2004,
一,10/25/2004,
五,10/22/2004,
四,10/21/2004,
三,10/20/2004,
二,10/19/2004,
一,10/18/2004,
五,10/15/2004,
四,10/14/2004,
三,10/13/2004,
二,10/12/2004,
一,10/11/2004,
五,10/08/2004,
四,10/07/2004,
三,10/06/2004,
二,10/05/2004,
一,10/04/2004,
五,10/01/2004,
四,09/30/2004,
三,09/29/2004,
二,09/28/2004,
一,09/27/2004,
五,09/24/2004,
四,09/23/2004,
三,09/22/2004,
二,09/21/2004,
一,09/20/2004,
五,09/17/2004,
四,09/16/2004,
三,09/15/2004,
二,09/14/2004,
一,09/13/2004,
五,09/10/2004,
四,09/09/2004,
三,09/08/2004,
二,09/07/2004,
五,09/03/2004,
四,09/02/2004,
三,09/01/2004,
二,08/31/2004,
一,08/30/2004,
五,08/27/2004,
四,08/26/2004,
三,08/25/2004,
二,08/24/2004,
一,08/23/2004,
五,08/20/2004,
四,08/19/2004,
三,08/18/2004,
二,08/17/2004,
一,08/16/2004,
五,08/13/2004,
四,08/12/2004,
三,08/11/2004,
二,08/10/2004,
一,08/09/2004,
五,08/06/2004,
四,08/05/2004,
三,08/04/2004,
二,08/03/2004,
一,08/02/2004,
五,07/30/2004,
四,07/29/2004,
三,07/28/2004,
二,07/27/2004,
一,07/26/2004,
五,07/23/2004,
四,07/22/2004,
三,07/21/2004,
二,07/20/2004,
一,07/19/2004,
五,07/16/2004,
四,07/15/2004,
三,07/14/2004,
二,07/13/2004,
一,07/12/2004,
五,07/09/2004,
四,07/08/2004,
三,07/07/2004,
二,07/06/2004,
五,07/02/2004,
四,07/01/2004,
三,06/30/2004,
二,06/29/2004,
一,06/28/2004,
五,06/25/2004,
四,06/24/2004,
三,06/23/2004,
二,06/22/2004,
一,06/21/2004,
五,06/18/2004,
四,06/17/2004,
三,06/16/2004,
二,06/15/2004,
一,06/14/2004,
四,06/10/2004,
三,06/09/2004,
二,06/08/2004,
一,06/07/2004,
五,06/04/2004,
四,06/03/2004,
三,06/02/2004,
二,06/01/2004,
五,05/28/2004,
四,05/27/2004,
三,05/26/2004,
二,05/25/2004,
一,05/24/2004,
五,05/21/2004,
四,05/20/2004,
三,05/19/2004,
二,05/18/2004,
一,05/17/2004,
五,05/14/2004,
四,05/13/2004,
三,05/12/2004,
二,05/11/2004,
一,05/10/2004,
五,05/07/2004,
四,05/06/2004,
三,05/05/2004,
二,05/04/2004,
一,05/03/2004,
五,04/30/2004,
四,04/29/2004,
三,04/28/2004,
二,04/27/2004,
一,04/26/2004,
五,04/23/2004,
四,04/22/2004,
三,04/21/2004,
二,04/20/2004,
一,04/19/2004,
五,04/16/2004,
四,04/15/2004,
三,04/14/2004,
二,04/13/2004,
一,04/12/2004,
四,04/08/2004,
三,04/07/2004,
二,04/06/2004,
一,04/05/2004,
五,04/02/2004,
四,04/01/2004,
三,03/31/2004,
二,03/30/2004,
一,03/29/2004,
五,03/26/2004,
四,03/25/2004,
三,03/24/2004,
二,03/23/2004,
一,03/22/2004,
五,03/19/2004,
四,03/18/2004,
三,03/17/2004,
二,03/16/2004,
一,03/15/2004,
五,03/12/2004,
四,03/11/2004,
三,03/10/2004,
二,03/09/2004,
一,03/08/2004,
五,03/05/2004,
四,03/04/2004,
三,03/03/2004,
二,03/02/2004,
一,03/01/2004,
五,02/27/2004,
四,02/26/2004,
三,02/25/2004,
二,02/24/2004,
一,02/23/2004,
五,02/20/2004,
四,02/19/2004,
三,02/18/2004,
二,02/17/2004,
五,02/13/2004,
四,02/12/2004,
三,02/11/2004,
二,02/10/2004,
一,02/09/2004,
五,02/06/2004,
四,02/05/2004,
三,02/04/2004,
二,02/03/2004,
一,02/02/2004,
五,01/30/2004,
四,01/29/2004,
三,01/28/2004,
二,01/27/2004,
一,01/26/2004,
五,01/23/2004,
四,01/22/2004,
三,01/21/2004,
二,01/20/2004,
五,01/16/2004,
四,01/15/2004,
三,01/14/2004,
二,01/13/2004,
一,01/12/2004,
五,01/09/2004,
四,01/08/2004,
三,01/07/2004,
二,01/06/2004,
一,01/05/2004,
五,01/02/2004,
三,12/31/2003,
二,12/30/2003,
一,12/29/2003,
五,12/26/2003,
三,12/24/2003,
二,12/23/2003,
一,12/22/2003,
五,12/19/2003,
四,12/18/2003,
三,12/17/2003,
二,12/16/2003,
一,12/15/2003,
五,12/12/2003,
四,12/11/2003,
三,12/10/2003,
二,12/09/2003,
一,12/08/2003,
五,12/05/2003,
四,12/04/2003,
三,12/03/2003,
二,12/02/2003,
一,12/01/2003,
五,11/28/2003,
三,11/26/2003,
二,11/25/2003,
一,11/24/2003,
五,11/21/2003,
四,11/20/2003,
三,11/19/2003,
二,11/18/2003,
一,11/17/2003,
五,11/14/2003,
四,11/13/2003,
三,11/12/2003,
二,11/11/2003,
一,11/10/2003,
五,11/07/2003,
四,11/06/2003,
三,11/05/2003,
二,11/04/2003,
一,11/03/2003,
五,10/31/2003,
四,10/30/2003,
三,10/29/2003,
二,10/28/2003,
一,10/27/2003,
五,10/24/2003,
四,10/23/2003,
三,10/22/2003,
二,10/21/2003,
一,10/20/2003,
五,10/17/2003,
四,10/16/2003,
三,10/15/2003,
二,10/14/2003,
一,10/13/2003,
五,10/10/2003,
四,10/09/2003,
三,10/08/2003,
二,10/07/2003,
一,10/06/2003,
五,10/03/2003,
四,10/02/2003,
三,10/01/2003,
二,09/30/2003,
一,09/29/2003,
五,09/26/2003,
四,09/25/2003,
三,09/24/2003,
二,09/23/2003,
一,09/22/2003,
五,09/19/2003,
四,09/18/2003,
三,09/17/2003,
二,09/16/2003,
一,09/15/2003,
五,09/12/2003,
四,09/11/2003,
三,09/10/2003,
二,09/09/2003,
一,09/08/2003,
五,09/05/2003,
四,09/04/2003,
三,09/03/2003,
二,09/02/2003,
五,08/29/2003,
四,08/28/2003,
三,08/27/2003,
二,08/26/2003,
一,08/25/2003,
五,08/22/2003,
四,08/21/2003,
三,08/20/2003,
二,08/19/2003,
一,08/18/2003,
五,08/15/2003,
四,08/14/2003,
三,08/13/2003,
二,08/12/2003,
一,08/11/2003,
五,08/08/2003,
四,08/07/2003,
三,08/06/2003,
二,08/05/2003,
一,08/04/2003,
五,08/01/2003,
四,07/31/2003,
三,07/30/2003,
二,07/29/2003,
一,07/28/2003,
五,07/25/2003,
四,07/24/2003,
三,07/23/2003,
二,07/22/2003,
一,07/21/2003,
五,07/18/2003,
四,07/17/2003,
三,07/16/2003,
二,07/15/2003,
一,07/14/2003,
五,07/11/2003,
四,07/10/2003,
三,07/09/2003,
二,07/08/2003,
一,07/07/2003,
四,07/03/2003,
三,07/02/2003,
二,07/01/2003,
一,06/30/2003,
五,06/27/2003,
四,06/26/2003,
三,06/25/2003,
二,06/24/2003,
一,06/23/2003,
五,06/20/2003,
四,06/19/2003,
三,06/18/2003,
二,06/17/2003,
一,06/16/2003,
五,06/13/2003,
四,06/12/2003,
三,06/11/2003,
二,06/10/2003,
一,06/09/2003,
五,06/06/2003,
四,06/05/2003,
三,06/04/2003,
二,06/03/2003,
一,06/02/2003,
五,05/30/2003,
四,05/29/2003,
三,05/28/2003,
二,05/27/2003,
五,05/23/2003,
四,05/22/2003,
三,05/21/2003,
二,05/20/2003,
一,05/19/2003,
五,05/16/2003,
四,05/15/2003,
三,05/14/2003,
二,05/13/2003,
一,05/12/2003,
五,05/09/2003,
四,05/08/2003,
三,05/07/2003,
二,05/06/2003,
一,05/05/2003,
五,05/02/2003,
四,05/01/2003,
三,04/30/2003,
二,04/29/2003,
一,04/28/2003,
五,04/25/2003,
四,04/24/2003,
三,04/23/2003,
二,04/22/2003,
一,04/21/2003,
四,04/17/2003,
三,04/16/2003,
二,04/15/2003,
一,04/14/2003,
五,04/11/2003,
四,04/10/2003,
三,04/09/2003,
二,04/08/2003,
一,04/07/2003,
五,04/04/2003,
四,04/03/2003,
三,04/02/2003,
二,04/01/2003,
一,03/31/2003,
五,03/28/2003,
四,03/27/2003,
三,03/26/2003,
二,03/25/2003,
一,03/24/2003,
五,03/21/2003,
四,03/20/2003,
三,03/19/2003,
二,03/18/2003,
一,03/17/2003,
五,03/14/2003,
四,03/13/2003,
三,03/12/2003,
二,03/11/2003,
一,03/10/2003,
五,03/07/2003,
四,03/06/2003,
三,03/05/2003,
二,03/04/2003,
一,03/03/2003,
五,02/28/2003,
四,02/27/2003,
三,02/26/2003,
二,02/25/2003,
一,02/24/2003,
五,02/21/2003,
四,02/20/2003,
三,02/19/2003,
二,02/18/2003,
五,02/14/2003,
四,02/13/2003,
三,02/12/2003,
二,02/11/2003,
一,02/10/2003,
五,02/07/2003,
四,02/06/2003,
三,02/05/2003,
二,02/04/2003,
一,02/03/2003,
五,01/31/2003,
四,01/30/2003,
三,01/29/2003,
二,01/28/2003,
一,01/27/2003,
五,01/24/2003,
四,01/23/2003,
三,01/22/2003,
二,01/21/2003,
五,01/17/2003,
四,01/16/2003,
三,01/15/2003,
二,01/14/2003,
一,01/13/2003,
五,01/10/2003,
四,01/09/2003,
三,01/08/2003,
二,01/07/2003,
一,01/06/2003,
五,01/03/2003,
四,01/02/2003,
二,12/31/2002,
一,12/30/2002,
五,12/27/2002,
四,12/26/2002,
二,12/24/2002,
一,12/23/2002,
五,12/20/2002,
四,12/19/2002,
三,12/18/2002,
二,12/17/2002,
一,12/16/2002,
五,12/13/2002,
四,12/12/2002,
三,12/11/2002,
二,12/10/2002,
一,12/09/2002,
五,12/06/2002,
四,12/05/2002,
三,12/04/2002,
二,12/03/2002,
一,12/02/2002,
五,11/29/2002,
三,11/27/2002,
二,11/26/2002,
一,11/25/2002,
五,11/22/2002,
四,11/21/2002,
三,11/20/2002,
二,11/19/2002,
一,11/18/2002,
五,11/15/2002,
四,11/14/2002,
三,11/13/2002,
二,11/12/2002,
一,11/11/2002,
五,11/08/2002,
四,11/07/2002,
三,11/06/2002,
二,11/05/2002,
一,11/04/2002,
五,11/01/2002,
四,10/31/2002,
三,10/30/2002,
二,10/29/2002,
一,10/28/2002,
五,10/25/2002,
四,10/24/2002,
三,10/23/2002,
二,10/22/2002,
一,10/21/2002,
五,10/18/2002,
四,10/17/2002,
三,10/16/2002,
二,10/15/2002,
一,10/14/2002,
五,10/11/2002,
四,10/10/2002,
三,10/09/2002,
二,10/08/2002,
一,10/07/2002,
五,10/04/2002,
四,10/03/2002,
三,10/02/2002,
二,10/01/2002,
一,09/30/2002,
五,09/27/2002,
四,09/26/2002,
三,09/25/2002,
二,09/24/2002,
一,09/23/2002,
五,09/20/2002,
四,09/19/2002,
三,09/18/2002,
二,09/17/2002,
一,09/16/2002,
五,09/13/2002,
四,09/12/2002,
三,09/11/2002,
二,09/10/2002,
一,09/09/2002,
五,09/06/2002,
四,09/05/2002,
三,09/04/2002,
二,09/03/2002,
五,08/30/2002,
四,08/29/2002,
三,08/28/2002,
二,08/27/2002,
一,08/26/2002,
五,08/23/2002,
四,08/22/2002,
三,08/21/2002,
二,08/20/2002,
一,08/19/2002,
五,08/16/2002,
四,08/15/2002,
三,08/14/2002,
二,08/13/2002,
一,08/12/2002,
五,08/09/2002,
四,08/08/2002,
三,08/07/2002,
二,08/06/2002,
一,08/05/2002,
五,08/02/2002,
四,08/01/2002,
三,07/31/2002,
二,07/30/2002,
一,07/29/2002,
五,07/26/2002,
四,07/25/2002,
三,07/24/2002,
二,07/23/2002,
一,07/22/2002,
五,07/19/2002,
四,07/18/2002,
三,07/17/2002,
二,07/16/2002,
一,07/15/2002,
五,07/12/2002,
四,07/11/2002,
三,07/10/2002,
二,07/09/2002,
一,07/08/2002,
五,07/05/2002,
三,07/03/2002,
二,07/02/2002,
一,07/01/2002,
五,06/28/2002,
四,06/27/2002,
三,06/26/2002,
二,06/25/2002,
一,06/24/2002,
五,06/21/2002,
四,06/20/2002,
三,06/19/2002,
二,06/18/2002,
一,06/17/2002,
五,06/14/2002,
四,06/13/2002,
三,06/12/2002,
二,06/11/2002,
一,06/10/2002,
五,06/07/2002,
四,06/06/2002,
三,06/05/2002,
二,06/04/2002,
一,06/03/2002,
五,05/31/2002,
四,05/30/2002,
三,05/29/2002,
二,05/28/2002,
五,05/24/2002,
四,05/23/2002,
三,05/22/2002,
二,05/21/2002,
一,05/20/2002,
五,05/17/2002,
四,05/16/2002,
三,05/15/2002,
二,05/14/2002,
一,05/13/2002,
五,05/10/2002,
四,05/09/2002,
三,05/08/2002,
二,05/07/2002,
一,05/06/2002,
五,05/03/2002,
四,05/02/2002,
三,05/01/2002,
二,04/30/2002,
一,04/29/2002,
五,04/26/2002,
四,04/25/2002,
三,04/24/2002,
二,04/23/2002,
一,04/22/2002,
五,04/19/2002,
四,04/18/2002,
三,04/17/2002,
二,04/16/2002,
一,04/15/2002,
五,04/12/2002,
四,04/11/2002,
三,04/10/2002,
二,04/09/2002,
一,04/08/2002,
五,04/05/2002,
四,04/04/2002,
三,04/03/2002,
二,04/02/2002,
一,04/01/2002,
四,03/28/2002,
三,03/27/2002,
二,03/26/2002,
一,03/25/2002,
五,03/22/2002,
四,03/21/2002,
三,03/20/2002,
二,03/19/2002,
一,03/18/2002,
五,03/15/2002,
四,03/14/2002,
三,03/13/2002,
二,03/12/2002,
一,03/11/2002,
五,03/08/2002,
四,03/07/2002,
三,03/06/2002,
二,03/05/2002,
一,03/04/2002,
五,03/01/2002,
四,02/28/2002,
三,02/27/2002,
二,02/26/2002,
一,02/25/2002,
五,02/22/2002,
四,02/21/2002,
三,02/20/2002,
二,02/19/2002,
五,02/15/2002,
四,02/14/2002,
三,02/13/2002,
二,02/12/2002,
一,02/11/2002,
五,02/08/2002,
四,02/07/2002,
三,02/06/2002,
二,02/05/2002,
一,02/04/2002,
五,02/01/2002,
四,01/31/2002,
三,01/30/2002,
二,01/29/2002,
一,01/28/2002,
五,01/25/2002,
四,01/24/2002,
三,01/23/2002,
二,01/22/2002,
五,01/18/2002,
四,01/17/2002,
三,01/16/2002,
二,01/15/2002,
一,01/14/2002,
五,01/11/2002,
四,01/10/2002,
三,01/09/2002,
二,01/08/2002,
一,01/07/2002,
五,01/04/2002,
四,01/03/2002,
三,01/02/2002,
一,12/31/2001,
五,12/28/2001,
四,12/27/2001,
三,12/26/2001,
一,12/24/2001,
五,12/21/2001,
四,12/20/2001,
三,12/19/2001,
二,12/18/2001,
一,12/17/2001,
五,12/14/2001,
四,12/13/2001,
三,12/12/2001,
二,12/11/2001,
一,12/10/2001,
五,12/07/2001,
四,12/06/2001,
三,12/05/2001,
二,12/04/2001,
一,12/03/2001,
五,11/30/2001,
四,11/29/2001,
三,11/28/2001,
二,11/27/2001,
一,11/26/2001,
五,11/23/2001,
三,11/21/2001,
二,11/20/2001,
一,11/19/2001,
五,11/16/2001,
四,11/15/2001,
三,11/14/2001,
二,11/13/2001,
一,11/12/2001,
五,11/09/2001,
四,11/08/2001,
三,11/07/2001,
二,11/06/2001,
一,11/05/2001,
五,11/02/2001,
四,11/01/2001,
三,10/31/2001,
二,10/30/2001,
一,10/29/2001,
五,10/26/2001,
四,10/25/2001,
三,10/24/2001,
二,10/23/2001,
一,10/22/2001,
五,10/19/2001,
四,10/18/2001,
三,10/17/2001,
二,10/16/2001,
一,10/15/2001,
五,10/12/2001,
四,10/11/2001,
三,10/10/2001,
二,10/09/2001,
一,10/08/2001,
五,10/05/2001,
四,10/04/2001,
三,10/03/2001,
二,10/02/2001,
一,10/01/2001,
五,09/28/2001,
四,09/27/2001,
三,09/26/2001,
二,09/25/2001,
一,09/24/2001,
五,09/21/2001,
四,09/20/2001,
三,09/19/2001,
二,09/18/2001,
一,09/17/2001,
二,09/11/2001,
一,09/10/2001,
五,09/07/2001,
四,09/06/2001,
三,09/05/2001,
二,09/04/2001,
五,08/31/2001,
四,08/30/2001,
三,08/29/2001,
二,08/28/2001,
一,08/27/2001,
五,08/24/2001,
四,08/23/2001,
三,08/22/2001,
二,08/21/2001,
一,08/20/2001,
五,08/17/2001,
四,08/16/2001,
三,08/15/2001,
二,08/14/2001,
一,08/13/2001,
五,08/10/2001,
四,08/09/2001,
三,08/08/2001,
二,08/07/2001,
一,08/06/2001,
五,08/03/2001,
四,08/02/2001,
三,08/01/2001,
二,07/31/2001,
一,07/30/2001,
五,07/27/2001,
四,07/26/2001,
三,07/25/2001,
二,07/24/2001,
一,07/23/2001,
五,07/20/2001,
四,07/19/2001,
三,07/18/2001,
二,07/17/2001,
一,07/16/2001,
五,07/13/2001,
四,07/12/2001,
三,07/11/2001,
二,07/10/2001,
一,07/09/2001,
五,07/06/2001,
四,07/05/2001,
二,07/03/2001,
一,07/02/2001,
五,06/29/2001,
四,06/28/2001,
三,06/27/2001,
二,06/26/2001,
一,06/25/2001,
五,06/22/2001,
四,06/21/2001,
三,06/20/2001,
二,06/19/2001,
一,06/18/2001,
五,06/15/2001,
四,06/14/2001,
三,06/13/2001,
二,06/12/2001,
一,06/11/2001,
五,06/08/2001,
四,06/07/2001,
三,06/06/2001,
二,06/05/2001,
一,06/04/2001,
五,06/01/2001,
四,05/31/2001,
三,05/30/2001,
二,05/29/2001,
五,05/25/2001,
四,05/24/2001,
三,05/23/2001,
二,05/22/2001,
一,05/21/2001,
五,05/18/2001,
四,05/17/2001,
三,05/16/2001,
二,05/15/2001,
一,05/14/2001,
五,05/11/2001,
四,05/10/2001,
三,05/09/2001,
二,05/08/2001,
一,05/07/2001,
五,05/04/2001,
四,05/03/2001,
三,05/02/2001,
二,05/01/2001,
一,04/30/2001,
五,04/27/2001,
四,04/26/2001,
三,04/25/2001,
二,04/24/2001,
一,04/23/2001,
五,04/20/2001,
四,04/19/2001,
三,04/18/2001,
二,04/17/2001,
一,04/16/2001,
四,04/12/2001,
三,04/11/2001,
二,04/10/2001,
一,04/09/2001,
五,04/06/2001,
四,04/05/2001,
三,04/04/2001,
二,04/03/2001,
一,04/02/2001,
五,03/30/2001,
四,03/29/2001,
三,03/28/2001,
二,03/27/2001,
一,03/26/2001,
五,03/23/2001,
四,03/22/2001,
三,03/21/2001,
二,03/20/2001,
一,03/19/2001,
五,03/16/2001,
四,03/15/2001,
三,03/14/2001,
二,03/13/2001,
一,03/12/2001,
五,03/09/2001,
四,03/08/2001,
三,03/07/2001,
二,03/06/2001,
一,03/05/2001,
五,03/02/2001,
四,03/01/2001,
三,02/28/2001,
二,02/27/2001,
一,02/26/2001,
五,02/23/2001,
四,02/22/2001,
三,02/21/2001,
二,02/20/2001,
五,02/16/2001,
四,02/15/2001,
三,02/14/2001,
二,02/13/2001,
一,02/12/2001,
五,02/09/2001,
四,02/08/2001,
三,02/07/2001,
二,02/06/2001,
一,02/05/2001,
五,02/02/2001,
四,02/01/2001,
三,01/31/2001,
二,01/30/2001,
一,01/29/2001,
五,01/26/2001,
四,01/25/2001,
三,01/24/2001,
二,01/23/2001,
一,01/22/2001,
五,01/19/2001,
四,01/18/2001,
三,01/17/2001,
二,01/16/2001,
五,01/12/2001,
四,01/11/2001,
三,01/10/2001,
二,01/09/2001,
一,01/08/2001,
五,01/05/2001,
四,01/04/2001,
三,01/03/2001,
二,01/02/2001,
五,12/29/2000,
四,12/28/2000,
三,12/27/2000,
二,12/26/2000,
五,12/22/2000,
四,12/21/2000,
三,12/20/2000,
二,12/19/2000,
一,12/18/2000,
五,12/15/2000,
四,12/14/2000,
三,12/13/2000,
二,12/12/2000,
一,12/11/2000,
五,12/08/2000,
四,12/07/2000,
三,12/06/2000,
二,12/05/2000,
一,12/04/2000,
五,12/01/2000,
四,11/30/2000,
三,11/29/2000,
二,11/28/2000,
一,11/27/2000,
五,11/24/2000,
三,11/22/2000,
二,11/21/2000,
一,11/20/2000,
五,11/17/2000,
四,11/16/2000,
三,11/15/2000,
二,11/14/2000,
一,11/13/2000,
五,11/10/2000,
四,11/09/2000,
三,11/08/2000,
二,11/07/2000,
一,11/06/2000,
五,11/03/2000,
四,11/02/2000,
三,11/01/2000,
二,10/31/2000,
一,10/30/2000,
五,10/27/2000,
四,10/26/2000,
三,10/25/2000,
二,10/24/2000,
一,10/23/2000,
五,10/20/2000,
四,10/19/2000,
三,10/18/2000,
二,10/17/2000,
一,10/16/2000,
五,10/13/2000,
四,10/12/2000,
三,10/11/2000,
二,10/10/2000,
一,10/09/2000,
五,10/06/2000,
四,10/05/2000,
三,10/04/2000,
二,10/03/2000,
一,10/02/2000,
五,09/29/2000,
四,09/28/2000,
三,09/27/2000,
二,09/26/2000,
一,09/25/2000,
五,09/22/2000,
四,09/21/2000,
三,09/20/2000,
二,09/19/2000,
一,09/18/2000,
五,09/15/2000,
四,09/14/2000,
三,09/13/2000,
二,09/12/2000,
一,09/11/2000,
五,09/08/2000,
四,09/07/2000,
三,09/06/2000,
二,09/05/2000,
五,09/01/2000,
四,08/31/2000,
三,08/30/2000,
二,08/29/2000,
一,08/28/2000,
五,08/25/2000,
四,08/24/2000,
三,08/23/2000,
二,08/22/2000,
一,08/21/2000,
五,08/18/2000,
四,08/17/2000,
三,08/16/2000,
二,08/15/2000,
一,08/14/2000,
五,08/11/2000,
四,08/10/2000,
三,08/09/2000,
二,08/08/2000,
一,08/07/2000,
五,08/04/2000,
四,08/03/2000,
三,08/02/2000,
二,08/01/2000,
一,07/31/2000,
五,07/28/2000,
四,07/27/2000,
三,07/26/2000,
二,07/25/2000,
一,07/24/2000,
五,07/21/2000,
四,07/20/2000,
三,07/19/2000,
二,07/18/2000,
一,07/17/2000,
五,07/14/2000,
四,07/13/2000,
三,07/12/2000,
二,07/11/2000,
一,07/10/2000,
五,07/07/2000,
四,07/06/2000,
三,07/05/2000,
一,07/03/2000,
五,06/30/2000,
四,06/29/2000,
三,06/28/2000,
二,06/27/2000,
一,06/26/2000,
五,06/23/2000,
四,06/22/2000,
三,06/21/2000,
二,06/20/2000,
一,06/19/2000,
五,06/16/2000,
四,06/15/2000,
三,06/14/2000,
二,06/13/2000,
一,06/12/2000,
五,06/09/2000,
四,06/08/2000,
三,06/07/2000,
二,06/06/2000,
一,06/05/2000,
五,06/02/2000,
四,06/01/2000,
三,05/31/2000,
二,05/30/2000,
五,05/26/2000,
四,05/25/2000,
三,05/24/2000,
二,05/23/2000,
一,05/22/2000,
五,05/19/2000,
四,05/18/2000,
三,05/17/2000,
二,05/16/2000,
一,05/15/2000,
五,05/12/2000,
四,05/11/2000,
三,05/10/2000,
二,05/09/2000,
一,05/08/2000,
五,05/05/2000,
四,05/04/2000,
三,05/03/2000,
二,05/02/2000,
一,05/01/2000,
五,04/28/2000,
四,04/27/2000,
三,04/26/2000,
二,04/25/2000,
一,04/24/2000,
四,04/20/2000,
三,04/19/2000,
二,04/18/2000,
一,04/17/2000,
五,04/14/2000,
四,04/13/2000,
三,04/12/2000,
二,04/11/2000,
一,04/10/2000,
五,04/07/2000,
四,04/06/2000,
三,04/05/2000,
二,04/04/2000,
一,04/03/2000,
五,03/31/2000,
四,03/30/2000,
三,03/29/2000,
二,03/28/2000,
一,03/27/2000,
五,03/24/2000,
四,03/23/2000,
三,03/22/2000,
二,03/21/2000,
一,03/20/2000,
五,03/17/2000,
四,03/16/2000,
三,03/15/2000,
二,03/14/2000,
一,03/13/2000,
五,03/10/2000,
四,03/09/2000,
三,03/08/2000,
二,03/07/2000,
一,03/06/2000,
五,03/03/2000,
四,03/02/2000,
三,03/01/2000,
二,02/29/2000,
一,02/28/2000,
五,02/25/2000,
四,02/24/2000,
三,02/23/2000,
二,02/22/2000,
五,02/18/2000,
四,02/17/2000,
三,02/16/2000,
二,02/15/2000,
一,02/14/2000,
五,02/11/2000,
四,02/10/2000,
三,02/09/2000,
二,02/08/2000,
一,02/07/2000,
五,02/04/2000,
四,02/03/2000,
三,02/02/2000,
二,02/01/2000,
一,01/31/2000,
五,01/28/2000,
四,01/27/2000,
三,01/26/2000,
二,01/25/2000,
一,01/24/2000,
五,01/21/2000,
四,01/20/2000,
三,01/19/2000,
二,01/18/2000,
五,01/14/2000,
四,01/13/2000,
三,01/12/2000,
二,01/11/2000,
一,01/10/2000,
五,01/07/2000,
四,01/06/2000,
三,01/05/2000,
二,01/04/2000,
一,01/03/2000,
五,12/31/1999,
四,12/30/1999,
三,12/29/1999,
二,12/28/1999,
一,12/27/1999,
四,12/23/1999,
三,12/22/1999,
二,12/21/1999,
一,12/20/1999,
五,12/17/1999,
四,12/16/1999,
三,12/15/1999,
二,12/14/1999,
一,12/13/1999,
五,12/10/1999,
四,12/09/1999,
三,12/08/1999,
二,12/07/1999,
一,12/06/1999,
五,12/03/1999,
四,12/02/1999,
三,12/01/1999,
二,11/30/1999,
一,11/29/1999,
五,11/26/1999,
三,11/24/1999,
二,11/23/1999,
一,11/22/1999,
五,11/19/1999,
四,11/18/1999,
三,11/17/1999,
二,11/16/1999,
一,11/15/1999,
五,11/12/1999,
四,11/11/1999,
三,11/10/1999,
二,11/09/1999,
一,11/08/1999,
五,11/05/1999,
四,11/04/1999,
三,11/03/1999,
二,11/02/1999,
一,11/01/1999,
五,10/29/1999,
四,10/28/1999,
三,10/27/1999,
二,10/26/1999,
一,10/25/1999,
五,10/22/1999,
四,10/21/1999,
三,10/20/1999,
二,10/19/1999,
一,10/18/1999,
五,10/15/1999,
四,10/14/1999,
三,10/13/1999,
二,10/12/1999,
一,10/11/1999,
五,10/08/1999,
四,10/07/1999,
三,10/06/1999,
二,10/05/1999,
一,10/04/1999,
五,10/01/1999,
四,09/30/1999,
三,09/29/1999,
二,09/28/1999,
一,09/27/1999,
五,09/24/1999,
四,09/23/1999,
三,09/22/1999,
二,09/21/1999,
一,09/20/1999,
五,09/17/1999,
四,09/16/1999,
三,09/15/1999,
二,09/14/1999,
一,09/13/1999,
五,09/10/1999,
四,09/09/1999,
三,09/08/1999,
二,09/07/1999,
五,09/03/1999,
四,09/02/1999,
三,09/01/1999,
二,08/31/1999,
一,08/30/1999,
五,08/27/1999,
四,08/26/1999,
三,08/25/1999,
二,08/24/1999,
一,08/23/1999,
五,08/20/1999,
四,08/19/1999,
三,08/18/1999,
二,08/17/1999,
一,08/16/1999,
五,08/13/1999,
四,08/12/1999,
三,08/11/1999,
二,08/10/1999,
一,08/09/1999,
五,08/06/1999,
四,08/05/1999,
三,08/04/1999,
二,08/03/1999,
一,08/02/1999,
五,07/30/1999,
四,07/29/1999,
三,07/28/1999,
二,07/27/1999,
一,07/26/1999,
五,07/23/1999,
四,07/22/1999,
三,07/21/1999,
二,07/20/1999,
一,07/19/1999,
五,07/16/1999,
四,07/15/1999,
三,07/14/1999,
二,07/13/1999,
一,07/12/1999,
五,07/09/1999,
四,07/08/1999,
三,07/07/1999,
二,07/06/1999,
五,07/02/1999,
四,07/01/1999,
三,06/30/1999,
二,06/29/1999,
一,06/28/1999,
五,06/25/1999,
四,06/24/1999,
三,06/23/1999,
二,06/22/1999,
一,06/21/1999,
五,06/18/1999,
四,06/17/1999,
三,06/16/1999,
二,06/15/1999,
一,06/14/1999,
五,06/11/1999,
四,06/10/1999,
三,06/09/1999,
二,06/08/1999,
一,06/07/1999,
五,06/04/1999,
四,06/03/1999,
三,06/02/1999,
二,06/01/1999,
五,05/28/1999,
四,05/27/1999,
三,05/26/1999,
二,05/25/1999,
一,05/24/1999,
五,05/21/1999,
四,05/20/1999,
三,05/19/1999,
二,05/18/1999,
一,05/17/1999,
五,05/14/1999,
四,05/13/1999,
三,05/12/1999,
二,05/11/1999,
一,05/10/1999,
五,05/07/1999,
四,05/06/1999,
三,05/05/1999,
二,05/04/1999,
一,05/03/1999,
五,04/30/1999,
四,04/29/1999,
三,04/28/1999,
二,04/27/1999,
一,04/26/1999,
五,04/23/1999,
四,04/22/1999,
三,04/21/1999,
二,04/20/1999,
一,04/19/1999,
五,04/16/1999,
四,04/15/1999,
三,04/14/1999,
二,04/13/1999,
一,04/12/1999,
五,04/09/1999,
四,04/08/1999,
三,04/07/1999,
二,04/06/1999,
一,04/05/1999,
四,04/01/1999,
三,03/31/1999,
二,03/30/1999,
一,03/29/1999,
五,03/26/1999,
四,03/25/1999,
三,03/24/1999,
二,03/23/1999,
一,03/22/1999,
五,03/19/1999,
四,03/18/1999,
三,03/17/1999,
二,03/16/1999,
一,03/15/1999,
五,03/12/1999,
四,03/11/1999,
三,03/10/1999,
二,03/09/1999,
一,03/08/1999,
五,03/05/1999,
四,03/04/1999,
三,03/03/1999,
二,03/02/1999,
一,03/01/1999,
五,02/26/1999,
四,02/25/1999,
三,02/24/1999,
二,02/23/1999,
一,02/22/1999,
五,02/19/1999,
四,02/18/1999,
三,02/17/1999,
二,02/16/1999,
五,02/12/1999,
四,02/11/1999,
三,02/10/1999,
二,02/09/1999,
一,02/08/1999,
五,02/05/1999,
四,02/04/1999,
三,02/03/1999,
二,02/02/1999,
一,02/01/1999,
五,01/29/1999,
四,01/28/1999,
三,01/27/1999,
二,01/26/1999,
一,01/25/1999,
五,01/22/1999,
四,01/21/1999,
三,01/20/1999,
二,01/19/1999,
五,01/15/1999,
四,01/14/1999,
三,01/13/1999,
二,01/12/1999,
一,01/11/1999,
五,01/08/1999,
四,01/07/1999,
三,01/06/1999,
二,01/05/1999,
一,01/04/1999,
四,12/31/1998,
三,12/30/1998,
二,12/29/1998,
一,12/28/1998,
四,12/24/1998,
三,12/23/1998,
二,12/22/1998,
一,12/21/1998,
五,12/18/1998,
四,12/17/1998,
三,12/16/1998,
二,12/15/1998,
一,12/14/1998,
五,12/11/1998,
四,12/10/1998,
三,12/09/1998,
二,12/08/1998,
一,12/07/1998,
五,12/04/1998,
四,12/03/1998,
三,12/02/1998,
二,12/01/1998,
一,11/30/1998,
五,11/27/1998,
三,11/25/1998,
二,11/24/1998,
一,11/23/1998,
五,11/20/1998,
四,11/19/1998,
三,11/18/1998,
二,11/17/1998,
一,11/16/1998,
五,11/13/1998,
四,11/12/1998,
三,11/11/1998,
二,11/10/1998,
一,11/09/1998,
五,11/06/1998,
四,11/05/1998,
三,11/04/1998,
二,11/03/1998,
一,11/02/1998,
五,10/30/1998,
四,10/29/1998,
三,10/28/1998,
二,10/27/1998,
一,10/26/1998,
五,10/23/1998,
四,10/22/1998,
三,10/21/1998,
二,10/20/1998,
一,10/19/1998,
五,10/16/1998,
四,10/15/1998,
三,10/14/1998,
二,10/13/1998,
一,10/12/1998,
五,10/09/1998,
四,10/08/1998,
三,10/07/1998,
二,10/06/1998,
一,10/05/1998,
五,10/02/1998,
四,10/01/1998,
三,09/30/1998,
二,09/29/1998,
一,09/28/1998,
五,09/25/1998,
四,09/24/1998,
三,09/23/1998,
二,09/22/1998,
一,09/21/1998,
五,09/18/1998,
四,09/17/1998,
三,09/16/1998,
二,09/15/1998,
一,09/14/1998,
五,09/11/1998,
四,09/10/1998,
三,09/09/1998,
二,09/08/1998,
五,09/04/1998,
四,09/03/1998,
三,09/02/1998,
二,09/01/1998,
一,08/31/1998,
五,08/28/1998,
四,08/27/1998,
三,08/26/1998,
二,08/25/1998,
一,08/24/1998,
五,08/21/1998,
四,08/20/1998,
三,08/19/1998,
二,08/18/1998,
一,08/17/1998,
五,08/14/1998,
四,08/13/1998,
三,08/12/1998,
二,08/11/1998,
一,08/10/1998,
五,08/07/1998,
四,08/06/1998,
三,08/05/1998,
二,08/04/1998,
一,08/03/1998,
五,07/31/1998,
四,07/30/1998,
三,07/29/1998,
二,07/28/1998,
一,07/27/1998,
五,07/24/1998,
四,07/23/1998,
三,07/22/1998,
二,07/21/1998,
一,07/20/1998,
五,07/17/1998,
四,07/16/1998,
三,07/15/1998,
二,07/14/1998,
一,07/13/1998,
五,07/10/1998,
四,07/09/1998,
三,07/08/1998,
二,07/07/1998,
一,07/06/1998,
四,07/02/1998,
三,07/01/1998,
二,06/30/1998,
一,06/29/1998,
五,06/26/1998,
四,06/25/1998,
三,06/24/1998,
二,06/23/1998,
一,06/22/1998,
五,06/19/1998,
四,06/18/1998,
三,06/17/1998,
二,06/16/1998,
一,06/15/1998,
五,06/12/1998,
四,06/11/1998,
三,06/10/1998,
二,06/09/1998,
一,06/08/1998,
五,06/05/1998,
四,06/04/1998,
三,06/03/1998,
二,06/02/1998,
一,06/01/1998,
五,05/29/1998,
四,05/28/1998,
三,05/27/1998,
二,05/26/1998,
五,05/22/1998,
四,05/21/1998,
三,05/20/1998,
二,05/19/1998,
一,05/18/1998,
五,05/15/1998,
四,05/14/1998,
三,05/13/1998,
二,05/12/1998,
一,05/11/1998,
五,05/08/1998,
四,05/07/1998,
三,05/06/1998,
二,05/05/1998,
一,05/04/1998,
五,05/01/1998,
四,04/30/1998,
三,04/29/1998,
二,04/28/1998,
一,04/27/1998,
五,04/24/1998,
四,04/23/1998,
三,04/22/1998,
二,04/21/1998,
一,04/20/1998,
五,04/17/1998,
四,04/16/1998,
三,04/15/1998,
二,04/14/1998,
一,04/13/1998,
四,04/09/1998,
三,04/08/1998,
二,04/07/1998,
一,04/06/1998,
五,04/03/1998,
四,04/02/1998,
三,04/01/1998,
二,03/31/1998,
一,03/30/1998,
五,03/27/1998,
四,03/26/1998,
三,03/25/1998,
二,03/24/1998,
一,03/23/1998,
五,03/20/1998,
四,03/19/1998,
三,03/18/1998,
二,03/17/1998,
一,03/16/1998,
五,03/13/1998,
四,03/12/1998,
三,03/11/1998,
二,03/10/1998,
一,03/09/1998,
五,03/06/1998,
四,03/05/1998,
三,03/04/1998,
二,03/03/1998,
一,03/02/1998,
五,02/27/1998,
四,02/26/1998,
三,02/25/1998,
二,02/24/1998,
一,02/23/1998,
五,02/20/1998,
四,02/19/1998,
三,02/18/1998,
二,02/17/1998,
五,02/13/1998,
四,02/12/1998,
三,02/11/1998,
二,02/10/1998,
一,02/09/1998,
五,02/06/1998,
四,02/05/1998,
三,02/04/1998,
二,02/03/1998,
一,02/02/1998,
五,01/30/1998,
四,01/29/1998,
三,01/28/1998,
二,01/27/1998,
一,01/26/1998,
五,01/23/1998,
四,01/22/1998,
三,01/21/1998,
二,01/20/1998,
五,01/16/1998,
四,01/15/1998,
三,01/14/1998,
二,01/13/1998,
一,01/12/1998,
五,01/09/1998,
四,01/08/1998,
三,01/07/1998,
二,01/06/1998,
一,01/05/1998,
五,01/02/1998,
三,12/31/1997,
二,12/30/1997,
一,12/29/1997,
五,12/26/1997,
三,12/24/1997,
二,12/23/1997,
一,12/22/1997,
五,12/19/1997,
四,12/18/1997,
三,12/17/1997,
二,12/16/1997,
一,12/15/1997,
五,12/12/1997,
四,12/11/1997,
三,12/10/1997,
二,12/09/1997,
一,12/08/1997,
五,12/05/1997,
四,12/04/1997,
三,12/03/1997,
二,12/02/1997,
一,12/01/1997,
五,11/28/1997,
三,11/26/1997,
二,11/25/1997,
一,11/24/1997,
五,11/21/1997,
四,11/20/1997,
三,11/19/1997,
二,11/18/1997,
一,11/17/1997,
五,11/14/1997,
四,11/13/1997,
三,11/12/1997,
二,11/11/1997,
一,11/10/1997,
五,11/07/1997,
四,11/06/1997,
三,11/05/1997,
二,11/04/1997,
一,11/03/1997,
五,10/31/1997,
四,10/30/1997,
三,10/29/1997,
二,10/28/1997,
一,10/27/1997,
五,10/24/1997,
四,10/23/1997,
三,10/22/1997,
二,10/21/1997,
一,10/20/1997,
五,10/17/1997,
四,10/16/1997,
三,10/15/1997,
二,10/14/1997,
一,10/13/1997,
五,10/10/1997,
四,10/09/1997,
三,10/08/1997,
二,10/07/1997,
一,10/06/1997,
五,10/03/1997,
四,10/02/1997,
三,10/01/1997,
二,09/30/1997,
一,09/29/1997,
五,09/26/1997,
四,09/25/1997,
三,09/24/1997,
二,09/23/1997,
一,09/22/1997,
五,09/19/1997,
四,09/18/1997,
三,09/17/1997,
二,09/16/1997,
一,09/15/1997,
五,09/12/1997,
四,09/11/1997,
三,09/10/1997,
二,09/09/1997,
一,09/08/1997,
五,09/05/1997,
四,09/04/1997,
三,09/03/1997,
二,09/02/1997,
五,08/29/1997,
四,08/28/1997,
三,08/27/1997,
二,08/26/1997,
一,08/25/1997,
五,08/22/1997,
四,08/21/1997,
三,08/20/1997,
二,08/19/1997,
一,08/18/1997,
五,08/15/1997,
四,08/14/1997,
三,08/13/1997,
二,08/12/1997,
一,08/11/1997,
五,08/08/1997,
四,08/07/1997,
三,08/06/1997,
二,08/05/1997,
一,08/04/1997,
五,08/01/1997,
四,07/31/1997,
三,07/30/1997,
二,07/29/1997,
一,07/28/1997,
五,07/25/1997,
四,07/24/1997,
三,07/23/1997,
二,07/22/1997,
一,07/21/1997,
五,07/18/1997,
四,07/17/1997,
三,07/16/1997,
二,07/15/1997,
一,07/14/1997,
五,07/11/1997,
四,07/10/1997,
三,07/09/1997,
二,07/08/1997,
一,07/07/1997,
四,07/03/1997,
三,07/02/1997,
二,07/01/1997,
一,06/30/1997,
五,06/27/1997,
四,06/26/1997,
三,06/25/1997,
二,06/24/1997,
一,06/23/1997,
五,06/20/1997,
四,06/19/1997,
三,06/18/1997,
二,06/17/1997,
一,06/16/1997,
五,06/13/1997,
四,06/12/1997,
三,06/11/1997,
二,06/10/1997,
一,06/09/1997,
五,06/06/1997,
四,06/05/1997,
三,06/04/1997,
二,06/03/1997,
一,06/02/1997,
五,05/30/1997,
四,05/29/1997,
三,05/28/1997,
二,05/27/1997,
五,05/23/1997,
四,05/22/1997,
三,05/21/1997,
二,05/20/1997,
一,05/19/1997,
五,05/16/1997,
四,05/15/1997,
三,05/14/1997,
二,05/13/1997,
一,05/12/1997,
五,05/09/1997,
四,05/08/1997,
三,05/07/1997,
二,05/06/1997,
一,05/05/1997,
五,05/02/1997,
四,05/01/1997,
三,04/30/1997,
二,04/29/1997,
一,04/28/1997,
五,04/25/1997,
四,04/24/1997,
三,04/23/1997,
二,04/22/1997,
一,04/21/1997,
五,04/18/1997,
四,04/17/1997,
三,04/16/1997,
二,04/15/1997,
一,04/14/1997,
五,04/11/1997,
四,04/10/1997,
三,04/09/1997,
二,04/08/1997,
一,04/07/1997,
五,04/04/1997,
四,04/03/1997,
三,04/02/1997,
二,04/01/1997,
一,03/31/1997,
四,03/27/1997,
三,03/26/1997,
二,03/25/1997,
一,03/24/1997,
五,03/21/1997,
四,03/20/1997,
三,03/19/1997,
二,03/18/1997,
一,03/17/1997,
五,03/14/1997,
四,03/13/1997,
三,03/12/1997,
二,03/11/1997,
一,03/10/1997,
五,03/07/1997,
四,03/06/1997,
三,03/05/1997,
二,03/04/1997,
一,03/03/1997,
五,02/28/1997,
四,02/27/1997,
三,02/26/1997,
二,02/25/1997,
一,02/24/1997,
五,02/21/1997,
四,02/20/1997,
三,02/19/1997,
二,02/18/1997,
五,02/14/1997,
四,02/13/1997,
三,02/12/1997,
二,02/11/1997,
一,02/10/1997,
五,02/07/1997,
四,02/06/1997,
三,02/05/1997,
二,02/04/1997,
一,02/03/1997,
五,01/31/1997,
四,01/30/1997,
三,01/29/1997,
二,01/28/1997,
一,01/27/1997,
五,01/24/1997,
四,01/23/1997,
三,01/22/1997,
二,01/21/1997,
一,01/20/1997,
五,01/17/1997,
四,01/16/1997,
三,01/15/1997,
二,01/14/1997,
一,01/13/1997,
五,01/10/1997,
四,01/09/1997,
三,01/08/1997,
二,01/07/1997,
一,01/06/1997,
五,01/03/1997,
四,01/02/1997,
二,12/31/1996,
一,12/30/1996,
五,12/27/1996,
四,12/26/1996,
二,12/24/1996,
一,12/23/1996,
五,12/20/1996,
四,12/19/1996,
三,12/18/1996,
二,12/17/1996,
一,12/16/1996,
五,12/13/1996,
四,12/12/1996,
三,12/11/1996,
二,12/10/1996,
一,12/09/1996,
五,12/06/1996,
四,12/05/1996,
三,12/04/1996,
二,12/03/1996,
一,12/02/1996,
五,11/29/1996,
三,11/27/1996,
二,11/26/1996,
一,11/25/1996,
五,11/22/1996,
四,11/21/1996,
三,11/20/1996,
二,11/19/1996,
一,11/18/1996,
五,11/15/1996,
四,11/14/1996,
三,11/13/1996,
二,11/12/1996,
一,11/11/1996,
五,11/08/1996,
四,11/07/1996,
三,11/06/1996,
二,11/05/1996,
一,11/04/1996,
五,11/01/1996,
四,10/31/1996,
三,10/30/1996,
二,10/29/1996,
一,10/28/1996,
五,10/25/1996,
四,10/24/1996,
三,10/23/1996,
二,10/22/1996,
一,10/21/1996,
五,10/18/1996,
四,10/17/1996,
三,10/16/1996,
二,10/15/1996,
一,10/14/1996,
五,10/11/1996,
四,10/10/1996,
三,10/09/1996,
二,10/08/1996,
一,10/07/1996,
五,10/04/1996,
四,10/03/1996,
三,10/02/1996,
二,10/01/1996,
一,09/30/1996,
五,09/27/1996,
四,09/26/1996,
三,09/25/1996,
二,09/24/1996,
一,09/23/1996,
五,09/20/1996,
四,09/19/1996,
三,09/18/1996,
二,09/17/1996,
一,09/16/1996,
五,09/13/1996,
四,09/12/1996,
三,09/11/1996,
二,09/10/1996,
一,09/09/1996,
五,09/06/1996,
四,09/05/1996,
三,09/04/1996,
二,09/03/1996,
五,08/30/1996,
四,08/29/1996,
三,08/28/1996,
二,08/27/1996,
一,08/26/1996,
五,08/23/1996,
四,08/22/1996,
三,08/21/1996,
二,08/20/1996,
一,08/19/1996,
五,08/16/1996,
四,08/15/1996,
三,08/14/1996,
二,08/13/1996,
一,08/12/1996,
五,08/09/1996,
四,08/08/1996,
三,08/07/1996,
二,08/06/1996,
一,08/05/1996,
五,08/02/1996,
四,08/01/1996,
三,07/31/1996,
二,07/30/1996,
一,07/29/1996,
五,07/26/1996,
四,07/25/1996,
三,07/24/1996,
二,07/23/1996,
一,07/22/1996,
五,07/19/1996,
四,07/18/1996,
三,07/17/1996,
二,07/16/1996,
一,07/15/1996,
五,07/12/1996,
四,07/11/1996,
三,07/10/1996,
二,07/09/1996,
一,07/08/1996,
五,07/05/1996,
三,07/03/1996,
二,07/02/1996,
一,07/01/1996,
五,06/28/1996,
四,06/27/1996,
三,06/26/1996,
二,06/25/1996,
一,06/24/1996,
五,06/21/1996,
四,06/20/1996,
三,06/19/1996,
二,06/18/1996,
一,06/17/1996,
五,06/14/1996,
四,06/13/1996,
三,06/12/1996,
二,06/11/1996,
一,06/10/1996,
五,06/07/1996,
四,06/06/1996,
三,06/05/1996,
二,06/04/1996,
一,06/03/1996,
五,05/31/1996,
四,05/30/1996,
三,05/29/1996,
二,05/28/1996,
五,05/24/1996,
四,05/23/1996,
三,05/22/1996,
二,05/21/1996,
一,05/20/1996,
五,05/17/1996,
四,05/16/1996,
三,05/15/1996,
二,05/14/1996,
一,05/13/1996,
五,05/10/1996,
四,05/09/1996,
三,05/08/1996,
二,05/07/1996,
一,05/06/1996,
五,05/03/1996,
四,05/02/1996,
三,05/01/1996,
二,04/30/1996,
一,04/29/1996,
