四,04/26/2018,8.54
三,04/25/2018,8.61
二,04/24/2018,8.59
一,04/23/2018,8.54
五,04/20/2018,8.44
四,04/19/2018,8.41
三,04/18/2018,8.33
二,04/17/2018,8.38
一,04/16/2018,8.47
五,04/13/2018,8.49
四,04/12/2018,8.47
三,04/11/2018,8.45
二,04/10/2018,8.43
一,04/09/2018,8.36
五,04/06/2018,8.28
四,04/05/2018,8.4
三,04/04/2018,8.3
二,04/03/2018,8.42
一,04/02/2018,8.28
四,03/29/2018,8.5
三,03/28/2018,8.47
二,03/27/2018,8.53
一,03/26/2018,8.56
五,03/23/2018,8.35
四,03/22/2018,8.37
三,03/21/2018,8.54
二,03/20/2018,8.62
一,03/19/2018,8.52
五,03/16/2018,8.64
四,03/15/2018,8.69
三,03/14/2018,8.65
二,03/13/2018,8.62
一,03/12/2018,8.75
五,03/09/2018,8.66
四,03/08/2018,8.61
三,03/07/2018,8.65
二,03/06/2018,8.72
一,03/05/2018,8.74
五,03/02/2018,8.69
四,03/01/2018,8.47
三,02/28/2018,8.71
二,02/27/2018,8.87
一,02/26/2018,8.97
五,02/23/2018,8.92
四,02/22/2018,8.79
三,02/21/2018,8.78
二,02/20/2018,8.93
五,02/16/2018,9.12
四,02/15/2018,8.97
三,02/14/2018,8.92
二,02/13/2018,8.75
一,02/12/2018,8.9
五,02/09/2018,8.75
四,02/08/2018,8.67
三,02/07/2018,8.92
二,02/06/2018,8.99
一,02/05/2018,8.69
五,02/02/2018,9.08
四,02/01/2018,9.31
三,01/31/2018,9.08
二,01/30/2018,9.15
一,01/29/2018,9.3
五,01/26/2018,9.31
四,01/25/2018,9.49
三,01/24/2018,9.52
二,01/23/2018,9.6
一,01/22/2018,9.6
五,01/19/2018,9.6
四,01/18/2018,9.45
三,01/17/2018,9.58
二,01/16/2018,9.59
五,01/12/2018,9.52
四,01/11/2018,9.48
三,01/10/2018,9.32
二,01/09/2018,9.13
一,01/08/2018,9.13
五,01/05/2018,9.11
四,01/04/2018,9.07
三,01/03/2018,8.83
二,01/02/2018,8.77
五,12/29/2017,8.69
四,12/28/2017,8.68
三,12/27/2017,8.69
二,12/26/2017,8.7
五,12/22/2017,8.82
四,12/21/2017,8.74
三,12/20/2017,8.77
二,12/19/2017,8.69
一,12/18/2017,8.75
五,12/15/2017,8.63
四,12/14/2017,8.6
三,12/13/2017,8.68
二,12/12/2017,8.59
一,12/11/2017,8.36
五,12/08/2017,8.23
四,12/07/2017,8.2
三,12/06/2017,8.16
二,12/05/2017,8.16
一,12/04/2017,8.12
五,12/01/2017,8.15
四,11/30/2017,8.2
三,11/29/2017,8.22
二,11/28/2017,8.1
一,11/27/2017,8.05
五,11/24/2017,8.04
三,11/22/2017,7.98
二,11/21/2017,7.89
一,11/20/2017,7.82
五,11/17/2017,7.87
四,11/16/2017,7.81
三,11/15/2017,7.79
二,11/14/2017,7.79
一,11/13/2017,7.85
五,11/10/2017,7.83
四,11/09/2017,7.91
三,11/08/2017,8.0
二,11/07/2017,7.94
一,11/06/2017,7.97
五,11/03/2017,8.09
四,11/02/2017,8.11
三,11/01/2017,8.07
二,10/31/2017,8.06
一,10/30/2017,8.14
五,10/27/2017,8.13
四,10/26/2017,8.03
三,10/25/2017,7.96
二,10/24/2017,7.92
一,10/23/2017,7.81
五,10/20/2017,7.87
四,10/19/2017,7.87
三,10/18/2017,7.87
二,10/17/2017,7.82
一,10/16/2017,7.94
五,10/13/2017,7.82
四,10/12/2017,7.72
三,10/11/2017,7.77
二,10/10/2017,7.77
一,10/09/2017,7.75
五,10/06/2017,7.73
四,10/05/2017,7.72
三,10/04/2017,7.68
二,10/03/2017,7.71
一,10/02/2017,7.7
五,09/29/2017,7.71
四,09/28/2017,7.69
三,09/27/2017,7.83
二,09/26/2017,7.77
一,09/25/2017,7.7
五,09/22/2017,7.79
四,09/21/2017,7.75
三,09/20/2017,7.74
二,09/19/2017,7.73
一,09/18/2017,7.62
五,09/15/2017,7.57
四,09/14/2017,7.53
三,09/13/2017,7.67
二,09/12/2017,7.55
一,09/11/2017,7.48
五,09/08/2017,7.44
四,09/07/2017,7.35
三,09/06/2017,7.44
二,09/05/2017,7.4
五,09/01/2017,7.51
四,08/31/2017,7.48
三,08/30/2017,7.38
二,08/29/2017,7.42
一,08/28/2017,7.39
五,08/25/2017,7.46
四,08/24/2017,7.42
三,08/23/2017,7.44
二,08/22/2017,7.47
一,08/21/2017,7.49
五,08/18/2017,7.55
四,08/17/2017,7.48
三,08/16/2017,7.56
二,08/15/2017,7.58
一,08/14/2017,7.57
五,08/11/2017,7.49
四,08/10/2017,7.47
三,08/09/2017,7.67
二,08/08/2017,7.73
一,08/07/2017,7.8
五,08/04/2017,7.79
四,08/03/2017,7.79
三,08/02/2017,7.83
二,08/01/2017,7.89
一,07/31/2017,7.96
五,07/28/2017,7.59
四,07/27/2017,7.59
三,07/26/2017,7.59
二,07/25/2017,7.62
一,07/24/2017,7.6
五,07/21/2017,7.56
四,07/20/2017,7.61
三,07/19/2017,7.66
二,07/18/2017,7.62
一,07/17/2017,7.59
五,07/14/2017,7.6
四,07/13/2017,7.65
三,07/12/2017,7.68
二,07/11/2017,7.69
一,07/10/2017,7.7
五,07/07/2017,7.76
四,07/06/2017,7.86
三,07/05/2017,7.91
一,07/03/2017,7.9
五,06/30/2017,7.86
四,06/29/2017,7.82
三,06/28/2017,7.86
二,06/27/2017,7.65
一,06/26/2017,7.62
五,06/23/2017,7.71
四,06/22/2017,7.73
三,06/21/2017,7.6
二,06/20/2017,7.69
一,06/19/2017,7.69
五,06/16/2017,7.69
四,06/15/2017,7.65
三,06/14/2017,7.78
二,06/13/2017,7.88
一,06/12/2017,7.79
五,06/09/2017,7.82
四,06/08/2017,7.82
三,06/07/2017,7.7
二,06/06/2017,7.54
一,06/05/2017,7.42
五,06/02/2017,7.58
四,06/01/2017,7.3
三,05/31/2017,7.16
二,05/30/2017,7.28
五,05/26/2017,7.28
四,05/25/2017,7.29
三,05/24/2017,7.3
二,05/23/2017,7.3
一,05/22/2017,7.3
五,05/19/2017,7.35
四,05/18/2017,7.18
三,05/17/2017,7.19
二,05/16/2017,7.36
一,05/15/2017,7.32
五,05/12/2017,7.4
四,05/11/2017,7.47
三,05/10/2017,7.44
二,05/09/2017,7.46
一,05/08/2017,7.53
五,05/05/2017,7.52
四,05/04/2017,7.51
三,05/03/2017,7.52
二,05/02/2017,7.48
一,05/01/2017,7.41
五,04/28/2017,7.43
四,04/27/2017,7.56
三,04/26/2017,7.51
二,04/25/2017,7.46
一,04/24/2017,7.43
五,04/21/2017,7.29
四,04/20/2017,7.29
三,04/19/2017,7.13
二,04/18/2017,6.99
一,04/17/2017,7.05
四,04/13/2017,6.95
三,04/12/2017,7.0
二,04/11/2017,7.03
一,04/10/2017,7.07
五,04/07/2017,7.05
四,04/06/2017,7.08
三,04/05/2017,7.06
二,04/04/2017,7.21
一,04/03/2017,7.23
五,03/31/2017,7.25
四,03/30/2017,7.42
三,03/29/2017,7.38
二,03/28/2017,7.54
一,03/27/2017,7.49
五,03/24/2017,7.52
四,03/23/2017,7.4
三,03/22/2017,7.42
二,03/21/2017,7.41
一,03/20/2017,7.56
五,03/17/2017,7.59
四,03/16/2017,7.6
三,03/15/2017,7.59
二,03/14/2017,7.55
一,03/13/2017,7.56
五,03/10/2017,7.6
四,03/09/2017,7.54
三,03/08/2017,7.56
二,03/07/2017,7.58
一,03/06/2017,7.63
五,03/03/2017,7.59
四,03/02/2017,7.82
三,03/01/2017,7.97
二,02/28/2017,7.8
一,02/27/2017,7.83
五,02/24/2017,7.87
四,02/23/2017,7.92
三,02/22/2017,8.01
二,02/21/2017,8.09
五,02/17/2017,7.98
四,02/16/2017,8.04
三,02/15/2017,8.02
二,02/14/2017,8.03
一,02/13/2017,8.08
五,02/10/2017,7.93
四,02/09/2017,7.96
三,02/08/2017,7.97
二,02/07/2017,7.97
一,02/06/2017,7.93
五,02/03/2017,7.97
四,02/02/2017,7.75
三,02/01/2017,7.72
二,01/31/2017,7.82
一,01/30/2017,7.79
五,01/27/2017,7.89
四,01/26/2017,8.01
三,01/25/2017,7.85
二,01/24/2017,7.79
一,01/23/2017,7.9
五,01/20/2017,7.84
四,01/19/2017,7.78
三,01/18/2017,7.81
二,01/17/2017,7.8
五,01/13/2017,7.96
四,01/12/2017,7.89
三,01/11/2017,7.95
二,01/10/2017,7.83
一,01/09/2017,7.85
五,01/06/2017,7.88
四,01/05/2017,7.89
三,01/04/2017,7.83
二,01/03/2017,7.72
五,12/30/2016,7.64
四,12/29/2016,7.62
三,12/28/2016,7.75
二,12/27/2016,7.87
五,12/23/2016,7.86
四,12/22/2016,7.85
三,12/21/2016,7.87
二,12/20/2016,7.95
一,12/19/2016,8.01
五,12/16/2016,7.95
四,12/15/2016,8.08
三,12/14/2016,8.08
二,12/13/2016,8.05
一,12/12/2016,8.03
五,12/09/2016,8.28
四,12/08/2016,8.25
三,12/07/2016,8.11
二,12/06/2016,8.0
一,12/05/2016,7.85
五,12/02/2016,7.77
四,12/01/2016,7.63
三,11/30/2016,7.53
二,11/29/2016,7.56
一,11/28/2016,7.48
五,11/25/2016,7.38
三,11/23/2016,7.7
二,11/22/2016,7.59
一,11/21/2016,7.54
五,11/18/2016,7.37
四,11/17/2016,7.57
三,11/16/2016,7.48
二,11/15/2016,7.37
一,11/14/2016,7.29
五,11/11/2016,7.12
四,11/10/2016,6.93
三,11/09/2016,6.79
二,11/08/2016,6.85
一,11/07/2016,6.78
五,11/04/2016,6.72
四,11/03/2016,6.74
三,11/02/2016,6.72
二,11/01/2016,6.85
一,10/31/2016,6.88
五,10/28/2016,6.82
四,10/27/2016,6.78
三,10/26/2016,6.76
二,10/25/2016,6.7
一,10/24/2016,6.68
五,10/21/2016,6.69
四,10/20/2016,6.65
三,10/19/2016,6.58
二,10/18/2016,6.52
一,10/17/2016,6.45
五,10/14/2016,6.47
四,10/13/2016,6.42
三,10/12/2016,6.49
二,10/11/2016,6.55
一,10/10/2016,6.7
五,10/07/2016,6.69
四,10/06/2016,6.73
三,10/05/2016,6.75
二,10/04/2016,6.69
一,10/03/2016,6.65
五,09/30/2016,6.75
四,09/29/2016,6.64
三,09/28/2016,6.78
二,09/27/2016,6.86
一,09/26/2016,7.01
五,09/23/2016,7.1
四,09/22/2016,7.31
三,09/21/2016,7.18
二,09/20/2016,6.69
一,09/19/2016,6.61
五,09/16/2016,6.6
四,09/15/2016,6.57
三,09/14/2016,6.56
二,09/13/2016,6.62
一,09/12/2016,6.92
五,09/09/2016,6.91
四,09/08/2016,7.01
三,09/07/2016,7.06
二,09/06/2016,7.15
五,09/02/2016,7.17
四,09/01/2016,7.09
三,08/31/2016,6.95
二,08/30/2016,6.75
一,08/29/2016,6.71
五,08/26/2016,6.69
四,08/25/2016,6.72
三,08/24/2016,6.71
二,08/23/2016,6.72
一,08/22/2016,6.78
五,08/19/2016,6.77
四,08/18/2016,6.76
三,08/17/2016,6.79
二,08/16/2016,6.62
一,08/15/2016,6.62
五,08/12/2016,6.6
四,08/11/2016,6.67
三,08/10/2016,6.6
二,08/09/2016,6.62
一,08/08/2016,6.58
五,08/05/2016,6.37
四,08/04/2016,6.32
三,08/03/2016,6.2
二,08/02/2016,6.32
一,08/01/2016,6.55
五,07/29/2016,6.36
四,07/28/2016,5.89
三,07/27/2016,5.96
二,07/26/2016,6.01
一,07/25/2016,5.97
五,07/22/2016,6.03
四,07/21/2016,6.0
三,07/20/2016,6.05
二,07/19/2016,6.07
一,07/18/2016,6.19
五,07/15/2016,6.14
四,07/14/2016,5.99
三,07/13/2016,6.02
二,07/12/2016,5.94
一,07/11/2016,5.71
五,07/08/2016,5.58
四,07/07/2016,5.55
三,07/06/2016,5.54
二,07/05/2016,5.51
五,07/01/2016,5.69
四,06/30/2016,5.72
三,06/29/2016,5.72
二,06/28/2016,5.67
一,06/27/2016,5.58
五,06/24/2016,5.86
四,06/23/2016,6.22
三,06/22/2016,6.02
二,06/21/2016,6.15
一,06/20/2016,6.02
五,06/17/2016,5.86
四,06/16/2016,5.87
三,06/15/2016,5.8
二,06/14/2016,5.7
一,06/13/2016,5.82
五,06/10/2016,5.94
四,06/09/2016,6.1
三,06/08/2016,6.29
二,06/07/2016,6.25
一,06/06/2016,6.27
五,06/03/2016,6.19
四,06/02/2016,6.22
三,06/01/2016,6.35
二,05/31/2016,6.4
五,05/27/2016,6.34
四,05/26/2016,6.3
三,05/25/2016,6.29
二,05/24/2016,6.29
一,05/23/2016,6.21
五,05/20/2016,6.15
四,05/19/2016,6.2
三,05/18/2016,6.25
二,05/17/2016,6.05
一,05/16/2016,6.02
五,05/13/2016,5.89
四,05/12/2016,6.08
三,05/11/2016,6.04
二,05/10/2016,6.19
一,05/09/2016,6.01
五,05/06/2016,6.04
四,05/05/2016,5.97
三,05/04/2016,5.95
二,05/03/2016,6.0
一,05/02/2016,6.09
五,04/29/2016,6.09
四,04/28/2016,6.17
三,04/27/2016,6.6
二,04/26/2016,6.65
一,04/25/2016,6.74
五,04/22/2016,6.86
四,04/21/2016,6.53
三,04/20/2016,6.7
二,04/19/2016,6.6
一,04/18/2016,6.37
五,04/15/2016,6.3
四,04/14/2016,6.4
三,04/13/2016,6.37
二,04/12/2016,6.14
一,04/11/2016,5.75
五,04/08/2016,5.8
四,04/07/2016,5.6
三,04/06/2016,5.73
二,04/05/2016,5.6
一,04/04/2016,5.81
五,04/01/2016,5.85
四,03/31/2016,6.01
三,03/30/2016,5.96
二,03/29/2016,6.07
一,03/28/2016,6.11
四,03/24/2016,6.06
三,03/23/2016,6.25
二,03/22/2016,6.34
一,03/21/2016,6.46
五,03/18/2016,6.43
四,03/17/2016,6.38
三,03/16/2016,6.29
二,03/15/2016,6.42
一,03/14/2016,6.48
五,03/11/2016,6.44
四,03/10/2016,6.1
三,03/09/2016,6.14
二,03/08/2016,6.14
一,03/07/2016,6.36
五,03/04/2016,6.32
四,03/03/2016,6.31
三,03/02/2016,5.82
二,03/01/2016,5.7
一,02/29/2016,5.55
五,02/26/2016,5.61
四,02/25/2016,5.59
三,02/24/2016,5.42
二,02/23/2016,5.33
一,02/22/2016,5.35
五,02/19/2016,5.38
四,02/18/2016,5.49
三,02/17/2016,5.48
二,02/16/2016,5.47
五,02/12/2016,5.21
四,02/11/2016,5.06
三,02/10/2016,5.16
二,02/09/2016,5.26
一,02/08/2016,5.56
五,02/05/2016,5.71
四,02/04/2016,5.87
三,02/03/2016,5.89
二,02/02/2016,5.95
一,02/01/2016,6.08
五,01/29/2016,6.58
四,01/28/2016,6.78
三,01/27/2016,6.84
二,01/26/2016,6.78
一,01/25/2016,6.62
五,01/22/2016,6.77
四,01/21/2016,6.62
三,01/20/2016,6.68
二,01/19/2016,6.88
五,01/15/2016,6.98
四,01/14/2016,7.25
三,01/13/2016,7.1
二,01/12/2016,7.16
一,01/11/2016,7.26
五,01/08/2016,7.13
四,01/07/2016,7.3
三,01/06/2016,7.45
二,01/05/2016,7.65
一,01/04/2016,7.56
四,12/31/2015,7.59
三,12/30/2015,7.65
二,12/29/2015,7.69
一,12/28/2015,7.62
四,12/24/2015,7.65
三,12/23/2015,7.65
二,12/22/2015,7.51
一,12/21/2015,7.46
五,12/18/2015,7.42
四,12/17/2015,7.62
三,12/16/2015,7.71
二,12/15/2015,7.49
一,12/14/2015,7.52
五,12/11/2015,7.46
四,12/10/2015,7.66
三,12/09/2015,7.56
二,12/08/2015,7.55
一,12/07/2015,7.69
五,12/04/2015,7.74
四,12/03/2015,7.64
三,12/02/2015,7.7
二,12/01/2015,7.82
一,11/30/2015,7.65
五,11/27/2015,7.77
三,11/25/2015,7.84
二,11/24/2015,7.96
一,11/23/2015,8.02
五,11/20/2015,8.02
四,11/19/2015,8.07
三,11/18/2015,8.04
二,11/17/2015,8.07
一,11/16/2015,8.17
五,11/13/2015,8.08
四,11/12/2015,8.16
三,11/11/2015,8.43
二,11/10/2015,8.37
一,11/09/2015,8.26
五,11/06/2015,8.14
四,11/05/2015,8.11
三,11/04/2015,7.97
二,11/03/2015,7.96
一,11/02/2015,7.95
五,10/30/2015,7.98
四,10/29/2015,8.03
三,10/28/2015,8.19
二,10/27/2015,8.07
一,10/26/2015,8.13
五,10/23/2015,8.13
四,10/22/2015,8.01
三,10/21/2015,7.9
二,10/20/2015,7.9
一,10/19/2015,7.81
五,10/16/2015,7.9
四,10/15/2015,7.83
三,10/14/2015,7.67
二,10/13/2015,7.9
一,10/12/2015,8.07
五,10/09/2015,8.05
四,10/08/2015,8.13
三,10/07/2015,8.02
二,10/06/2015,7.96
一,10/05/2015,8.02
五,10/02/2015,7.86
四,10/01/2015,7.78
三,09/30/2015,7.63
二,09/29/2015,7.52
一,09/28/2015,7.55
五,09/25/2015,7.69
四,09/24/2015,7.55
三,09/23/2015,7.6
二,09/22/2015,7.66
一,09/21/2015,7.75
五,09/18/2015,7.71
四,09/17/2015,8.04
三,09/16/2015,8.07
二,09/15/2015,7.96
一,09/14/2015,7.86
五,09/11/2015,7.91
四,09/10/2015,7.86
三,09/09/2015,7.83
二,09/08/2015,7.86
五,09/04/2015,7.67
四,09/03/2015,7.99
三,09/02/2015,8.02
二,09/01/2015,7.84
一,08/31/2015,8.2
五,08/28/2015,8.33
四,08/27/2015,8.24
三,08/26/2015,8.0
二,08/25/2015,7.72
一,08/24/2015,7.62
五,08/21/2015,7.94
四,08/20/2015,8.42
三,08/19/2015,8.72
二,08/18/2015,8.77
一,08/17/2015,8.78
五,08/14/2015,8.8
四,08/13/2015,8.76
三,08/12/2015,8.88
二,08/11/2015,9.03
一,08/10/2015,9.21
五,08/07/2015,9.08
四,08/06/2015,8.95
三,08/05/2015,8.96
二,08/04/2015,8.94
一,08/03/2015,8.85
五,07/31/2015,9.26
四,07/30/2015,8.84
三,07/29/2015,8.78
二,07/28/2015,8.68
一,07/27/2015,8.68
五,07/24/2015,8.68
四,07/23/2015,8.86
三,07/22/2015,8.85
二,07/21/2015,8.96
一,07/20/2015,8.98
五,07/17/2015,8.98
四,07/16/2015,8.9
三,07/15/2015,8.84
二,07/14/2015,8.9
一,07/13/2015,8.82
五,07/10/2015,8.71
四,07/09/2015,8.48
三,07/08/2015,8.43
二,07/07/2015,8.86
一,07/06/2015,8.87
四,07/02/2015,8.84
三,07/01/2015,8.87
二,06/30/2015,8.89
一,06/29/2015,8.75
五,06/26/2015,9.0
四,06/25/2015,8.9
三,06/24/2015,8.81
二,06/23/2015,8.87
一,06/22/2015,8.77
五,06/19/2015,8.44
四,06/18/2015,8.53
三,06/17/2015,8.49
二,06/16/2015,8.57
一,06/15/2015,8.98
五,06/12/2015,8.96
四,06/11/2015,8.99
三,06/10/2015,9.05
二,06/09/2015,8.89
一,06/08/2015,8.95
五,06/05/2015,9.01
四,06/04/2015,9.12
三,06/03/2015,9.06
二,06/02/2015,9.03
一,06/01/2015,9.19
五,05/29/2015,9.08
四,05/28/2015,9.15
三,05/27/2015,8.99
二,05/26/2015,8.83
五,05/22/2015,8.95
四,05/21/2015,8.99
三,05/20/2015,8.87
二,05/19/2015,8.84
一,05/18/2015,8.85
五,05/15/2015,8.66
四,05/14/2015,8.65
三,05/13/2015,8.76
二,05/12/2015,8.97
一,05/11/2015,8.99
五,05/08/2015,9.09
四,05/07/2015,8.63
三,05/06/2015,8.65
二,05/05/2015,8.75
一,05/04/2015,8.86
五,05/01/2015,8.76
四,04/30/2015,8.79
三,04/29/2015,8.87
二,04/28/2015,8.95
一,04/27/2015,8.87
五,04/24/2015,8.8
四,04/23/2015,8.76
三,04/22/2015,8.79
二,04/21/2015,8.5
一,04/20/2015,8.33
五,04/17/2015,8.34
四,04/16/2015,8.26
三,04/15/2015,8.01
二,04/14/2015,8.01
一,04/13/2015,7.93
五,04/10/2015,7.92
四,04/09/2015,7.88
三,04/08/2015,7.94
二,04/07/2015,7.89
一,04/06/2015,7.88
四,04/02/2015,7.93
三,04/01/2015,7.79
二,03/31/2015,7.74
一,03/30/2015,7.91
五,03/27/2015,7.93
四,03/26/2015,7.87
三,03/25/2015,8.1
二,03/24/2015,8.14
一,03/23/2015,8.2
五,03/20/2015,8.22
四,03/19/2015,8.04
三,03/18/2015,8.2
二,03/17/2015,8.06
一,03/16/2015,8.11
五,03/13/2015,7.95
四,03/12/2015,7.96
三,03/11/2015,7.77
二,03/10/2015,7.74
一,03/09/2015,7.98
五,03/06/2015,7.98
四,03/05/2015,7.93
三,03/04/2015,7.84
二,03/03/2015,7.94
一,03/02/2015,8.01
五,02/27/2015,8.04
四,02/26/2015,8.02
三,02/25/2015,7.85
二,02/24/2015,7.85
一,02/23/2015,7.8
五,02/20/2015,7.95
四,02/19/2015,7.94
三,02/18/2015,7.74
二,02/17/2015,7.55
五,02/13/2015,7.4
四,02/12/2015,7.21
三,02/11/2015,7.13
二,02/10/2015,7.09
一,02/09/2015,7.05
五,02/06/2015,7.08
四,02/05/2015,7.04
三,02/04/2015,6.95
二,02/03/2015,6.82
一,02/02/2015,6.83
五,01/30/2015,6.74
四,01/29/2015,6.86
三,01/28/2015,6.84
二,01/27/2015,7.1
一,01/26/2015,6.98
五,01/23/2015,6.97
四,01/22/2015,7.02
三,01/21/2015,6.95
二,01/20/2015,6.93
五,01/16/2015,6.99
四,01/15/2015,6.84
三,01/14/2015,6.85
二,01/13/2015,6.86
一,01/12/2015,6.85
五,01/09/2015,6.88
四,01/08/2015,7.03
三,01/07/2015,7.0
二,01/06/2015,7.06
一,01/05/2015,7.1
五,01/02/2015,7.31
三,12/31/2014,7.28
二,12/30/2014,7.28
一,12/29/2014,7.3
五,12/26/2014,7.41
三,12/24/2014,7.29
二,12/23/2014,7.26
一,12/22/2014,7.27
五,12/19/2014,7.35
四,12/18/2014,7.11
三,12/17/2014,7.04
二,12/16/2014,6.96
一,12/15/2014,7.01
五,12/12/2014,7.18
四,12/11/2014,7.26
三,12/10/2014,7.28
二,12/09/2014,7.4
一,12/08/2014,7.38
五,12/05/2014,7.49
四,12/04/2014,7.39
三,12/03/2014,7.43
二,12/02/2014,7.47
一,12/01/2014,7.52
五,11/28/2014,7.56
三,11/26/2014,7.58
二,11/25/2014,7.66
一,11/24/2014,7.7
五,11/21/2014,7.72
四,11/20/2014,7.62
三,11/19/2014,7.68
二,11/18/2014,7.67
一,11/17/2014,7.61
五,11/14/2014,7.77
四,11/13/2014,7.92
三,11/12/2014,7.85
二,11/11/2014,7.88
一,11/10/2014,7.9
五,11/07/2014,7.74
四,11/06/2014,7.81
三,11/05/2014,8.05
二,11/04/2014,8.1
一,11/03/2014,8.32
五,10/31/2014,8.37
四,10/30/2014,7.63
三,10/29/2014,7.62
二,10/28/2014,7.56
一,10/27/2014,7.48
五,10/24/2014,7.54
四,10/23/2014,7.46
三,10/22/2014,7.43
二,10/21/2014,7.5
一,10/20/2014,7.5
五,10/17/2014,7.35
四,10/16/2014,7.4
三,10/15/2014,7.44
二,10/14/2014,7.5
一,10/13/2014,7.48
五,10/10/2014,7.53
四,10/09/2014,7.83
三,10/08/2014,8.05
二,10/07/2014,8.02
一,10/06/2014,8.1
五,10/03/2014,8.14
四,10/02/2014,8.04
三,10/01/2014,8.19
二,09/30/2014,8.2
一,09/29/2014,8.22
五,09/26/2014,8.23
四,09/25/2014,8.2
三,09/24/2014,8.39
二,09/23/2014,8.3
一,09/22/2014,8.34
五,09/19/2014,8.25
四,09/18/2014,8.2
三,09/17/2014,8.1
二,09/16/2014,8.21
一,09/15/2014,8.28
五,09/12/2014,8.29
四,09/11/2014,8.3
三,09/10/2014,8.23
二,09/09/2014,8.11
一,09/08/2014,8.29
五,09/05/2014,8.25
四,09/04/2014,8.25
三,09/03/2014,8.27
二,09/02/2014,8.31
五,08/29/2014,8.15
四,08/28/2014,8.04
三,08/27/2014,7.98
二,08/26/2014,8.06
一,08/25/2014,8.1
五,08/22/2014,8.1
四,08/21/2014,8.17
三,08/20/2014,8.07
二,08/19/2014,8.09
一,08/18/2014,8.04
五,08/15/2014,8.12
四,08/14/2014,8.11
三,08/13/2014,8.1
二,08/12/2014,7.98
一,08/11/2014,8.0
五,08/08/2014,8.0
四,08/07/2014,7.98
三,08/06/2014,7.95
二,08/05/2014,8.05
一,08/04/2014,8.26
五,08/01/2014,8.26
四,07/31/2014,8.23
三,07/30/2014,8.35
二,07/29/2014,8.2
一,07/28/2014,8.23
五,07/25/2014,8.1
四,07/24/2014,8.09
三,07/23/2014,8.06
二,07/22/2014,8.06
一,07/21/2014,8.13
五,07/18/2014,8.17
四,07/17/2014,8.13
三,07/16/2014,8.26
二,07/15/2014,8.21
一,07/14/2014,8.25
五,07/11/2014,8.21
四,07/10/2014,8.2
三,07/09/2014,8.42
二,07/08/2014,8.43
一,07/07/2014,8.45
四,07/03/2014,8.54
三,07/02/2014,8.57
二,07/01/2014,8.6
一,06/30/2014,8.47
五,06/27/2014,8.5
四,06/26/2014,8.52
三,06/25/2014,8.56
二,06/24/2014,8.55
一,06/23/2014,8.62
五,06/20/2014,8.75
四,06/19/2014,8.73
三,06/18/2014,8.55
二,06/17/2014,8.46
一,06/16/2014,8.45
五,06/13/2014,8.55
四,06/12/2014,8.44
三,06/11/2014,8.37
二,06/10/2014,8.32
一,06/09/2014,8.34
五,06/06/2014,8.42
四,06/05/2014,8.38
三,06/04/2014,8.31
二,06/03/2014,8.34
一,06/02/2014,8.27
五,05/30/2014,8.17
四,05/29/2014,8.14
三,05/28/2014,8.05
二,05/27/2014,8.05
五,05/23/2014,7.9
四,05/22/2014,7.75
三,05/21/2014,7.65
二,05/20/2014,7.61
一,05/19/2014,7.84
五,05/16/2014,7.85
四,05/15/2014,7.95
三,05/14/2014,8.19
二,05/13/2014,8.33
一,05/12/2014,8.2
五,05/09/2014,8.12
四,05/08/2014,8.08
三,05/07/2014,8.05
二,05/06/2014,8.19
一,05/05/2014,8.21
五,05/02/2014,8.24
四,05/01/2014,8.19
三,04/30/2014,7.95
二,04/29/2014,7.95
一,04/28/2014,7.94
五,04/25/2014,7.85
四,04/24/2014,7.95
三,04/23/2014,8.02
二,04/22/2014,7.96
一,04/21/2014,8.08
四,04/17/2014,8.16
三,04/16/2014,8.2
二,04/15/2014,8.13
一,04/14/2014,8.15
五,04/11/2014,8.01
四,04/10/2014,8.01
三,04/09/2014,8.24
二,04/08/2014,8.23
一,04/07/2014,8.55
五,04/04/2014,8.7
四,04/03/2014,8.76
三,04/02/2014,8.83
二,04/01/2014,8.66
一,03/31/2014,8.65
五,03/28/2014,8.47
四,03/27/2014,8.16
三,03/26/2014,8.28
二,03/25/2014,8.31
一,03/24/2014,8.27
五,03/21/2014,8.4
四,03/20/2014,8.4
三,03/19/2014,8.6
二,03/18/2014,8.63
一,03/17/2014,8.68
五,03/14/2014,8.57
四,03/13/2014,8.6
三,03/12/2014,8.8
二,03/11/2014,8.9
一,03/10/2014,9.01
五,03/07/2014,9.12
四,03/06/2014,9.16
三,03/05/2014,8.95
二,03/04/2014,8.97
一,03/03/2014,8.84
五,02/28/2014,9.05
四,02/27/2014,9.12
三,02/26/2014,9.24
二,02/25/2014,9.35
一,02/24/2014,9.42
五,02/21/2014,9.43
四,02/20/2014,9.45
三,02/19/2014,9.46
二,02/18/2014,9.59
五,02/14/2014,9.23
四,02/13/2014,9.31
三,02/12/2014,9.41
二,02/11/2014,9.48
一,02/10/2014,9.33
五,02/07/2014,9.45
四,02/06/2014,9.29
三,02/05/2014,9.35
二,02/04/2014,9.08
一,02/03/2014,8.96
五,01/31/2014,9.32
四,01/30/2014,9.45
三,01/29/2014,9.71
二,01/28/2014,9.74
一,01/27/2014,9.68
五,01/24/2014,9.81
四,01/23/2014,10.06
三,01/22/2014,10.29
二,01/21/2014,10.16
五,01/17/2014,10.34
四,01/16/2014,10.27
三,01/15/2014,10.38
二,01/14/2014,10.27
一,01/13/2014,10.26
五,01/10/2014,10.35
四,01/09/2014,10.24
三,01/08/2014,10.35
二,01/07/2014,10.36
一,01/06/2014,10.38
五,01/03/2014,10.29
四,01/02/2014,10.29
二,12/31/2013,10.49
一,12/30/2013,10.44
五,12/27/2013,10.4
四,12/26/2013,10.35
二,12/24/2013,10.2
一,12/23/2013,10.31
五,12/20/2013,10.29
四,12/19/2013,10.2
三,12/18/2013,10.21
二,12/17/2013,9.82
一,12/16/2013,9.82
五,12/13/2013,9.8
四,12/12/2013,9.83
三,12/11/2013,9.68
二,12/10/2013,9.83
一,12/09/2013,9.86
五,12/06/2013,9.91
四,12/05/2013,9.77
三,12/04/2013,9.8
二,12/03/2013,9.86
一,12/02/2013,9.94
五,11/29/2013,10.01
三,11/27/2013,10.21
二,11/26/2013,10.21
一,11/25/2013,10.18
五,11/22/2013,10.36
四,11/21/2013,10.23
三,11/20/2013,10.15
二,11/19/2013,10.26
一,11/18/2013,10.4
五,11/15/2013,10.29
四,11/14/2013,10.06
三,11/13/2013,10.15
二,11/12/2013,9.9
一,11/11/2013,9.72
五,11/08/2013,9.64
四,11/07/2013,9.46
三,11/06/2013,9.67
二,11/05/2013,9.54
一,11/04/2013,9.65
五,11/01/2013,9.64
四,10/31/2013,9.7
三,10/30/2013,9.79
二,10/29/2013,9.75
一,10/28/2013,9.69
五,10/25/2013,9.67
四,10/24/2013,9.86
三,10/23/2013,9.8
二,10/22/2013,10.0
一,10/21/2013,10.01
五,10/18/2013,10.16
四,10/17/2013,10.08
三,10/16/2013,9.87
二,10/15/2013,9.87
一,10/14/2013,10.02
五,10/11/2013,10.01
四,10/10/2013,9.88
三,10/09/2013,9.92
二,10/08/2013,9.62
一,10/07/2013,9.58
五,10/04/2013,9.84
四,10/03/2013,9.56
三,10/02/2013,9.67
二,10/01/2013,9.71
一,09/30/2013,9.73
五,09/27/2013,9.91
四,09/26/2013,10.07
三,09/25/2013,9.97
二,09/24/2013,10.14
一,09/23/2013,9.98
五,09/20/2013,9.96
四,09/19/2013,9.99
三,09/18/2013,10.02
二,09/17/2013,9.65
一,09/16/2013,9.66
五,09/13/2013,9.51
四,09/12/2013,9.53
三,09/11/2013,9.6
二,09/10/2013,9.66
一,09/09/2013,9.61
五,09/06/2013,9.26
四,09/05/2013,9.31
三,09/04/2013,9.31
二,09/03/2013,9.13
五,08/30/2013,8.85
四,08/29/2013,9.02
三,08/28/2013,9.02
二,08/27/2013,8.98
一,08/26/2013,9.12
五,08/23/2013,9.25
四,08/22/2013,9.14
三,08/21/2013,9.02
二,08/20/2013,9.18
一,08/19/2013,9.14
五,08/16/2013,9.23
四,08/15/2013,9.21
三,08/14/2013,9.26
二,08/13/2013,9.35
一,08/12/2013,9.29
五,08/09/2013,9.36
四,08/08/2013,9.33
三,08/07/2013,9.35
二,08/06/2013,9.46
一,08/05/2013,9.61
五,08/02/2013,9.57
四,08/01/2013,9.58
三,07/31/2013,9.2
二,07/30/2013,9.1
一,07/29/2013,9.38
五,07/26/2013,9.22
四,07/25/2013,9.61
三,07/24/2013,9.74
二,07/23/2013,9.85
一,07/22/2013,9.87
五,07/19/2013,9.95
四,07/18/2013,9.92
三,07/17/2013,9.68
二,07/16/2013,9.66
一,07/15/2013,9.75
五,07/12/2013,9.65
四,07/11/2013,9.57
三,07/10/2013,9.4
二,07/09/2013,9.48
一,07/08/2013,9.42
五,07/05/2013,9.52
三,07/03/2013,9.4
二,07/02/2013,9.42
一,07/01/2013,9.4
五,06/28/2013,9.22
四,06/27/2013,9.17
三,06/26/2013,8.91
二,06/25/2013,8.84
一,06/24/2013,8.76
五,06/21/2013,8.87
四,06/20/2013,8.6
三,06/19/2013,8.71
二,06/18/2013,8.58
一,06/17/2013,8.58
五,06/14/2013,8.48
四,06/13/2013,8.74
三,06/12/2013,8.51
二,06/11/2013,8.63
一,06/10/2013,8.59
五,06/07/2013,8.56
四,06/06/2013,8.28
三,06/05/2013,8.12
二,06/04/2013,8.41
一,06/03/2013,7.85
五,05/31/2013,8.07
四,05/30/2013,8.22
三,05/29/2013,8.15
二,05/28/2013,8.22
五,05/24/2013,8.29
四,05/23/2013,8.66
三,05/22/2013,9.06
二,05/21/2013,9.08
一,05/20/2013,9.24
五,05/17/2013,9.37
四,05/16/2013,9.28
三,05/15/2013,9.83
二,05/14/2013,9.74
一,05/13/2013,9.86
五,05/10/2013,9.3
四,05/09/2013,9.35
三,05/08/2013,9.5
二,05/07/2013,9.57
一,05/06/2013,9.59
五,05/03/2013,9.62
四,05/02/2013,9.53
三,05/01/2013,9.33
二,04/30/2013,9.49
一,04/29/2013,9.57
五,04/26/2013,9.5
四,04/25/2013,9.37
三,04/24/2013,9.08
二,04/23/2013,9.07
一,04/22/2013,9.04
五,04/19/2013,9.11
四,04/18/2013,9.09
三,04/17/2013,9.17
二,04/16/2013,9.16
一,04/15/2013,9.25
五,04/12/2013,9.47
四,04/11/2013,9.53
三,04/10/2013,9.41
二,04/09/2013,8.82
一,04/08/2013,9.02
五,04/05/2013,8.85
四,04/04/2013,8.62
三,04/03/2013,7.84
二,04/02/2013,7.99
一,04/01/2013,7.71
四,03/28/2013,8.16
三,03/27/2013,8.15
二,03/26/2013,8.15
一,03/25/2013,8.2
五,03/22/2013,8.4
四,03/21/2013,8.35
三,03/20/2013,8.43
二,03/19/2013,8.32
一,03/18/2013,8.4
五,03/15/2013,8.49
四,03/14/2013,8.64
三,03/13/2013,8.58
二,03/12/2013,8.49
一,03/11/2013,8.68
五,03/08/2013,8.22
四,03/07/2013,8.02
三,03/06/2013,8.32
二,03/05/2013,8.27
一,03/04/2013,8.22
五,03/01/2013,8.15
四,02/28/2013,8.0
三,02/27/2013,7.91
二,02/26/2013,7.98
一,02/25/2013,7.85
五,02/22/2013,8.04
四,02/21/2013,7.87
三,02/20/2013,8.15
二,02/19/2013,8.2
五,02/15/2013,7.89
四,02/14/2013,8.05
三,02/13/2013,8.26
二,02/12/2013,8.34
一,02/11/2013,8.23
五,02/08/2013,8.16
四,02/07/2013,8.14
三,02/06/2013,8.25
二,02/05/2013,8.21
一,02/04/2013,8.29
五,02/01/2013,8.07
四,01/31/2013,8.09
三,01/30/2013,7.85
二,01/29/2013,7.69
一,01/28/2013,7.37
五,01/25/2013,7.36
四,01/24/2013,7.35
三,01/23/2013,7.25
二,01/22/2013,7.31
五,01/18/2013,7.43
四,01/17/2013,7.45
三,01/16/2013,7.42
二,01/15/2013,7.53
一,01/14/2013,7.57
五,01/11/2013,7.57
四,01/10/2013,7.59
三,01/09/2013,7.36
二,01/08/2013,7.23
一,01/07/2013,7.34
五,01/04/2013,7.41
四,01/03/2013,7.42
三,01/02/2013,7.59
一,12/31/2012,7.34
五,12/28/2012,7.24
四,12/27/2012,7.25
三,12/26/2012,7.32
一,12/24/2012,7.31
五,12/21/2012,7.33
四,12/20/2012,7.31
三,12/19/2012,7.17
二,12/18/2012,6.98
一,12/17/2012,6.69
五,12/14/2012,6.66
四,12/13/2012,6.65
三,12/12/2012,6.56
二,12/11/2012,6.49
一,12/10/2012,6.47
五,12/07/2012,6.49
四,12/06/2012,6.48
三,12/05/2012,6.41
二,12/04/2012,6.4
一,12/03/2012,6.42
五,11/30/2012,6.49
四,11/29/2012,6.39
三,11/28/2012,6.31
二,11/27/2012,6.31
一,11/26/2012,6.3
五,11/23/2012,6.32
三,11/21/2012,6.29
二,11/20/2012,6.25
一,11/19/2012,6.3
五,11/16/2012,6.23
四,11/15/2012,6.07
三,11/14/2012,5.87
二,11/13/2012,5.88
一,11/12/2012,5.92
五,11/09/2012,5.94
四,11/08/2012,5.96
三,11/07/2012,5.98
二,11/06/2012,6.09
一,11/05/2012,6.08
五,11/02/2012,6.1
四,11/01/2012,6.14
三,10/31/2012,6.05
五,10/26/2012,6.09
四,10/25/2012,6.06
三,10/24/2012,6.04
二,10/23/2012,6.0
一,10/22/2012,6.2
五,10/19/2012,6.12
四,10/18/2012,6.22
三,10/17/2012,6.15
二,10/16/2012,6.14
一,10/15/2012,6.01
五,10/12/2012,5.95
四,10/11/2012,6.01
三,10/10/2012,5.97
二,10/09/2012,6.03
一,10/08/2012,6.12
五,10/05/2012,6.14
四,10/04/2012,6.2
三,10/03/2012,6.05
二,10/02/2012,6.07
一,10/01/2012,6.11
五,09/28/2012,6.18
四,09/27/2012,6.35
三,09/26/2012,6.27
二,09/25/2012,6.46
一,09/24/2012,6.47
五,09/21/2012,6.45
四,09/20/2012,6.49
三,09/19/2012,6.58
二,09/18/2012,6.59
一,09/17/2012,6.63
五,09/14/2012,6.69
四,09/13/2012,6.48
三,09/12/2012,6.36
二,09/11/2012,6.29
一,09/10/2012,6.26
五,09/07/2012,6.29
四,09/06/2012,6.21
三,09/05/2012,6.06
二,09/04/2012,6.14
五,08/31/2012,6.22
四,08/30/2012,6.19
三,08/29/2012,6.31
二,08/28/2012,6.24
一,08/27/2012,6.29
五,08/24/2012,6.34
四,08/23/2012,6.33
三,08/22/2012,6.33
二,08/21/2012,6.29
一,08/20/2012,6.28
五,08/17/2012,6.39
四,08/16/2012,6.19
三,08/15/2012,6.14
二,08/14/2012,6.25
一,08/13/2012,6.47
五,08/10/2012,6.52
四,08/09/2012,6.5
三,08/08/2012,6.49
二,08/07/2012,6.59
一,08/06/2012,6.52
五,08/03/2012,6.5
四,08/02/2012,6.41
三,08/01/2012,6.37
二,07/31/2012,6.32
一,07/30/2012,6.41
五,07/27/2012,6.57
四,07/26/2012,6.38
三,07/25/2012,6.17
二,07/24/2012,6.11
一,07/23/2012,6.07
五,07/20/2012,6.23
四,07/19/2012,6.44
三,07/18/2012,6.44
二,07/17/2012,6.45
一,07/16/2012,6.49
五,07/13/2012,6.54
四,07/12/2012,6.44
三,07/11/2012,6.59
二,07/10/2012,6.55
一,07/09/2012,6.69
五,07/06/2012,6.68
四,07/05/2012,6.71
二,07/03/2012,6.81
一,07/02/2012,6.67
五,06/29/2012,6.64
四,06/28/2012,6.57
三,06/27/2012,6.41
二,06/26/2012,6.3
一,06/25/2012,6.25
五,06/22/2012,6.34
四,06/21/2012,6.32
三,06/20/2012,6.49
二,06/19/2012,6.43
一,06/18/2012,6.35
五,06/15/2012,6.34
四,06/14/2012,6.2
三,06/13/2012,5.98
二,06/12/2012,5.98
一,06/11/2012,5.91
五,06/08/2012,5.99
四,06/07/2012,6.1
三,06/06/2012,6.08
二,06/05/2012,5.93
一,06/04/2012,5.72
五,06/01/2012,5.72
四,05/31/2012,5.9
三,05/30/2012,5.81
二,05/29/2012,5.94
五,05/25/2012,5.84
四,05/24/2012,5.89
三,05/23/2012,5.92
二,05/22/2012,5.91
一,05/21/2012,5.8
五,05/18/2012,5.81
四,05/17/2012,5.91
三,05/16/2012,5.86
二,05/15/2012,5.86
一,05/14/2012,5.9
五,05/11/2012,5.96
四,05/10/2012,6.12
三,05/09/2012,6.11
二,05/08/2012,6.13
一,05/07/2012,6.24
五,05/04/2012,6.22
四,05/03/2012,6.3
三,05/02/2012,6.33
二,05/01/2012,6.34
一,04/30/2012,6.45
五,04/27/2012,6.5
四,04/26/2012,6.5
三,04/25/2012,6.48
二,04/24/2012,6.43
一,04/23/2012,6.44
五,04/20/2012,6.61
四,04/19/2012,6.55
三,04/18/2012,6.68
二,04/17/2012,6.63
一,04/16/2012,6.64
五,04/13/2012,6.68
四,04/12/2012,6.55
三,04/11/2012,6.49
二,04/10/2012,6.38
一,04/09/2012,6.36
四,04/05/2012,6.39
三,04/04/2012,6.44
二,04/03/2012,6.56
一,04/02/2012,6.78
五,03/30/2012,6.64
四,03/29/2012,6.71
三,03/28/2012,6.77
二,03/27/2012,6.85
一,03/26/2012,6.94
五,03/23/2012,6.83
四,03/22/2012,6.85
三,03/21/2012,6.84
二,03/20/2012,7.01
一,03/19/2012,7.05
五,03/16/2012,6.97
四,03/15/2012,6.88
三,03/14/2012,6.86
二,03/13/2012,6.9
一,03/12/2012,6.72
五,03/09/2012,6.81
四,03/08/2012,6.82
三,03/07/2012,6.63
二,03/06/2012,6.55
一,03/05/2012,6.65
五,03/02/2012,6.71
四,03/01/2012,6.79
三,02/29/2012,6.79
二,02/28/2012,6.98
一,02/27/2012,6.86
五,02/24/2012,6.93
四,02/23/2012,6.79
三,02/22/2012,6.75
二,02/21/2012,6.76
五,02/17/2012,6.82
四,02/16/2012,6.96
三,02/15/2012,6.87
二,02/14/2012,6.7
一,02/13/2012,6.67
五,02/10/2012,6.52
四,02/09/2012,6.75
三,02/08/2012,6.74
二,02/07/2012,6.69
一,02/06/2012,6.56
五,02/03/2012,6.62
四,02/02/2012,6.61
三,02/01/2012,6.46
二,01/31/2012,6.35
一,01/30/2012,6.4
五,01/27/2012,6.24
四,01/26/2012,6.18
三,01/25/2012,6.23
二,01/24/2012,6.18
一,01/23/2012,6.23
五,01/20/2012,6.14
四,01/19/2012,5.94
三,01/18/2012,5.83
二,01/17/2012,5.77
五,01/13/2012,5.79
四,01/12/2012,5.83
三,01/11/2012,5.83
二,01/10/2012,5.71
一,01/09/2012,5.66
五,01/06/2012,5.65
四,01/05/2012,5.69
三,01/04/2012,5.77
二,01/03/2012,5.7
五,12/30/2011,5.51
四,12/29/2011,5.49
三,12/28/2011,5.37
二,12/27/2011,5.5
五,12/23/2011,5.6
四,12/22/2011,5.55
三,12/21/2011,5.51
二,12/20/2011,5.53
一,12/19/2011,5.42
五,12/16/2011,5.54
四,12/15/2011,5.63
三,12/14/2011,5.61
二,12/13/2011,5.65
一,12/12/2011,5.73
五,12/09/2011,5.79
四,12/08/2011,5.61
三,12/07/2011,5.77
二,12/06/2011,5.71
一,12/05/2011,5.69
五,12/02/2011,5.54
四,12/01/2011,5.53
三,11/30/2011,5.58
二,11/29/2011,5.32
一,11/28/2011,5.33
五,11/25/2011,5.18
三,11/23/2011,5.13
二,11/22/2011,5.22
一,11/21/2011,5.29
五,11/18/2011,5.26
四,11/17/2011,5.36
三,11/16/2011,5.39
二,11/15/2011,5.43
一,11/14/2011,5.43
五,11/11/2011,5.25
四,11/10/2011,5.17
三,11/09/2011,5.28
二,11/08/2011,5.49
一,11/07/2011,5.51
五,11/04/2011,5.45
四,11/03/2011,5.56
三,11/02/2011,5.51
二,11/01/2011,5.47
一,10/31/2011,5.58
五,10/28/2011,6.04
四,10/27/2011,5.9
三,10/26/2011,5.56
二,10/25/2011,5.54
一,10/24/2011,5.69
五,10/21/2011,5.63
四,10/20/2011,5.6
三,10/19/2011,5.6
二,10/18/2011,5.65
一,10/17/2011,5.57
五,10/14/2011,5.53
四,10/13/2011,5.56
三,10/12/2011,5.51
二,10/11/2011,5.51
一,10/10/2011,5.46
五,10/07/2011,5.35
四,10/06/2011,5.48
三,10/05/2011,5.43
二,10/04/2011,5.52
一,10/03/2011,5.41
五,09/30/2011,5.47
四,09/29/2011,5.73
三,09/28/2011,5.54
二,09/27/2011,5.57
一,09/26/2011,5.5
五,09/23/2011,5.32
四,09/22/2011,5.19
三,09/21/2011,5.35
二,09/20/2011,5.55
一,09/19/2011,5.62
五,09/16/2011,5.64
四,09/15/2011,5.52
三,09/14/2011,5.43
二,09/13/2011,5.43
一,09/12/2011,5.33
五,09/09/2011,5.33
四,09/08/2011,5.38
三,09/07/2011,5.52
二,09/06/2011,5.42
五,09/02/2011,5.63
四,09/01/2011,5.76
三,08/31/2011,5.87
二,08/30/2011,5.74
一,08/29/2011,5.72
五,08/26/2011,5.63
四,08/25/2011,5.54
三,08/24/2011,5.64
二,08/23/2011,5.78
一,08/22/2011,5.67
五,08/19/2011,5.68
四,08/18/2011,5.61
三,08/17/2011,5.91
二,08/16/2011,5.82
一,08/15/2011,5.89
五,08/12/2011,5.82
四,08/11/2011,5.84
三,08/10/2011,5.77
二,08/09/2011,5.95
一,08/08/2011,5.54
五,08/05/2011,5.91
四,08/04/2011,5.88
三,08/03/2011,6.25
二,08/02/2011,6.3
一,08/01/2011,6.38
五,07/29/2011,6.26
四,07/28/2011,6.27
三,07/27/2011,6.27
二,07/26/2011,6.47
一,07/25/2011,6.42
五,07/22/2011,6.43
四,07/21/2011,6.27
三,07/20/2011,6.19
二,07/19/2011,6.1
一,07/18/2011,6.07
五,07/15/2011,6.13
四,07/14/2011,6.09
三,07/13/2011,6.2
二,07/12/2011,6.08
一,07/11/2011,6.13
五,07/08/2011,6.3
四,07/07/2011,6.37
三,07/06/2011,6.31
二,07/05/2011,6.33
五,07/01/2011,6.24
四,06/30/2011,6.15
三,06/29/2011,6.06
二,06/28/2011,5.97
一,06/27/2011,5.97
五,06/24/2011,5.89
四,06/23/2011,5.82
三,06/22/2011,5.87
二,06/21/2011,5.83
一,06/20/2011,5.74
五,06/17/2011,5.74
四,06/16/2011,5.73
三,06/15/2011,5.67
二,06/14/2011,5.81
一,06/13/2011,5.66
五,06/10/2011,5.62
四,06/09/2011,5.7
三,06/08/2011,5.68
二,06/07/2011,5.66
一,06/06/2011,5.6
五,06/03/2011,5.69
四,06/02/2011,5.71
三,06/01/2011,5.72
二,05/31/2011,5.75
五,05/27/2011,5.8
四,05/26/2011,5.73
三,05/25/2011,5.69
二,05/24/2011,5.59
一,05/23/2011,5.57
五,05/20/2011,5.76
四,05/19/2011,5.9
三,05/18/2011,6.03
二,05/17/2011,5.8
一,05/16/2011,5.89
五,05/13/2011,6.02
四,05/12/2011,6.3
三,05/11/2011,6.3
二,05/10/2011,6.46
一,05/09/2011,6.4
五,05/06/2011,6.26
四,05/05/2011,6.24
三,05/04/2011,6.24
二,05/03/2011,6.22
一,05/02/2011,6.21
五,04/29/2011,6.24
四,04/28/2011,6.16
三,04/27/2011,6.04
二,04/26/2011,5.99
一,04/25/2011,5.95
四,04/21/2011,5.94
三,04/20/2011,5.99
二,04/19/2011,5.92
一,04/18/2011,5.88
五,04/15/2011,6.01
四,04/14/2011,6.14
三,04/13/2011,6.02
二,04/12/2011,6.01
一,04/11/2011,5.97
五,04/08/2011,6.0
四,04/07/2011,5.87
三,04/06/2011,5.91
二,04/05/2011,5.98
一,04/04/2011,6.12
五,04/01/2011,6.28
四,03/31/2011,6.25
三,03/30/2011,6.29
二,03/29/2011,6.31
一,03/28/2011,6.57
五,03/25/2011,6.63
四,03/24/2011,6.79
三,03/23/2011,6.8
二,03/22/2011,6.69
一,03/21/2011,6.64
五,03/18/2011,6.43
四,03/17/2011,6.45
三,03/16/2011,6.29
二,03/15/2011,6.6
一,03/14/2011,6.51
五,03/11/2011,6.89
四,03/10/2011,7.05
三,03/09/2011,7.27
二,03/08/2011,7.28
一,03/07/2011,7.36
五,03/04/2011,7.5
四,03/03/2011,7.59
三,03/02/2011,7.55
二,03/01/2011,7.7
一,02/28/2011,7.58
五,02/25/2011,7.45
四,02/24/2011,7.36
三,02/23/2011,7.27
二,02/22/2011,7.28
五,02/18/2011,7.56
四,02/17/2011,7.63
三,02/16/2011,7.53
二,02/15/2011,7.3
一,02/14/2011,7.42
五,02/11/2011,7.24
四,02/10/2011,7.19
三,02/09/2011,7.2
二,02/08/2011,7.3
一,02/07/2011,7.15
五,02/04/2011,7.07
四,02/03/2011,7.08
三,02/02/2011,7.09
二,02/01/2011,6.85
一,01/31/2011,6.81
五,01/28/2011,6.87
四,01/27/2011,7.1
三,01/26/2011,7.05
二,01/25/2011,7.09
一,01/24/2011,7.03
五,01/21/2011,7.1
四,01/20/2011,7.28
三,01/19/2011,7.37
二,01/18/2011,7.44
五,01/14/2011,7.31
四,01/13/2011,7.36
三,01/12/2011,7.3
二,01/11/2011,7.07
一,01/10/2011,7.02
五,01/07/2011,7.01
四,01/06/2011,7.0
三,01/05/2011,6.96
二,01/04/2011,7.21
一,01/03/2011,7.23
五,12/31/2010,7.11
四,12/30/2010,7.14
三,12/29/2010,7.2
二,12/28/2010,7.07
一,12/27/2010,7.0
四,12/23/2010,6.95
三,12/22/2010,6.95
二,12/21/2010,6.88
一,12/20/2010,6.93
五,12/17/2010,7.04
四,12/16/2010,6.85
三,12/15/2010,6.59
二,12/14/2010,6.72
一,12/13/2010,6.62
五,12/10/2010,6.51
四,12/09/2010,6.43
三,12/08/2010,6.31
二,12/07/2010,6.26
一,12/06/2010,6.34
五,12/03/2010,6.28
四,12/02/2010,6.25
三,12/01/2010,6.18
二,11/30/2010,6.07
一,11/29/2010,6.17
五,11/26/2010,6.08
三,11/24/2010,6.21
二,11/23/2010,6.2
一,11/22/2010,6.29
五,11/19/2010,6.33
四,11/18/2010,6.42
三,11/17/2010,6.14
二,11/16/2010,6.04
一,11/15/2010,6.05
五,11/12/2010,5.97
四,11/11/2010,6.14
三,11/10/2010,6.22
二,11/09/2010,5.79
一,11/08/2010,5.81
五,11/05/2010,5.91
四,11/04/2010,6.0
三,11/03/2010,5.91
二,11/02/2010,5.83
一,11/01/2010,5.85
五,10/29/2010,5.98
四,10/28/2010,5.86
三,10/27/2010,5.76
二,10/26/2010,5.8
一,10/25/2010,5.9
五,10/22/2010,5.86
四,10/21/2010,5.8
三,10/20/2010,5.84
二,10/19/2010,5.78
一,10/18/2010,5.78
五,10/15/2010,5.72
四,10/14/2010,5.9
三,10/13/2010,5.86
二,10/12/2010,6.0
一,10/11/2010,6.04
五,10/08/2010,6.1
四,10/07/2010,6.0
三,10/06/2010,6.06
二,10/05/2010,5.88
一,10/04/2010,5.62
五,10/01/2010,5.76
四,09/30/2010,5.7
三,09/29/2010,5.92
二,09/28/2010,5.94
一,09/27/2010,5.96
五,09/24/2010,6.04
四,09/23/2010,5.98
三,09/22/2010,6.02
二,09/21/2010,6.04
一,09/20/2010,6.02
五,09/17/2010,5.96
四,09/16/2010,6.0
三,09/15/2010,6.07
二,09/14/2010,6.18
一,09/13/2010,6.06
五,09/10/2010,5.945
四,09/09/2010,5.895
三,09/08/2010,5.9
二,09/07/2010,5.92
五,09/03/2010,5.92
四,09/02/2010,5.9
三,09/01/2010,5.92
二,08/31/2010,5.9
一,08/30/2010,5.84
五,08/27/2010,5.96
四,08/26/2010,5.92
三,08/25/2010,5.92
二,08/24/2010,5.98
一,08/23/2010,5.98
五,08/20/2010,6.0
四,08/19/2010,6.0
三,08/18/2010,6.06
二,08/17/2010,5.96
一,08/16/2010,5.92
五,08/13/2010,5.9
四,08/12/2010,5.94
三,08/11/2010,5.96
二,08/10/2010,6.18
一,08/09/2010,6.2
五,08/06/2010,6.14
四,08/05/2010,6.14
三,08/04/2010,6.14
二,08/03/2010,6.1
一,08/02/2010,6.12
五,07/30/2010,6.08
四,07/29/2010,6.1
三,07/28/2010,6.19
二,07/27/2010,5.9
一,07/26/2010,5.76
五,07/23/2010,5.66
四,07/22/2010,5.66
三,07/21/2010,5.58
二,07/20/2010,5.66
一,07/19/2010,5.62
五,07/16/2010,5.54
四,07/15/2010,5.66
三,07/14/2010,5.68
二,07/13/2010,5.84
一,07/12/2010,5.72
五,07/09/2010,5.88
四,07/08/2010,5.94
三,07/07/2010,6.04
二,07/06/2010,5.84
五,07/02/2010,5.66
四,07/01/2010,5.66
三,06/30/2010,5.6
二,06/29/2010,5.54
一,06/28/2010,5.7
五,06/25/2010,5.805
四,06/24/2010,5.74
三,06/23/2010,5.86
二,06/22/2010,5.76
一,06/21/2010,5.7
五,06/18/2010,5.8
四,06/17/2010,5.8
三,06/16/2010,5.82
二,06/15/2010,5.78
一,06/14/2010,5.68
五,06/11/2010,5.66
四,06/10/2010,5.74
三,06/09/2010,5.52
二,06/08/2010,5.66
一,06/07/2010,5.64
五,06/04/2010,5.7
四,06/03/2010,5.76
三,06/02/2010,5.92
二,06/01/2010,5.94
五,05/28/2010,5.94
四,05/27/2010,5.98
三,05/26/2010,5.82
二,05/25/2010,5.74
一,05/24/2010,5.84
五,05/21/2010,5.92
四,05/20/2010,5.82
三,05/19/2010,5.86
二,05/18/2010,5.88
一,05/17/2010,6.04
五,05/14/2010,6.0
四,05/13/2010,6.0
三,05/12/2010,6.02
二,05/11/2010,6.04
一,05/10/2010,6.28
五,05/07/2010,6.14
四,05/06/2010,6.28
三,05/05/2010,6.32
二,05/04/2010,6.3
一,05/03/2010,6.46
五,04/30/2010,6.42
四,04/29/2010,6.8
三,04/28/2010,6.66
二,04/27/2010,6.72
一,04/26/2010,6.9
五,04/23/2010,6.86
四,04/22/2010,6.9
三,04/21/2010,6.98
二,04/20/2010,6.86
一,04/19/2010,6.86
五,04/16/2010,6.88
四,04/15/2010,6.98
三,04/14/2010,7.0
二,04/13/2010,6.96
一,04/12/2010,6.92
五,04/09/2010,6.92
四,04/08/2010,6.96
三,04/07/2010,6.84
二,04/06/2010,6.6
一,04/05/2010,6.48
四,04/01/2010,6.52
三,03/31/2010,6.5
二,03/30/2010,6.68
一,03/29/2010,6.54
五,03/26/2010,6.3
四,03/25/2010,6.34
三,03/24/2010,6.32
二,03/23/2010,6.52
一,03/22/2010,6.48
五,03/19/2010,6.5
四,03/18/2010,6.44
三,03/17/2010,6.5
二,03/16/2010,6.52
一,03/15/2010,6.44
五,03/12/2010,6.38
四,03/11/2010,6.3
三,03/10/2010,6.26
二,03/09/2010,6.36
一,03/08/2010,6.38
五,03/05/2010,6.36
四,03/04/2010,6.4
三,03/03/2010,6.46
二,03/02/2010,6.38
一,03/01/2010,6.46
五,02/26/2010,6.46
四,02/25/2010,6.3
三,02/24/2010,6.24
二,02/23/2010,6.16
一,02/22/2010,6.18
五,02/19/2010,6.24
四,02/18/2010,6.32
三,02/17/2010,6.22
二,02/16/2010,6.22
五,02/12/2010,6.2
四,02/11/2010,6.26
三,02/10/2010,6.24
二,02/09/2010,6.3
一,02/08/2010,6.16
五,02/05/2010,6.18
四,02/04/2010,6.18
三,02/03/2010,6.32
二,02/02/2010,6.58
一,02/01/2010,6.54
五,01/29/2010,6.42
四,01/28/2010,6.48
三,01/27/2010,6.48
二,01/26/2010,6.44
一,01/25/2010,6.62
五,01/22/2010,6.46
四,01/21/2010,6.56
三,01/20/2010,6.2
二,01/19/2010,6.56
五,01/15/2010,6.66
四,01/14/2010,6.38
三,01/13/2010,6.2
二,01/12/2010,6.2
一,01/11/2010,6.24
五,01/08/2010,6.16
四,01/07/2010,6.22
三,01/06/2010,6.0
二,01/05/2010,5.7
一,01/04/2010,5.68
四,12/31/2009,5.7
三,12/30/2009,5.7
二,12/29/2009,5.78
一,12/28/2009,5.78
四,12/24/2009,6.02
三,12/23/2009,6.18
二,12/22/2009,6.14
一,12/21/2009,6.18
五,12/18/2009,6.22
四,12/17/2009,6.42
三,12/16/2009,6.68
二,12/15/2009,5.8
一,12/14/2009,6.04
五,12/11/2009,5.98
四,12/10/2009,6.2
三,12/09/2009,6.14
二,12/08/2009,6.2
一,12/07/2009,6.34
五,12/04/2009,6.46
四,12/03/2009,6.52
三,12/02/2009,6.42
二,12/01/2009,6.62
一,11/30/2009,6.56
五,11/27/2009,6.12
三,11/25/2009,6.02
二,11/24/2009,5.86
一,11/23/2009,6.28
五,11/20/2009,6.24
四,11/19/2009,5.92
三,11/18/2009,6.26
二,11/17/2009,6.74
一,11/16/2009,6.86
五,11/13/2009,7.06
四,11/12/2009,7.0
三,11/11/2009,7.16
二,11/10/2009,6.94
一,11/09/2009,6.92
五,11/06/2009,6.96
四,11/05/2009,7.06
三,11/04/2009,6.8
二,11/03/2009,6.8
一,11/02/2009,6.92
五,10/30/2009,6.8
四,10/29/2009,7.04
三,10/28/2009,6.64
二,10/27/2009,6.6
一,10/26/2009,6.62
五,10/23/2009,6.76
四,10/22/2009,7.06
三,10/21/2009,7.12
二,10/20/2009,7.2
一,10/19/2009,7.34
五,10/16/2009,6.92
四,10/15/2009,7.18
三,10/14/2009,7.38
二,10/13/2009,7.52
一,10/12/2009,7.76
五,10/09/2009,7.7
四,10/08/2009,7.74
三,10/07/2009,7.54
二,10/06/2009,7.32
一,10/05/2009,6.8
五,10/02/2009,6.6
四,10/01/2009,6.72
三,09/30/2009,6.78
二,09/29/2009,6.68
一,09/28/2009,6.7
五,09/25/2009,6.76
四,09/24/2009,6.96
三,09/23/2009,7.44
二,09/22/2009,7.46
一,09/21/2009,7.42
五,09/18/2009,7.5
四,09/17/2009,7.24
三,09/16/2009,7.82
二,09/15/2009,7.98
一,09/14/2009,8.02
五,09/11/2009,8.12
四,09/10/2009,8.14
三,09/09/2009,7.86
二,09/08/2009,7.94
五,09/04/2009,8.14
四,09/03/2009,8.24
三,09/02/2009,8.34
二,09/01/2009,8.32
一,08/31/2009,8.52
五,08/28/2009,8.46
四,08/27/2009,8.52
三,08/26/2009,8.54
二,08/25/2009,8.52
一,08/24/2009,8.74
五,08/21/2009,8.68
四,08/20/2009,8.52
三,08/19/2009,8.44
二,08/18/2009,8.36
一,08/17/2009,8.26
五,08/14/2009,8.64
四,08/13/2009,8.58
三,08/12/2009,8.62
二,08/11/2009,8.48
一,08/10/2009,8.42
五,08/07/2009,8.22
四,08/06/2009,8.34
三,08/05/2009,8.56
二,08/04/2009,8.62
一,08/03/2009,8.82
五,07/31/2009,8.56
四,07/30/2009,8.44
三,07/29/2009,8.28
二,07/28/2009,8.32
一,07/27/2009,8.16
五,07/24/2009,7.94
四,07/23/2009,8.08
三,07/22/2009,8.04
二,07/21/2009,8.0
一,07/20/2009,7.98
五,07/17/2009,7.88
四,07/16/2009,7.96
三,07/15/2009,8.0
二,07/14/2009,7.92
一,07/13/2009,7.66
五,07/10/2009,7.52
四,07/09/2009,7.52
三,07/08/2009,7.64
二,07/07/2009,7.8
一,07/06/2009,8.2
四,07/02/2009,7.96
三,07/01/2009,8.3
二,06/30/2009,8.02
一,06/29/2009,8.34
五,06/26/2009,8.42
四,06/25/2009,8.38
三,06/24/2009,8.36
二,06/23/2009,8.44
一,06/22/2009,8.4
五,06/19/2009,8.5
四,06/18/2009,8.1
三,06/17/2009,8.12
二,06/16/2009,8.08
一,06/15/2009,8.12
五,06/12/2009,8.74
四,06/11/2009,9.18
三,06/10/2009,8.62
二,06/09/2009,8.32
一,06/08/2009,8.48
五,06/05/2009,7.9
四,06/04/2009,7.84
三,06/03/2009,7.54
二,06/02/2009,7.72
一,06/01/2009,7.92
五,05/29/2009,7.6
四,05/28/2009,7.66
三,05/27/2009,7.7
二,05/26/2009,8.0
五,05/22/2009,7.88
四,05/21/2009,7.96
三,05/20/2009,7.94
二,05/19/2009,7.78
一,05/18/2009,8.18
五,05/15/2009,8.16
四,05/14/2009,7.84
三,05/13/2009,7.78
二,05/12/2009,7.98
一,05/11/2009,8.32
五,05/08/2009,8.44
四,05/07/2009,7.76
三,05/06/2009,7.7
二,05/05/2009,7.44
一,05/04/2009,7.6
五,05/01/2009,7.2
四,04/30/2009,6.82
三,04/29/2009,6.74
二,04/28/2009,6.56
一,04/27/2009,6.38
五,04/24/2009,6.3
四,04/23/2009,6.04
三,04/22/2009,5.86
二,04/21/2009,6.06
一,04/20/2009,5.94
五,04/17/2009,6.08
四,04/16/2009,5.92
三,04/15/2009,5.98
二,04/14/2009,5.94
一,04/13/2009,6.04
四,04/09/2009,5.74
三,04/08/2009,6.84
二,04/07/2009,6.94
一,04/06/2009,7.02
五,04/03/2009,7.32
四,04/02/2009,7.58
三,04/01/2009,7.18
二,03/31/2009,6.96
一,03/30/2009,7.08
五,03/27/2009,7.64
四,03/26/2009,8.0
三,03/25/2009,8.0
二,03/24/2009,7.8
一,03/23/2009,8.02
五,03/20/2009,7.06
四,03/19/2009,7.3
三,03/18/2009,7.14
二,03/17/2009,6.7
一,03/16/2009,6.18
五,03/13/2009,5.76
四,03/12/2009,5.68
三,03/11/2009,5.78
二,03/10/2009,5.62
一,03/09/2009,5.16
五,03/06/2009,5.52
四,03/05/2009,5.72
三,03/04/2009,6.06
二,03/03/2009,5.82
一,03/02/2009,5.8
五,02/27/2009,6.24
四,02/26/2009,6.28
三,02/25/2009,6.26
二,02/24/2009,6.48
一,02/23/2009,6.12
五,02/20/2009,6.06
四,02/19/2009,6.26
三,02/18/2009,6.56
二,02/17/2009,6.76
五,02/13/2009,7.18
四,02/12/2009,7.38
三,02/11/2009,7.56
二,02/10/2009,7.62
一,02/09/2009,7.5
五,02/06/2009,7.86
四,02/05/2009,7.94
三,02/04/2009,7.92
二,02/03/2009,7.88
一,02/02/2009,7.74
五,01/30/2009,7.82
四,01/29/2009,8.28
三,01/28/2009,7.88
二,01/27/2009,7.38
一,01/26/2009,6.98
五,01/23/2009,7.24
四,01/22/2009,7.28
三,01/21/2009,7.78
二,01/20/2009,7.48
五,01/16/2009,8.28
四,01/15/2009,8.04
三,01/14/2009,8.16
二,01/13/2009,8.44
一,01/12/2009,8.8
五,01/09/2009,8.82
四,01/08/2009,8.68
三,01/07/2009,8.76
二,01/06/2009,8.82
一,01/05/2009,9.1
五,01/02/2009,8.48
三,12/31/2008,8.06
二,12/30/2008,8.04
一,12/29/2008,7.82
五,12/26/2008,7.66
三,12/24/2008,8.12
二,12/23/2008,8.34
一,12/22/2008,8.64
五,12/19/2008,8.52
四,12/18/2008,8.3
三,12/17/2008,7.82
二,12/16/2008,7.96
一,12/15/2008,7.46
五,12/12/2008,7.44
四,12/11/2008,7.04
三,12/10/2008,6.6
二,12/09/2008,6.28
一,12/08/2008,6.7
五,12/05/2008,6.44
四,12/04/2008,6.38
三,12/03/2008,7.04
二,12/02/2008,7.1
一,12/01/2008,6.74
五,11/28/2008,7.1
三,11/26/2008,6.88
二,11/25/2008,6.94
一,11/24/2008,6.6
五,11/21/2008,6.38
四,11/20/2008,5.46
三,11/19/2008,5.96
二,11/18/2008,6.9
一,11/17/2008,7.02
五,11/14/2008,7.16
四,11/13/2008,7.88
三,11/12/2008,7.66
二,11/11/2008,8.06
一,11/10/2008,8.48
五,11/07/2008,8.48
四,11/06/2008,8.1
三,11/05/2008,8.8
二,11/04/2008,8.58
一,11/03/2008,8.04
五,10/31/2008,7.88
四,10/30/2008,7.32
三,10/29/2008,6.3
二,10/28/2008,7.1
一,10/27/2008,8.0
五,10/24/2008,9.0
四,10/23/2008,10.08
三,10/22/2008,9.46
二,10/21/2008,10.18
一,10/20/2008,10.9
五,10/17/2008,10.2
四,10/16/2008,10.6
三,10/15/2008,10.96
二,10/14/2008,12.4
一,10/13/2008,11.42
五,10/10/2008,10.04
四,10/09/2008,11.18
三,10/08/2008,10.82
二,10/07/2008,10.84
一,10/06/2008,11.0
五,10/03/2008,11.72
四,10/02/2008,11.64
三,10/01/2008,12.46
二,09/30/2008,12.3
一,09/29/2008,11.3
五,09/26/2008,13.02
四,09/25/2008,13.18
三,09/24/2008,12.6
二,09/23/2008,11.84
一,09/22/2008,12.02
五,09/19/2008,12.62
四,09/18/2008,11.44
三,09/17/2008,10.74
二,09/16/2008,11.66
一,09/15/2008,11.4
五,09/12/2008,11.96
四,09/11/2008,12.06
三,09/10/2008,12.24
二,09/09/2008,11.54
一,09/08/2008,12.12
五,09/05/2008,11.0
四,09/04/2008,11.0
三,09/03/2008,11.88
二,09/02/2008,12.0
五,08/29/2008,12.04
四,08/28/2008,11.96
三,08/27/2008,11.86
二,08/26/2008,11.84
一,08/25/2008,11.68
五,08/22/2008,11.82
四,08/21/2008,12.16
三,08/20/2008,12.26
二,08/19/2008,12.12
一,08/18/2008,12.18
五,08/15/2008,12.26
四,08/14/2008,12.32
三,08/13/2008,12.42
二,08/12/2008,12.72
一,08/11/2008,12.84
五,08/08/2008,12.96
四,08/07/2008,12.84
三,08/06/2008,13.5
二,08/05/2008,13.94
一,08/04/2008,13.36
五,08/01/2008,14.38
四,07/31/2008,15.2
三,07/30/2008,15.82
二,07/29/2008,15.76
一,07/28/2008,15.18
五,07/25/2008,15.6
四,07/24/2008,15.9
三,07/23/2008,16.38
二,07/22/2008,16.1
一,07/21/2008,15.82
五,07/18/2008,15.6
四,07/17/2008,15.78
三,07/16/2008,15.82
二,07/15/2008,14.6
一,07/14/2008,15.36
五,07/11/2008,15.38
四,07/10/2008,15.44
三,07/09/2008,14.52
二,07/08/2008,14.66
一,07/07/2008,14.76
四,07/03/2008,14.6
三,07/02/2008,13.92
二,07/01/2008,14.78
一,06/30/2008,14.96
五,06/27/2008,15.0
四,06/26/2008,15.42
三,06/25/2008,15.9
二,06/24/2008,15.82
一,06/23/2008,15.88
五,06/20/2008,16.06
四,06/19/2008,16.34
三,06/18/2008,17.12
二,06/17/2008,16.98
一,06/16/2008,16.78
五,06/13/2008,16.28
四,06/12/2008,16.06
三,06/11/2008,16.06
二,06/10/2008,16.52
一,06/09/2008,16.86
五,06/06/2008,17.18
四,06/05/2008,17.86
三,06/04/2008,17.78
二,06/03/2008,17.48
一,06/02/2008,17.6
五,05/30/2008,17.18
四,05/29/2008,16.32
三,05/28/2008,16.06
二,05/27/2008,16.22
五,05/23/2008,15.9
四,05/22/2008,16.26
三,05/21/2008,15.52
二,05/20/2008,16.12
一,05/19/2008,16.92
五,05/16/2008,16.8
四,05/15/2008,16.62
三,05/14/2008,15.84
二,05/13/2008,16.02
一,05/12/2008,16.08
五,05/09/2008,16.44
四,05/08/2008,16.64
三,05/07/2008,16.8
二,05/06/2008,17.26
一,05/05/2008,17.1
五,05/02/2008,17.22
四,05/01/2008,16.92
三,04/30/2008,17.08
二,04/29/2008,17.16
一,04/28/2008,17.36
五,04/25/2008,15.86
四,04/24/2008,14.92
三,04/23/2008,14.9
二,04/22/2008,14.54
一,04/21/2008,15.14
五,04/18/2008,15.0
四,04/17/2008,14.94
三,04/16/2008,14.7
二,04/15/2008,13.96
一,04/14/2008,13.76
五,04/11/2008,14.0
四,04/10/2008,14.22
三,04/09/2008,14.12
二,04/08/2008,14.42
一,04/07/2008,15.04
五,04/04/2008,15.0
四,04/03/2008,14.74
三,04/02/2008,14.34
二,04/01/2008,13.92
一,03/31/2008,13.28
五,03/28/2008,13.54
四,03/27/2008,13.5
三,03/26/2008,13.82
二,03/25/2008,14.52
一,03/24/2008,14.82
四,03/20/2008,13.62
三,03/19/2008,13.24
二,03/18/2008,13.6
一,03/17/2008,13.2
五,03/14/2008,13.04
四,03/13/2008,13.58
三,03/12/2008,14.0
二,03/11/2008,13.64
一,03/10/2008,13.22
五,03/07/2008,13.06
四,03/06/2008,13.62
三,03/05/2008,13.56
二,03/04/2008,13.52
一,03/03/2008,14.32
五,02/29/2008,14.3
四,02/28/2008,14.86
三,02/27/2008,15.28
二,02/26/2008,15.02
一,02/25/2008,14.94
五,02/22/2008,14.22
四,02/21/2008,13.96
三,02/20/2008,13.94
二,02/19/2008,14.52
五,02/15/2008,14.28
四,02/14/2008,14.2
三,02/13/2008,14.36
二,02/12/2008,14.62
一,02/11/2008,14.42
五,02/08/2008,14.4
四,02/07/2008,15.08
三,02/06/2008,15.18
二,02/05/2008,15.3
一,02/04/2008,15.8
五,02/01/2008,15.7
四,01/31/2008,15.96
三,01/30/2008,16.02
二,01/29/2008,15.52
一,01/28/2008,15.48
五,01/25/2008,15.48
四,01/24/2008,14.78
三,01/23/2008,14.04
二,01/22/2008,13.92
五,01/18/2008,14.74
四,01/17/2008,14.56
三,01/16/2008,15.04
二,01/15/2008,15.18
一,01/14/2008,15.76
五,01/11/2008,15.48
四,01/10/2008,15.68
三,01/09/2008,15.794
二,01/08/2008,15.28
一,01/07/2008,14.68
五,01/04/2008,14.46
四,01/03/2008,14.9
三,01/02/2008,14.7
一,12/31/2007,14.56
五,12/28/2007,14.44
四,12/27/2007,14.82
三,12/26/2007,15.06
一,12/24/2007,14.82
五,12/21/2007,14.82
四,12/20/2007,15.04
三,12/19/2007,14.52
二,12/18/2007,14.52
一,12/17/2007,14.2
五,12/14/2007,14.84
四,12/13/2007,15.6
三,12/12/2007,16.76
二,12/11/2007,16.52
一,12/10/2007,17.22
五,12/07/2007,16.82
四,12/06/2007,17.52
三,12/05/2007,16.58
二,12/04/2007,16.5
一,12/03/2007,16.88
五,11/30/2007,16.9
四,11/29/2007,16.52
三,11/28/2007,16.28
二,11/27/2007,16.5
一,11/26/2007,15.62
五,11/23/2007,15.1
三,11/21/2007,14.42
二,11/20/2007,14.4
一,11/19/2007,13.92
五,11/16/2007,14.0
四,11/15/2007,14.1
三,11/14/2007,14.0
二,11/13/2007,13.42
一,11/12/2007,13.12
五,11/09/2007,13.24
四,11/08/2007,14.16
三,11/07/2007,14.0
二,11/06/2007,14.74
一,11/05/2007,14.64
五,11/02/2007,15.0
四,11/01/2007,15.82
三,10/31/2007,16.14
二,10/30/2007,16.04
一,10/29/2007,16.2
五,10/26/2007,14.94
四,10/25/2007,14.58
三,10/24/2007,14.56
二,10/23/2007,14.78
一,10/22/2007,14.66
五,10/19/2007,14.2
四,10/18/2007,14.58
三,10/17/2007,14.08
二,10/16/2007,14.74
一,10/15/2007,15.56
五,10/12/2007,15.94
四,10/11/2007,16.06
三,10/10/2007,16.06
二,10/09/2007,16.7
一,10/08/2007,16.66
五,10/05/2007,16.8
四,10/04/2007,16.5
三,10/03/2007,16.1
二,10/02/2007,15.9
一,10/01/2007,15.5
五,09/28/2007,15.42
四,09/27/2007,15.46
三,09/26/2007,14.66
二,09/25/2007,14.08
一,09/24/2007,13.5
五,09/21/2007,13.38
四,09/20/2007,13.84
三,09/19/2007,14.2
二,09/18/2007,13.82
一,09/17/2007,14.16
五,09/14/2007,14.34
四,09/13/2007,13.8
三,09/12/2007,14.28
二,09/11/2007,14.88
一,09/10/2007,14.38
五,09/07/2007,14.64
四,09/06/2007,15.06
三,09/05/2007,15.06
二,09/04/2007,15.52
五,08/31/2007,15.8
四,08/30/2007,15.4
三,08/29/2007,15.68
二,08/28/2007,15.4
一,08/27/2007,15.9
五,08/24/2007,16.06
四,08/23/2007,16.0
三,08/22/2007,15.6
二,08/21/2007,15.78
一,08/20/2007,15.8
五,08/17/2007,16.1
四,08/16/2007,15.9
三,08/15/2007,15.5
二,08/14/2007,16.24
一,08/13/2007,16.6
五,08/10/2007,17.0
四,08/09/2007,17.1
三,08/08/2007,17.02
二,08/07/2007,16.4
一,08/06/2007,16.6
五,08/03/2007,16.68
四,08/02/2007,16.9
三,08/01/2007,17.3
二,07/31/2007,17.9
一,07/30/2007,18.3
五,07/27/2007,18.5
四,07/26/2007,18.4
三,07/25/2007,18.7
二,07/24/2007,18.2
一,07/23/2007,18.2
五,07/20/2007,18.2
四,07/19/2007,18.58
三,07/18/2007,18.6
二,07/17/2007,18.6
一,07/16/2007,19.22
五,07/13/2007,19.1
四,07/12/2007,19.0
三,07/11/2007,18.6
二,07/10/2007,18.8
一,07/09/2007,19.08
五,07/06/2007,18.8
四,07/05/2007,19.1
二,07/03/2007,19.3
一,07/02/2007,19.02
五,06/29/2007,18.48
四,06/28/2007,18.52
三,06/27/2007,18.7
二,06/26/2007,18.5
一,06/25/2007,18.7
五,06/22/2007,18.5
四,06/21/2007,19.12
三,06/20/2007,19.3
二,06/19/2007,19.54
一,06/18/2007,19.5
五,06/15/2007,19.5
四,06/14/2007,19.48
三,06/13/2007,19.7
二,06/12/2007,19.6
一,06/11/2007,19.88
五,06/08/2007,19.7
四,06/07/2007,19.5
三,06/06/2007,19.4
二,06/05/2007,19.1
一,06/04/2007,19.5
五,06/01/2007,19.48
四,05/31/2007,19.53
三,05/30/2007,19.56
二,05/29/2007,19.7
五,05/25/2007,19.28
四,05/24/2007,19.5
三,05/23/2007,19.7
二,05/22/2007,18.82
一,05/21/2007,17.76
五,05/18/2007,17.7
四,05/17/2007,17.56
三,05/16/2007,18.02
二,05/15/2007,18.1
一,05/14/2007,18.3
五,05/11/2007,18.5
四,05/10/2007,18.2
三,05/09/2007,18.46
二,05/08/2007,18.3
一,05/07/2007,17.9
五,05/04/2007,17.6
四,05/03/2007,17.3
三,05/02/2007,17.42
二,05/01/2007,17.4
一,04/30/2007,17.4
五,04/27/2007,17.2
四,04/26/2007,17.6
三,04/25/2007,18.18
二,04/24/2007,18.1
一,04/23/2007,18.16
五,04/20/2007,18.28
四,04/19/2007,18.4
三,04/18/2007,18.7
二,04/17/2007,18.68
一,04/16/2007,19.0
五,04/13/2007,19.2
四,04/12/2007,19.6
三,04/11/2007,19.36
二,04/10/2007,19.7
一,04/09/2007,19.3
四,04/05/2007,19.0
三,04/04/2007,18.9
二,04/03/2007,18.72
一,04/02/2007,18.14
五,03/30/2007,18.3
四,03/29/2007,18.2
三,03/28/2007,18.24
二,03/27/2007,18.6
一,03/26/2007,18.9
五,03/23/2007,18.78
四,03/22/2007,18.64
三,03/21/2007,18.4
二,03/20/2007,18.2
一,03/19/2007,18.1
五,03/16/2007,18.2
四,03/15/2007,18.6
三,03/14/2007,18.84
二,03/13/2007,19.0
一,03/12/2007,19.14
五,03/09/2007,19.4
四,03/08/2007,19.4
三,03/07/2007,19.0
二,03/06/2007,19.3
一,03/05/2007,19.2
五,03/02/2007,19.1
四,03/01/2007,19.4
三,02/28/2007,19.7
二,02/27/2007,19.1
一,02/26/2007,19.9
五,02/23/2007,20.1
四,02/22/2007,20.1
三,02/21/2007,20.1
二,02/20/2007,20.15
五,02/16/2007,20.2
四,02/15/2007,19.7
三,02/14/2007,19.7
二,02/13/2007,19.6
一,02/12/2007,19.2
五,02/09/2007,19.3
四,02/08/2007,18.6
三,02/07/2007,19.1
二,02/06/2007,19.3
一,02/05/2007,19.5
五,02/02/2007,19.7
四,02/01/2007,20.0
三,01/31/2007,20.3
二,01/30/2007,20.4
一,01/29/2007,20.3
五,01/26/2007,20.6
四,01/25/2007,20.7
三,01/24/2007,21.08
二,01/23/2007,21.28
一,01/22/2007,21.06
五,01/19/2007,20.6
四,01/18/2007,20.7
三,01/17/2007,21.1
二,01/16/2007,21.0
五,01/12/2007,20.7
四,01/11/2007,20.2
三,01/10/2007,20.44
二,01/09/2007,20.6
一,01/08/2007,20.7
五,01/05/2007,20.5
四,01/04/2007,20.4
三,01/03/2007,20.8
五,12/29/2006,20.7
四,12/28/2006,20.4
三,12/27/2006,20.6
二,12/26/2006,20.5
五,12/22/2006,20.6
四,12/21/2006,20.6
三,12/20/2006,21.0
二,12/19/2006,20.6
一,12/18/2006,20.7
五,12/15/2006,21.2
四,12/14/2006,21.0
三,12/13/2006,20.8
二,12/12/2006,21.2
一,12/11/2006,20.9
五,12/08/2006,21.0
四,12/07/2006,21.0
三,12/06/2006,21.1
二,12/05/2006,21.2
一,12/04/2006,21.3
五,12/01/2006,21.0
四,11/30/2006,21.2
三,11/29/2006,20.1
二,11/28/2006,20.08
一,11/27/2006,19.68
五,11/24/2006,19.5
三,11/22/2006,20.7
二,11/21/2006,20.1
一,11/20/2006,20.0
五,11/17/2006,20.4
四,11/16/2006,20.8
三,11/15/2006,21.1
二,11/14/2006,21.2
一,11/13/2006,20.3
五,11/10/2006,20.6
四,11/09/2006,20.2
三,11/08/2006,21.4
二,11/07/2006,22.0
一,11/06/2006,22.2
五,11/03/2006,22.2
四,11/02/2006,22.3
三,11/01/2006,22.4
二,10/31/2006,22.2
一,10/30/2006,22.4
五,10/27/2006,22.5
四,10/26/2006,22.7
三,10/25/2006,22.3
二,10/24/2006,21.8
一,10/23/2006,22.0
五,10/20/2006,21.37
四,10/19/2006,21.5
三,10/18/2006,21.4
二,10/17/2006,21.4
一,10/16/2006,21.4
五,10/13/2006,21.1
四,10/12/2006,21.0
三,10/11/2006,21.2
二,10/10/2006,21.5
一,10/09/2006,21.4
五,10/06/2006,21.6
四,10/05/2006,21.46
三,10/04/2006,21.4
二,10/03/2006,21.1
一,10/02/2006,20.9
五,09/29/2006,21.4
四,09/28/2006,21.0
三,09/27/2006,20.6
二,09/26/2006,20.0
一,09/25/2006,20.3
五,09/22/2006,20.36
四,09/21/2006,20.02
三,09/20/2006,19.8
二,09/19/2006,20.3
一,09/18/2006,20.88
五,09/15/2006,21.0
四,09/14/2006,20.76
三,09/13/2006,20.9
二,09/12/2006,21.4
一,09/11/2006,21.6
五,09/08/2006,22.0
四,09/07/2006,21.8
三,09/06/2006,22.1
二,09/05/2006,22.5
五,09/01/2006,23.2
四,08/31/2006,22.7
三,08/30/2006,22.3
二,08/29/2006,22.2
一,08/28/2006,21.9
五,08/25/2006,22.2
四,08/24/2006,22.3
三,08/23/2006,22.3
二,08/22/2006,22.3
一,08/21/2006,22.06
五,08/18/2006,22.56
四,08/17/2006,22.3
三,08/16/2006,22.5
二,08/15/2006,22.44
一,08/14/2006,21.9
五,08/11/2006,21.88
四,08/10/2006,21.84
三,08/09/2006,21.7
二,08/08/2006,21.6
一,08/07/2006,21.6
五,08/04/2006,22.1
四,08/03/2006,21.9
三,08/02/2006,21.7
二,08/01/2006,21.12
一,07/31/2006,21.4
五,07/28/2006,21.6
四,07/27/2006,21.1
三,07/26/2006,21.4
二,07/25/2006,21.2
一,07/24/2006,21.6
五,07/21/2006,20.86
四,07/20/2006,21.4
三,07/19/2006,21.1
二,07/18/2006,20.7
一,07/17/2006,21.3
五,07/14/2006,21.6
四,07/13/2006,21.9
三,07/12/2006,22.1
二,07/11/2006,22.4
一,07/10/2006,22.1
五,07/07/2006,21.7
四,07/06/2006,21.5
三,07/05/2006,21.3
一,07/03/2006,21.8
五,06/30/2006,21.02
四,06/29/2006,20.7
三,06/28/2006,19.9
二,06/27/2006,19.9
一,06/26/2006,20.4
五,06/23/2006,20.1
四,06/22/2006,20.1
三,06/21/2006,20.1
二,06/20/2006,19.6
一,06/19/2006,19.8
五,06/16/2006,20.1
四,06/15/2006,20.1
三,06/14/2006,19.0
二,06/13/2006,19.2
一,06/12/2006,19.2
五,06/09/2006,19.7
四,06/08/2006,19.7
三,06/07/2006,20.0
二,06/06/2006,20.0
一,06/05/2006,20.9
五,06/02/2006,21.3
四,06/01/2006,20.9
三,05/31/2006,20.9
二,05/30/2006,20.6
五,05/26/2006,21.0
四,05/25/2006,20.7
三,05/24/2006,20.6
二,05/23/2006,20.82
一,05/22/2006,21.2
五,05/19/2006,22.0
四,05/18/2006,21.9
三,05/17/2006,21.52
二,05/16/2006,22.4
一,05/15/2006,23.2
五,05/12/2006,22.8
四,05/11/2006,22.7
三,05/10/2006,23.1
二,05/09/2006,23.12
一,05/08/2006,23.1
五,05/05/2006,22.8
四,05/04/2006,22.4
三,05/03/2006,22.2
二,05/02/2006,22.2
一,05/01/2006,21.7
五,04/28/2006,21.7
四,04/27/2006,22.46
三,04/26/2006,22.0
二,04/25/2006,22.4
一,04/24/2006,22.1
五,04/21/2006,22.2
四,04/20/2006,22.0
三,04/19/2006,22.8
二,04/18/2006,22.8
一,04/17/2006,22.4
四,04/13/2006,23.0
三,04/12/2006,23.1
二,04/11/2006,22.6
一,04/10/2006,23.5
五,04/07/2006,23.2
四,04/06/2006,23.2
三,04/05/2006,22.7
二,04/04/2006,22.4
一,04/03/2006,22.44
五,03/31/2006,22.0
四,03/30/2006,21.8
三,03/29/2006,21.5
二,03/28/2006,20.8
一,03/27/2006,21.1
五,03/24/2006,21.0
四,03/23/2006,20.8
三,03/22/2006,21.1
二,03/21/2006,21.4
一,03/20/2006,21.6
五,03/17/2006,20.8
四,03/16/2006,21.0
三,03/15/2006,21.4
二,03/14/2006,21.4
一,03/13/2006,21.2
五,03/10/2006,21.7
四,03/09/2006,21.7
三,03/08/2006,21.1
二,03/07/2006,21.3
一,03/06/2006,21.4
五,03/03/2006,21.7
四,03/02/2006,21.7
三,03/01/2006,22.2
二,02/28/2006,21.9
一,02/27/2006,22.0
五,02/24/2006,22.2
四,02/23/2006,21.7
三,02/22/2006,21.3
二,02/21/2006,21.2
五,02/17/2006,21.2
四,02/16/2006,22.0
三,02/15/2006,21.5
二,02/14/2006,21.6
一,02/13/2006,20.8
五,02/10/2006,21.5
四,02/09/2006,22.0
三,02/08/2006,21.6
二,02/07/2006,21.2
一,02/06/2006,21.8
五,02/03/2006,22.5
四,02/02/2006,22.4
三,02/01/2006,23.0
二,01/31/2006,23.4
一,01/30/2006,22.7
五,01/27/2006,22.4
四,01/26/2006,21.8
三,01/25/2006,21.3
二,01/24/2006,21.6
一,01/23/2006,21.08
五,01/20/2006,20.7
四,01/19/2006,20.7
三,01/18/2006,20.1
二,01/17/2006,20.3
五,01/13/2006,20.44
四,01/12/2006,20.1
三,01/11/2006,20.1
二,01/10/2006,20.1
一,01/09/2006,20.5
五,01/06/2006,20.6
四,01/05/2006,20.9
三,01/04/2006,21.4
二,01/03/2006,21.8
五,12/30/2005,21.0
四,12/29/2005,21.3
三,12/28/2005,21.7
二,12/27/2005,21.5
五,12/23/2005,21.2
四,12/22/2005,21.4
三,12/21/2005,21.3
二,12/20/2005,21.4
一,12/19/2005,21.1
五,12/16/2005,20.7
四,12/15/2005,20.6
三,12/14/2005,20.7
二,12/13/2005,20.8
一,12/12/2005,20.8
五,12/09/2005,20.6
四,12/08/2005,19.5
三,12/07/2005,19.74
二,12/06/2005,19.6
一,12/05/2005,18.7
五,12/02/2005,18.6
四,12/01/2005,19.0
三,11/30/2005,18.6
二,11/29/2005,19.2
一,11/28/2005,19.0
五,11/25/2005,19.0
三,11/23/2005,19.0
二,11/22/2005,18.7
一,11/21/2005,19.5
五,11/18/2005,19.5
四,11/17/2005,19.9
三,11/16/2005,19.1
二,11/15/2005,18.5
一,11/14/2005,19.0
五,11/11/2005,19.4
四,11/10/2005,19.2
三,11/09/2005,19.5
二,11/08/2005,19.7
一,11/07/2005,20.0
五,11/04/2005,19.5
四,11/03/2005,20.0
三,11/02/2005,19.8
二,11/01/2005,19.3
一,10/31/2005,18.4
五,10/28/2005,17.9
四,10/27/2005,18.2
三,10/26/2005,18.06
二,10/25/2005,18.1
一,10/24/2005,18.2
五,10/21/2005,17.8
四,10/20/2005,17.4
三,10/19/2005,18.0
二,10/18/2005,17.8
一,10/17/2005,17.7
五,10/14/2005,18.2
四,10/13/2005,18.9
三,10/12/2005,18.3
二,10/11/2005,18.2
一,10/10/2005,17.6
五,10/07/2005,17.62
四,10/06/2005,16.6
三,10/05/2005,17.4
二,10/04/2005,17.6
一,10/03/2005,18.5
五,09/30/2005,18.7
四,09/29/2005,18.8
三,09/28/2005,18.6
二,09/27/2005,17.6
一,09/26/2005,18.2
五,09/23/2005,17.8
四,09/22/2005,17.7
三,09/21/2005,18.1
二,09/20/2005,17.8
一,09/19/2005,17.2
五,09/16/2005,17.4
四,09/15/2005,17.1
三,09/14/2005,16.74
二,09/13/2005,16.8
一,09/12/2005,16.7
五,09/09/2005,16.4
四,09/08/2005,15.9
三,09/07/2005,16.0
二,09/06/2005,16.4
五,09/02/2005,15.9
四,09/01/2005,16.0
三,08/31/2005,16.2
二,08/30/2005,16.1
一,08/29/2005,15.8
五,08/26/2005,15.7
四,08/25/2005,15.8
三,08/24/2005,16.1
二,08/23/2005,16.1
一,08/22/2005,16.9
五,08/19/2005,15.9
四,08/18/2005,15.32
三,08/17/2005,15.6
二,08/16/2005,15.5
一,08/15/2005,15.6
五,08/12/2005,15.4
四,08/11/2005,15.1
三,08/10/2005,13.7
二,08/09/2005,13.26
一,08/08/2005,13.06
五,08/05/2005,13.1
四,08/04/2005,13.48
三,08/03/2005,13.4
二,08/02/2005,13.46
一,08/01/2005,13.1
五,07/29/2005,13.4
四,07/28/2005,13.1
三,07/27/2005,12.8
二,07/26/2005,12.8
一,07/25/2005,12.9
五,07/22/2005,12.9
四,07/21/2005,13.2
三,07/20/2005,12.96
二,07/19/2005,13.0
一,07/18/2005,13.26
五,07/15/2005,13.3
四,07/14/2005,13.3
三,07/13/2005,13.2
二,07/12/2005,13.4
一,07/11/2005,13.1
五,07/08/2005,13.28
四,07/07/2005,13.2
三,07/06/2005,13.0
二,07/05/2005,13.45
五,07/01/2005,13.6
四,06/30/2005,13.56
三,06/29/2005,13.6
二,06/28/2005,13.5
一,06/27/2005,13.6
五,06/24/2005,13.7
四,06/23/2005,13.7
三,06/22/2005,13.7
二,06/21/2005,13.7
一,06/20/2005,13.6
五,06/17/2005,13.6
四,06/16/2005,13.6
三,06/15/2005,13.5
二,06/14/2005,13.0
一,06/13/2005,13.1
五,06/10/2005,13.38
四,06/09/2005,13.58
三,06/08/2005,13.6
二,06/07/2005,13.5
一,06/06/2005,13.5
五,06/03/2005,13.3
四,06/02/2005,13.3
三,06/01/2005,13.2
二,05/31/2005,12.9
五,05/27/2005,12.6
四,05/26/2005,12.7
三,05/25/2005,12.7
二,05/24/2005,13.0
一,05/23/2005,12.6
五,05/20/2005,12.5
四,05/19/2005,12.6
三,05/18/2005,12.42
二,05/17/2005,12.4
一,05/16/2005,12.7
五,05/13/2005,12.7
四,05/12/2005,12.7
三,05/11/2005,12.98
二,05/10/2005,12.85
一,05/09/2005,13.1
五,05/06/2005,13.3
四,05/05/2005,13.2
三,05/04/2005,13.2
二,05/03/2005,13.0
一,05/02/2005,13.1
五,04/29/2005,13.0
四,04/28/2005,12.7
三,04/27/2005,12.8
二,04/26/2005,12.8
一,04/25/2005,13.1
五,04/22/2005,13.0
四,04/21/2005,13.16
三,04/20/2005,12.8
二,04/19/2005,12.9
一,04/18/2005,12.6
五,04/15/2005,12.8
四,04/14/2005,13.0
三,04/13/2005,13.2
二,04/12/2005,13.3
一,04/11/2005,13.3
五,04/08/2005,13.2
四,04/07/2005,13.4
三,04/06/2005,13.5
二,04/05/2005,13.5
一,04/04/2005,13.5
五,04/01/2005,13.6
四,03/31/2005,13.6
三,03/30/2005,13.6
二,03/29/2005,13.64
一,03/28/2005,13.8
四,03/24/2005,13.7
三,03/23/2005,14.0
二,03/22/2005,13.9
一,03/21/2005,14.2
五,03/18/2005,14.2
四,03/17/2005,14.26
三,03/16/2005,14.4
二,03/15/2005,14.3
一,03/14/2005,14.4
五,03/11/2005,14.4
四,03/10/2005,14.4
三,03/09/2005,14.3
二,03/08/2005,14.1
一,03/07/2005,14.3
五,03/04/2005,14.36
四,03/03/2005,14.1
三,03/02/2005,14.2
二,03/01/2005,14.1
一,02/28/2005,13.7
五,02/25/2005,13.5
四,02/24/2005,13.7
三,02/23/2005,13.6
二,02/22/2005,13.5
五,02/18/2005,13.7
四,02/17/2005,13.7
三,02/16/2005,13.8
二,02/15/2005,13.9
一,02/14/2005,13.8
五,02/11/2005,13.7
四,02/10/2005,13.7
三,02/09/2005,13.6
二,02/08/2005,13.3
一,02/07/2005,13.3
五,02/04/2005,13.2
四,02/03/2005,13.6
三,02/02/2005,13.8
二,02/01/2005,14.0
一,01/31/2005,14.2
五,01/28/2005,14.0
四,01/27/2005,14.02
三,01/26/2005,14.2
二,01/25/2005,13.9
一,01/24/2005,14.05
五,01/21/2005,13.8
四,01/20/2005,13.94
三,01/19/2005,14.0
二,01/18/2005,14.5
五,01/14/2005,14.4
四,01/13/2005,14.0
三,01/12/2005,14.4
二,01/11/2005,14.3
一,01/10/2005,14.1
五,01/07/2005,14.1
四,01/06/2005,14.2
三,01/05/2005,14.1
二,01/04/2005,14.2
一,01/03/2005,14.6
五,12/31/2004,14.7
四,12/30/2004,14.5
三,12/29/2004,14.3
二,12/28/2004,14.5
一,12/27/2004,14.3
四,12/23/2004,14.1
三,12/22/2004,14.0
二,12/21/2004,13.9
一,12/20/2004,13.6
五,12/17/2004,13.5
四,12/16/2004,13.4
三,12/15/2004,13.4
二,12/14/2004,13.4
一,12/13/2004,13.4
五,12/10/2004,13.5
四,12/09/2004,13.5
三,12/08/2004,14.1
二,12/07/2004,14.0
一,12/06/2004,14.3
五,12/03/2004,14.1
四,12/02/2004,14.0
三,12/01/2004,14.2
二,11/30/2004,13.8
一,11/29/2004,13.9
五,11/26/2004,13.7
三,11/24/2004,13.9
二,11/23/2004,13.5
一,11/22/2004,13.5
五,11/19/2004,13.7
四,11/18/2004,14.0
三,11/17/2004,14.1
二,11/16/2004,13.8
一,11/15/2004,13.78
五,11/12/2004,13.2
四,11/11/2004,13.0
三,11/10/2004,12.9
二,11/09/2004,12.8
一,11/08/2004,13.0
五,11/05/2004,13.2
四,11/04/2004,13.2
三,11/03/2004,13.1
二,11/02/2004,13.0
一,11/01/2004,12.6
五,10/29/2004,12.8
四,10/28/2004,12.7
三,10/27/2004,12.6
二,10/26/2004,12.3
一,10/25/2004,12.2
五,10/22/2004,12.2
四,10/21/2004,12.0
三,10/20/2004,12.3
二,10/19/2004,12.3
一,10/18/2004,12.4
五,10/15/2004,12.62
四,10/14/2004,12.5
三,10/13/2004,12.5
二,10/12/2004,12.5
一,10/11/2004,12.3
五,10/08/2004,12.2
四,10/07/2004,12.2
三,10/06/2004,12.36
二,10/05/2004,12.24
一,10/04/2004,12.4
五,10/01/2004,12.06
四,09/30/2004,11.48
三,09/29/2004,11.2
二,09/28/2004,11.1
一,09/27/2004,10.9
五,09/24/2004,11.0
四,09/23/2004,11.1
三,09/22/2004,11.1
二,09/21/2004,11.32
一,09/20/2004,11.4
五,09/17/2004,11.5
四,09/16/2004,12.2
三,09/15/2004,12.1
二,09/14/2004,11.78
一,09/13/2004,11.8
五,09/10/2004,12.4
四,09/09/2004,12.3
三,09/08/2004,12.3
二,09/07/2004,12.0
五,09/03/2004,12.1
四,09/02/2004,12.0
三,09/01/2004,12.0
二,08/31/2004,12.3
一,08/30/2004,11.9
五,08/27/2004,12.2
四,08/26/2004,11.3
三,08/25/2004,11.2
二,08/24/2004,10.7
一,08/23/2004,11.36
五,08/20/2004,11.4
四,08/19/2004,11.3
三,08/18/2004,11.4
二,08/17/2004,10.9
一,08/16/2004,10.9
五,08/13/2004,11.5
四,08/12/2004,11.2
三,08/11/2004,11.4
二,08/10/2004,11.2
一,08/09/2004,11.4
五,08/06/2004,11.4
四,08/05/2004,12.1
三,08/04/2004,12.2
二,08/03/2004,11.5
一,08/02/2004,11.6
五,07/30/2004,11.8
四,07/29/2004,11.8
三,07/28/2004,12.18
二,07/27/2004,12.34
一,07/26/2004,12.6
五,07/23/2004,12.8
四,07/22/2004,13.3
三,07/21/2004,13.2
二,07/20/2004,13.2
一,07/19/2004,13.0
五,07/16/2004,13.02
四,07/15/2004,13.0
三,07/14/2004,13.5
二,07/13/2004,13.5
一,07/12/2004,12.7
五,07/09/2004,12.5
四,07/08/2004,11.8
三,07/07/2004,12.3
二,07/06/2004,12.5
五,07/02/2004,12.8
四,07/01/2004,13.1
三,06/30/2004,13.5
二,06/29/2004,13.8
一,06/28/2004,13.7
五,06/25/2004,13.1
四,06/24/2004,13.2
三,06/23/2004,12.8
二,06/22/2004,13.4
一,06/21/2004,13.6
五,06/18/2004,13.98
四,06/17/2004,13.9
三,06/16/2004,13.84
二,06/15/2004,13.8
一,06/14/2004,13.6
四,06/10/2004,14.0
三,06/09/2004,13.8
二,06/08/2004,14.2
一,06/07/2004,14.1
五,06/04/2004,13.4
四,06/03/2004,13.5
三,06/02/2004,13.9
二,06/01/2004,14.38
五,05/28/2004,14.1
四,05/27/2004,13.8
三,05/26/2004,13.8
二,05/25/2004,14.22
一,05/24/2004,14.48
五,05/21/2004,14.3
四,05/20/2004,13.4
三,05/19/2004,13.5
二,05/18/2004,13.04
一,05/17/2004,11.9
五,05/14/2004,12.26
四,05/13/2004,13.0
三,05/12/2004,13.1
二,05/11/2004,12.5
一,05/10/2004,12.2
五,05/07/2004,14.0
四,05/06/2004,15.0
三,05/05/2004,15.42
二,05/04/2004,15.3
一,05/03/2004,15.36
五,04/30/2004,15.0
四,04/29/2004,14.7
三,04/28/2004,14.6
二,04/27/2004,13.9
一,04/26/2004,14.4
五,04/23/2004,13.8
四,04/22/2004,14.38
三,04/21/2004,14.3
二,04/20/2004,14.0
一,04/19/2004,13.8
五,04/16/2004,14.6
四,04/15/2004,14.9
三,04/14/2004,15.32
二,04/13/2004,15.4
一,04/12/2004,15.54
四,04/08/2004,15.2
三,04/07/2004,15.0
二,04/06/2004,15.4
一,04/05/2004,15.0
五,04/02/2004,15.1
四,04/01/2004,14.6
三,03/31/2004,14.76
二,03/30/2004,14.0
一,03/29/2004,14.3
五,03/26/2004,14.4
四,03/25/2004,14.0
三,03/24/2004,13.9
二,03/23/2004,13.2
一,03/22/2004,12.7
五,03/19/2004,13.0
四,03/18/2004,13.3
三,03/17/2004,13.0
二,03/16/2004,12.6
一,03/15/2004,12.6
五,03/12/2004,12.2
四,03/11/2004,12.2
三,03/10/2004,12.4
二,03/09/2004,11.7
一,03/08/2004,11.5
五,03/05/2004,11.6
四,03/04/2004,11.7
三,03/03/2004,11.98
二,03/02/2004,11.68
一,03/01/2004,11.3
五,02/27/2004,11.3
四,02/26/2004,11.0
三,02/25/2004,10.4
二,02/24/2004,10.5
一,02/23/2004,10.7
五,02/20/2004,10.62
四,02/19/2004,11.16
三,02/18/2004,11.0
二,02/17/2004,11.1
五,02/13/2004,10.7
四,02/12/2004,10.9
三,02/11/2004,10.98
二,02/10/2004,11.0
一,02/09/2004,10.5
五,02/06/2004,10.1
四,02/05/2004,9.9
三,02/04/2004,9.7
二,02/03/2004,10.4
一,02/02/2004,10.4
五,01/30/2004,10.9
四,01/29/2004,10.6
三,01/28/2004,10.7
二,01/27/2004,10.78
一,01/26/2004,10.8
五,01/23/2004,10.82
四,01/22/2004,10.6
三,01/21/2004,10.8
二,01/20/2004,10.3
五,01/16/2004,10.7
四,01/15/2004,10.0
三,01/14/2004,10.6
二,01/13/2004,10.0
一,01/12/2004,10.1
五,01/09/2004,10.4
四,01/08/2004,10.6
三,01/07/2004,10.26
二,01/06/2004,10.4
一,01/05/2004,11.1
五,01/02/2004,10.5
三,12/31/2003,10.9
二,12/30/2003,10.4
一,12/29/2003,10.4
五,12/26/2003,10.2
三,12/24/2003,9.7
二,12/23/2003,9.3
一,12/22/2003,9.3
五,12/19/2003,9.7
四,12/18/2003,9.3
三,12/17/2003,9.2
二,12/16/2003,9.7
一,12/15/2003,9.6
五,12/12/2003,9.1
四,12/11/2003,9.0
三,12/10/2003,9.2
二,12/09/2003,9.5
一,12/08/2003,9.5
五,12/05/2003,9.9
四,12/04/2003,9.8
三,12/03/2003,10.2
二,12/02/2003,9.8
一,12/01/2003,9.5
五,11/28/2003,9.6
三,11/26/2003,9.9
二,11/25/2003,9.5
一,11/24/2003,9.0
五,11/21/2003,9.14
四,11/20/2003,8.68
三,11/19/2003,8.5
二,11/18/2003,8.9
一,11/17/2003,8.4
五,11/14/2003,9.28
四,11/13/2003,9.2
三,11/12/2003,9.08
二,11/11/2003,8.9
一,11/10/2003,8.9
五,11/07/2003,9.7
四,11/06/2003,9.8
三,11/05/2003,10.1
二,11/04/2003,10.0
一,11/03/2003,10.0
五,10/31/2003,10.3
四,10/30/2003,10.7
三,10/29/2003,10.8
二,10/28/2003,10.8
一,10/27/2003,10.5
五,10/24/2003,9.94
四,10/23/2003,10.0
三,10/22/2003,10.6
二,10/21/2003,11.12
一,10/20/2003,11.7
五,10/17/2003,12.18
四,10/16/2003,12.0
三,10/15/2003,11.68
二,10/14/2003,12.02
一,10/13/2003,11.8
五,10/10/2003,11.8
四,10/09/2003,10.62
三,10/08/2003,10.18
二,10/07/2003,9.6
一,10/06/2003,9.5
五,10/03/2003,9.4
四,10/02/2003,9.2
三,10/01/2003,9.1
二,09/30/2003,7.9
一,09/29/2003,8.52
五,09/26/2003,8.0
四,09/25/2003,7.6
三,09/24/2003,8.1
二,09/23/2003,8.7
一,09/22/2003,8.66
五,09/19/2003,8.66
四,09/18/2003,8.9
三,09/17/2003,8.08
二,09/16/2003,8.78
一,09/15/2003,7.8
五,09/12/2003,7.8
四,09/11/2003,7.7
三,09/10/2003,7.62
二,09/09/2003,7.5
一,09/08/2003,7.6
五,09/05/2003,7.3
四,09/04/2003,7.4
三,09/03/2003,7.9
二,09/02/2003,7.4
五,08/29/2003,6.8
四,08/28/2003,6.8
三,08/27/2003,6.78
二,08/26/2003,6.66
一,08/25/2003,6.3
五,08/22/2003,6.2
四,08/21/2003,6.3
三,08/20/2003,6.02
二,08/19/2003,5.5
一,08/18/2003,5.5
五,08/15/2003,5.5
四,08/14/2003,5.3
三,08/13/2003,5.3
二,08/12/2003,5.22
一,08/11/2003,4.6
五,08/08/2003,4.6
四,08/07/2003,4.78
三,08/06/2003,4.8
二,08/05/2003,4.7
一,08/04/2003,4.7
五,08/01/2003,4.92
四,07/31/2003,4.8
三,07/30/2003,4.8
二,07/29/2003,4.9
一,07/28/2003,4.9
五,07/25/2003,5.1
四,07/24/2003,5.0
三,07/23/2003,4.9
二,07/22/2003,4.6
一,07/21/2003,4.8
五,07/18/2003,4.96
四,07/17/2003,4.6
三,07/16/2003,5.3
二,07/15/2003,5.12
一,07/14/2003,5.0
五,07/11/2003,5.1
四,07/10/2003,5.38
三,07/09/2003,5.1
二,07/08/2003,5.3
一,07/07/2003,5.5
四,07/03/2003,4.7
三,07/02/2003,4.9
二,07/01/2003,4.56
一,06/30/2003,4.48
五,06/27/2003,4.22
四,06/26/2003,4.24
三,06/25/2003,4.1
二,06/24/2003,4.1
一,06/23/2003,4.6
五,06/20/2003,4.3
四,06/19/2003,4.2
三,06/18/2003,4.4
二,06/17/2003,4.4
一,06/16/2003,4.6
五,06/13/2003,4.36
四,06/12/2003,4.34
三,06/11/2003,4.38
二,06/10/2003,4.3
一,06/09/2003,4.38
五,06/06/2003,4.2
四,06/05/2003,3.8
三,06/04/2003,3.76
二,06/03/2003,3.2
一,06/02/2003,3.3
五,05/30/2003,3.38
四,05/29/2003,3.24
三,05/28/2003,3.28
二,05/27/2003,3.4
五,05/23/2003,3.22
四,05/22/2003,3.5
三,05/21/2003,3.38
二,05/20/2003,2.9
一,05/19/2003,3.3
五,05/16/2003,3.5
四,05/15/2003,3.62
三,05/14/2003,3.5
二,05/13/2003,3.68
一,05/12/2003,3.5
五,05/09/2003,3.4
四,05/08/2003,3.3
三,05/07/2003,3.36
二,05/06/2003,3.4
一,05/05/2003,3.5
五,05/02/2003,
四,05/01/2003,3.24
三,04/30/2003,3.1
二,04/29/2003,2.76
一,04/28/2003,2.8
五,04/25/2003,2.7
四,04/24/2003,2.7
三,04/23/2003,3.0
二,04/22/2003,3.2
一,04/21/2003,3.0
四,04/17/2003,3.1
三,04/16/2003,3.18
二,04/15/2003,3.18
一,04/14/2003,2.92
五,04/11/2003,3.04
四,04/10/2003,2.9
三,04/09/2003,2.8
二,04/08/2003,3.2
一,04/07/2003,3.2
五,04/04/2003,2.9
四,04/03/2003,2.9
三,04/02/2003,3.1
二,04/01/2003,3.5
一,03/31/2003,3.4
五,03/28/2003,3.7
四,03/27/2003,3.6
三,03/26/2003,4.1
二,03/25/2003,3.8
一,03/24/2003,3.8
五,03/21/2003,4.1
四,03/20/2003,4.0
三,03/19/2003,3.7
二,03/18/2003,3.6
一,03/17/2003,3.4
五,03/14/2003,4.1
四,03/13/2003,3.6
三,03/12/2003,3.9
二,03/11/2003,3.3
一,03/10/2003,3.9
五,03/07/2003,4.25
四,03/06/2003,4.4
三,03/05/2003,4.5
二,03/04/2003,4.5
一,03/03/2003,4.3
五,02/28/2003,4.62
四,02/27/2003,4.7
三,02/26/2003,4.7
二,02/25/2003,4.7
一,02/24/2003,5.2
五,02/21/2003,5.1
四,02/20/2003,5.1
三,02/19/2003,5.44
二,02/18/2003,5.7
五,02/14/2003,6.5
四,02/13/2003,6.3
三,02/12/2003,6.5
二,02/11/2003,6.0
一,02/10/2003,6.1
五,02/07/2003,6.0
四,02/06/2003,6.2
三,02/05/2003,6.8
二,02/04/2003,6.48
一,02/03/2003,6.56
五,01/31/2003,5.9
四,01/30/2003,5.9
三,01/29/2003,6.3
二,01/28/2003,6.3
一,01/27/2003,6.3
五,01/24/2003,6.8
四,01/23/2003,6.5
三,01/22/2003,6.2
二,01/21/2003,6.3
五,01/17/2003,
四,01/16/2003,6.0
三,01/15/2003,6.1
二,01/14/2003,
一,01/13/2003,
五,01/10/2003,
四,01/09/2003,
三,01/08/2003,
二,01/07/2003,
一,01/06/2003,
五,01/03/2003,
四,01/02/2003,
二,12/31/2002,
一,12/30/2002,
五,12/27/2002,
四,12/26/2002,
二,12/24/2002,
一,12/23/2002,
五,12/20/2002,
四,12/19/2002,
三,12/18/2002,
二,12/17/2002,
一,12/16/2002,
五,12/13/2002,
四,12/12/2002,
三,12/11/2002,
二,12/10/2002,
一,12/09/2002,
五,12/06/2002,
四,12/05/2002,
三,12/04/2002,
二,12/03/2002,
一,12/02/2002,
五,11/29/2002,
三,11/27/2002,
二,11/26/2002,
一,11/25/2002,
五,11/22/2002,
四,11/21/2002,
三,11/20/2002,
二,11/19/2002,
一,11/18/2002,
五,11/15/2002,
四,11/14/2002,
三,11/13/2002,
二,11/12/2002,
一,11/11/2002,
五,11/08/2002,
四,11/07/2002,
三,11/06/2002,
二,11/05/2002,
一,11/04/2002,
五,11/01/2002,
四,10/31/2002,
三,10/30/2002,
二,10/29/2002,
一,10/28/2002,
五,10/25/2002,
四,10/24/2002,
三,10/23/2002,
二,10/22/2002,
一,10/21/2002,
五,10/18/2002,
四,10/17/2002,
三,10/16/2002,
二,10/15/2002,
一,10/14/2002,
五,10/11/2002,
四,10/10/2002,
三,10/09/2002,
二,10/08/2002,
一,10/07/2002,
五,10/04/2002,
四,10/03/2002,
三,10/02/2002,
二,10/01/2002,
一,09/30/2002,
五,09/27/2002,
四,09/26/2002,
三,09/25/2002,
二,09/24/2002,
一,09/23/2002,
五,09/20/2002,
四,09/19/2002,
三,09/18/2002,
二,09/17/2002,
一,09/16/2002,
五,09/13/2002,
四,09/12/2002,
三,09/11/2002,
二,09/10/2002,
一,09/09/2002,
五,09/06/2002,
四,09/05/2002,
三,09/04/2002,
二,09/03/2002,
五,08/30/2002,
四,08/29/2002,
三,08/28/2002,
二,08/27/2002,
一,08/26/2002,
五,08/23/2002,
四,08/22/2002,
三,08/21/2002,
二,08/20/2002,
一,08/19/2002,
五,08/16/2002,
四,08/15/2002,
三,08/14/2002,
二,08/13/2002,
一,08/12/2002,
五,08/09/2002,
四,08/08/2002,
三,08/07/2002,
二,08/06/2002,
一,08/05/2002,
五,08/02/2002,
四,08/01/2002,
三,07/31/2002,
二,07/30/2002,
一,07/29/2002,
五,07/26/2002,
四,07/25/2002,
三,07/24/2002,
二,07/23/2002,
一,07/22/2002,
五,07/19/2002,
四,07/18/2002,
三,07/17/2002,
二,07/16/2002,
一,07/15/2002,
五,07/12/2002,
四,07/11/2002,
三,07/10/2002,
二,07/09/2002,
一,07/08/2002,
五,07/05/2002,
三,07/03/2002,
二,07/02/2002,
一,07/01/2002,
五,06/28/2002,
四,06/27/2002,
三,06/26/2002,
二,06/25/2002,
一,06/24/2002,
五,06/21/2002,
四,06/20/2002,
三,06/19/2002,
二,06/18/2002,
一,06/17/2002,
五,06/14/2002,
四,06/13/2002,
三,06/12/2002,
二,06/11/2002,
一,06/10/2002,
五,06/07/2002,
四,06/06/2002,
三,06/05/2002,
二,06/04/2002,
一,06/03/2002,
五,05/31/2002,
四,05/30/2002,
三,05/29/2002,
二,05/28/2002,
五,05/24/2002,
四,05/23/2002,
三,05/22/2002,
二,05/21/2002,
一,05/20/2002,
五,05/17/2002,
四,05/16/2002,
三,05/15/2002,
二,05/14/2002,
一,05/13/2002,
五,05/10/2002,
四,05/09/2002,
三,05/08/2002,
二,05/07/2002,
一,05/06/2002,
五,05/03/2002,
四,05/02/2002,
三,05/01/2002,
二,04/30/2002,
一,04/29/2002,
五,04/26/2002,
四,04/25/2002,
三,04/24/2002,
二,04/23/2002,
一,04/22/2002,
五,04/19/2002,
四,04/18/2002,
三,04/17/2002,
二,04/16/2002,
一,04/15/2002,
五,04/12/2002,
四,04/11/2002,
三,04/10/2002,
二,04/09/2002,
一,04/08/2002,
五,04/05/2002,
四,04/04/2002,
三,04/03/2002,
二,04/02/2002,
一,04/01/2002,
四,03/28/2002,
三,03/27/2002,
二,03/26/2002,
一,03/25/2002,
五,03/22/2002,
四,03/21/2002,
三,03/20/2002,
二,03/19/2002,
一,03/18/2002,
五,03/15/2002,
四,03/14/2002,
三,03/13/2002,
二,03/12/2002,
一,03/11/2002,
五,03/08/2002,
四,03/07/2002,
三,03/06/2002,
二,03/05/2002,
一,03/04/2002,
五,03/01/2002,
四,02/28/2002,
三,02/27/2002,
二,02/26/2002,
一,02/25/2002,
五,02/22/2002,
四,02/21/2002,
三,02/20/2002,
二,02/19/2002,
五,02/15/2002,
四,02/14/2002,
三,02/13/2002,
二,02/12/2002,
一,02/11/2002,
五,02/08/2002,
四,02/07/2002,
三,02/06/2002,
二,02/05/2002,
一,02/04/2002,
五,02/01/2002,
四,01/31/2002,
三,01/30/2002,
二,01/29/2002,
一,01/28/2002,
五,01/25/2002,
四,01/24/2002,
三,01/23/2002,
二,01/22/2002,
五,01/18/2002,
四,01/17/2002,
三,01/16/2002,
二,01/15/2002,
一,01/14/2002,
五,01/11/2002,
四,01/10/2002,
三,01/09/2002,
二,01/08/2002,
一,01/07/2002,
五,01/04/2002,
四,01/03/2002,
三,01/02/2002,
一,12/31/2001,
五,12/28/2001,
四,12/27/2001,
三,12/26/2001,
一,12/24/2001,
五,12/21/2001,
四,12/20/2001,
三,12/19/2001,
二,12/18/2001,
一,12/17/2001,
五,12/14/2001,
四,12/13/2001,
三,12/12/2001,
二,12/11/2001,
一,12/10/2001,
五,12/07/2001,
四,12/06/2001,
三,12/05/2001,
二,12/04/2001,
一,12/03/2001,
五,11/30/2001,
四,11/29/2001,
三,11/28/2001,
二,11/27/2001,
一,11/26/2001,
五,11/23/2001,
三,11/21/2001,
二,11/20/2001,
一,11/19/2001,
五,11/16/2001,
四,11/15/2001,
三,11/14/2001,
二,11/13/2001,
一,11/12/2001,
五,11/09/2001,
四,11/08/2001,
三,11/07/2001,
二,11/06/2001,
一,11/05/2001,
五,11/02/2001,
四,11/01/2001,
三,10/31/2001,
二,10/30/2001,
一,10/29/2001,
五,10/26/2001,
四,10/25/2001,
三,10/24/2001,
二,10/23/2001,
一,10/22/2001,
五,10/19/2001,
四,10/18/2001,
三,10/17/2001,
二,10/16/2001,
一,10/15/2001,
五,10/12/2001,
四,10/11/2001,
三,10/10/2001,
二,10/09/2001,
一,10/08/2001,
五,10/05/2001,
四,10/04/2001,
三,10/03/2001,
二,10/02/2001,
一,10/01/2001,
五,09/28/2001,
四,09/27/2001,
三,09/26/2001,
二,09/25/2001,
一,09/24/2001,
五,09/21/2001,
四,09/20/2001,
三,09/19/2001,
二,09/18/2001,
一,09/17/2001,
二,09/11/2001,
一,09/10/2001,
五,09/07/2001,
四,09/06/2001,
三,09/05/2001,
二,09/04/2001,
五,08/31/2001,
四,08/30/2001,
三,08/29/2001,
二,08/28/2001,
一,08/27/2001,
五,08/24/2001,
四,08/23/2001,
三,08/22/2001,
二,08/21/2001,
一,08/20/2001,
五,08/17/2001,
四,08/16/2001,
三,08/15/2001,
二,08/14/2001,
一,08/13/2001,
五,08/10/2001,
四,08/09/2001,
三,08/08/2001,
二,08/07/2001,
一,08/06/2001,
五,08/03/2001,
四,08/02/2001,
三,08/01/2001,
二,07/31/2001,
一,07/30/2001,
五,07/27/2001,
四,07/26/2001,
三,07/25/2001,
二,07/24/2001,
一,07/23/2001,
五,07/20/2001,
四,07/19/2001,
三,07/18/2001,
二,07/17/2001,
一,07/16/2001,
五,07/13/2001,
四,07/12/2001,
三,07/11/2001,
二,07/10/2001,
一,07/09/2001,
五,07/06/2001,
四,07/05/2001,
二,07/03/2001,
一,07/02/2001,
五,06/29/2001,
四,06/28/2001,
三,06/27/2001,
二,06/26/2001,
一,06/25/2001,
五,06/22/2001,
四,06/21/2001,
三,06/20/2001,
二,06/19/2001,
一,06/18/2001,
五,06/15/2001,
四,06/14/2001,
三,06/13/2001,
二,06/12/2001,
一,06/11/2001,
五,06/08/2001,
四,06/07/2001,
三,06/06/2001,
二,06/05/2001,
一,06/04/2001,
五,06/01/2001,
四,05/31/2001,
三,05/30/2001,
二,05/29/2001,
五,05/25/2001,
四,05/24/2001,
三,05/23/2001,
二,05/22/2001,
一,05/21/2001,
五,05/18/2001,
四,05/17/2001,
三,05/16/2001,
二,05/15/2001,
一,05/14/2001,
五,05/11/2001,
四,05/10/2001,
三,05/09/2001,
二,05/08/2001,
一,05/07/2001,
五,05/04/2001,
四,05/03/2001,
三,05/02/2001,
二,05/01/2001,
一,04/30/2001,
五,04/27/2001,
四,04/26/2001,
三,04/25/2001,
二,04/24/2001,
一,04/23/2001,
五,04/20/2001,
四,04/19/2001,
三,04/18/2001,
二,04/17/2001,
一,04/16/2001,
四,04/12/2001,
三,04/11/2001,
二,04/10/2001,
一,04/09/2001,
五,04/06/2001,
四,04/05/2001,
三,04/04/2001,
二,04/03/2001,
一,04/02/2001,
五,03/30/2001,
四,03/29/2001,
三,03/28/2001,
二,03/27/2001,
一,03/26/2001,
五,03/23/2001,
四,03/22/2001,
三,03/21/2001,
二,03/20/2001,
一,03/19/2001,
五,03/16/2001,
四,03/15/2001,
三,03/14/2001,
二,03/13/2001,
一,03/12/2001,
五,03/09/2001,
四,03/08/2001,
三,03/07/2001,
二,03/06/2001,
一,03/05/2001,
五,03/02/2001,
四,03/01/2001,
三,02/28/2001,
二,02/27/2001,
一,02/26/2001,
五,02/23/2001,
四,02/22/2001,
三,02/21/2001,
二,02/20/2001,
五,02/16/2001,
四,02/15/2001,
三,02/14/2001,
二,02/13/2001,
一,02/12/2001,
五,02/09/2001,
四,02/08/2001,
三,02/07/2001,
二,02/06/2001,
一,02/05/2001,
五,02/02/2001,
四,02/01/2001,
三,01/31/2001,
二,01/30/2001,
一,01/29/2001,
五,01/26/2001,
四,01/25/2001,
三,01/24/2001,
二,01/23/2001,
一,01/22/2001,
五,01/19/2001,
四,01/18/2001,
三,01/17/2001,
二,01/16/2001,
五,01/12/2001,
四,01/11/2001,
三,01/10/2001,
二,01/09/2001,
一,01/08/2001,
五,01/05/2001,
四,01/04/2001,
三,01/03/2001,
二,01/02/2001,
五,12/29/2000,
四,12/28/2000,
三,12/27/2000,
二,12/26/2000,
五,12/22/2000,
四,12/21/2000,
三,12/20/2000,
二,12/19/2000,
一,12/18/2000,
五,12/15/2000,
四,12/14/2000,
三,12/13/2000,
二,12/12/2000,
一,12/11/2000,
五,12/08/2000,
四,12/07/2000,
三,12/06/2000,
二,12/05/2000,
一,12/04/2000,
五,12/01/2000,
四,11/30/2000,
三,11/29/2000,
二,11/28/2000,
一,11/27/2000,
五,11/24/2000,
三,11/22/2000,
二,11/21/2000,
一,11/20/2000,
五,11/17/2000,
四,11/16/2000,
三,11/15/2000,
二,11/14/2000,
一,11/13/2000,
五,11/10/2000,
四,11/09/2000,
三,11/08/2000,
二,11/07/2000,
一,11/06/2000,
五,11/03/2000,
四,11/02/2000,
三,11/01/2000,
二,10/31/2000,
一,10/30/2000,
五,10/27/2000,
四,10/26/2000,
三,10/25/2000,
二,10/24/2000,
一,10/23/2000,
五,10/20/2000,
四,10/19/2000,
三,10/18/2000,
二,10/17/2000,
一,10/16/2000,
五,10/13/2000,
四,10/12/2000,
三,10/11/2000,
二,10/10/2000,
一,10/09/2000,
五,10/06/2000,
四,10/05/2000,
三,10/04/2000,
二,10/03/2000,
一,10/02/2000,
五,09/29/2000,
四,09/28/2000,
三,09/27/2000,
二,09/26/2000,
一,09/25/2000,
五,09/22/2000,
四,09/21/2000,
三,09/20/2000,
二,09/19/2000,
一,09/18/2000,
五,09/15/2000,
四,09/14/2000,
三,09/13/2000,
二,09/12/2000,
一,09/11/2000,
五,09/08/2000,
四,09/07/2000,
三,09/06/2000,
二,09/05/2000,
五,09/01/2000,
四,08/31/2000,
三,08/30/2000,
二,08/29/2000,
一,08/28/2000,
五,08/25/2000,
四,08/24/2000,
三,08/23/2000,
二,08/22/2000,
一,08/21/2000,
五,08/18/2000,
四,08/17/2000,
三,08/16/2000,
二,08/15/2000,
一,08/14/2000,
五,08/11/2000,
四,08/10/2000,
三,08/09/2000,
二,08/08/2000,
一,08/07/2000,
五,08/04/2000,
四,08/03/2000,
三,08/02/2000,
二,08/01/2000,
一,07/31/2000,
五,07/28/2000,
四,07/27/2000,
三,07/26/2000,
二,07/25/2000,
一,07/24/2000,
五,07/21/2000,
四,07/20/2000,
三,07/19/2000,
二,07/18/2000,
一,07/17/2000,
五,07/14/2000,
四,07/13/2000,
三,07/12/2000,
二,07/11/2000,
一,07/10/2000,
五,07/07/2000,
四,07/06/2000,
三,07/05/2000,
一,07/03/2000,
五,06/30/2000,
四,06/29/2000,
三,06/28/2000,
二,06/27/2000,
一,06/26/2000,
五,06/23/2000,
四,06/22/2000,
三,06/21/2000,
二,06/20/2000,
一,06/19/2000,
五,06/16/2000,
四,06/15/2000,
三,06/14/2000,
二,06/13/2000,
一,06/12/2000,
五,06/09/2000,
四,06/08/2000,
三,06/07/2000,
二,06/06/2000,
一,06/05/2000,
五,06/02/2000,
四,06/01/2000,
三,05/31/2000,
二,05/30/2000,
五,05/26/2000,
四,05/25/2000,
三,05/24/2000,
二,05/23/2000,
一,05/22/2000,
五,05/19/2000,
四,05/18/2000,
三,05/17/2000,
二,05/16/2000,
一,05/15/2000,
五,05/12/2000,
四,05/11/2000,
三,05/10/2000,
二,05/09/2000,
一,05/08/2000,
五,05/05/2000,
四,05/04/2000,
三,05/03/2000,
二,05/02/2000,
一,05/01/2000,
五,04/28/2000,
四,04/27/2000,
三,04/26/2000,
二,04/25/2000,
一,04/24/2000,
四,04/20/2000,
三,04/19/2000,
二,04/18/2000,
一,04/17/2000,
五,04/14/2000,
四,04/13/2000,
三,04/12/2000,
二,04/11/2000,
一,04/10/2000,
五,04/07/2000,
四,04/06/2000,
三,04/05/2000,
二,04/04/2000,
一,04/03/2000,
五,03/31/2000,
四,03/30/2000,
三,03/29/2000,
二,03/28/2000,
一,03/27/2000,
五,03/24/2000,
四,03/23/2000,
三,03/22/2000,
二,03/21/2000,
一,03/20/2000,
五,03/17/2000,
四,03/16/2000,
三,03/15/2000,
二,03/14/2000,
一,03/13/2000,
五,03/10/2000,
四,03/09/2000,
三,03/08/2000,
二,03/07/2000,
一,03/06/2000,
五,03/03/2000,
四,03/02/2000,
三,03/01/2000,
二,02/29/2000,
一,02/28/2000,
五,02/25/2000,
四,02/24/2000,
三,02/23/2000,
二,02/22/2000,
五,02/18/2000,
四,02/17/2000,
三,02/16/2000,
二,02/15/2000,
一,02/14/2000,
五,02/11/2000,
四,02/10/2000,
三,02/09/2000,
二,02/08/2000,
一,02/07/2000,
五,02/04/2000,
四,02/03/2000,
三,02/02/2000,
二,02/01/2000,
一,01/31/2000,
五,01/28/2000,
四,01/27/2000,
三,01/26/2000,
二,01/25/2000,
一,01/24/2000,
五,01/21/2000,
四,01/20/2000,
三,01/19/2000,
二,01/18/2000,
五,01/14/2000,
四,01/13/2000,
三,01/12/2000,
二,01/11/2000,
一,01/10/2000,
五,01/07/2000,
四,01/06/2000,
三,01/05/2000,
二,01/04/2000,
一,01/03/2000,
五,12/31/1999,
四,12/30/1999,
三,12/29/1999,
二,12/28/1999,
一,12/27/1999,
四,12/23/1999,
三,12/22/1999,
二,12/21/1999,
一,12/20/1999,
五,12/17/1999,
四,12/16/1999,
三,12/15/1999,
二,12/14/1999,
一,12/13/1999,
五,12/10/1999,
四,12/09/1999,
三,12/08/1999,
二,12/07/1999,
一,12/06/1999,
五,12/03/1999,
四,12/02/1999,
三,12/01/1999,
二,11/30/1999,
一,11/29/1999,
五,11/26/1999,
三,11/24/1999,
二,11/23/1999,
一,11/22/1999,
五,11/19/1999,
四,11/18/1999,
三,11/17/1999,
二,11/16/1999,
一,11/15/1999,
五,11/12/1999,
四,11/11/1999,
三,11/10/1999,
二,11/09/1999,
一,11/08/1999,
五,11/05/1999,
四,11/04/1999,
三,11/03/1999,
二,11/02/1999,
一,11/01/1999,
五,10/29/1999,
四,10/28/1999,
三,10/27/1999,
二,10/26/1999,
一,10/25/1999,
五,10/22/1999,
四,10/21/1999,
三,10/20/1999,
二,10/19/1999,
一,10/18/1999,
五,10/15/1999,
四,10/14/1999,
三,10/13/1999,
二,10/12/1999,
一,10/11/1999,
五,10/08/1999,
四,10/07/1999,
三,10/06/1999,
二,10/05/1999,
一,10/04/1999,
五,10/01/1999,
四,09/30/1999,
三,09/29/1999,
二,09/28/1999,
一,09/27/1999,
五,09/24/1999,
四,09/23/1999,
三,09/22/1999,
二,09/21/1999,
一,09/20/1999,
五,09/17/1999,
四,09/16/1999,
三,09/15/1999,
二,09/14/1999,
一,09/13/1999,
五,09/10/1999,
四,09/09/1999,
三,09/08/1999,
二,09/07/1999,
五,09/03/1999,
四,09/02/1999,
三,09/01/1999,
二,08/31/1999,
一,08/30/1999,
五,08/27/1999,
四,08/26/1999,
三,08/25/1999,
二,08/24/1999,
一,08/23/1999,
五,08/20/1999,
四,08/19/1999,
三,08/18/1999,
二,08/17/1999,
一,08/16/1999,
五,08/13/1999,
四,08/12/1999,
三,08/11/1999,
二,08/10/1999,
一,08/09/1999,
五,08/06/1999,
四,08/05/1999,
三,08/04/1999,
二,08/03/1999,
一,08/02/1999,
五,07/30/1999,
四,07/29/1999,
三,07/28/1999,
二,07/27/1999,
一,07/26/1999,
五,07/23/1999,
四,07/22/1999,
三,07/21/1999,
二,07/20/1999,
一,07/19/1999,
五,07/16/1999,
四,07/15/1999,
三,07/14/1999,
二,07/13/1999,
一,07/12/1999,
五,07/09/1999,
四,07/08/1999,
三,07/07/1999,
二,07/06/1999,
五,07/02/1999,
四,07/01/1999,
三,06/30/1999,
二,06/29/1999,
一,06/28/1999,
五,06/25/1999,
四,06/24/1999,
三,06/23/1999,
二,06/22/1999,
一,06/21/1999,
五,06/18/1999,
四,06/17/1999,
三,06/16/1999,
二,06/15/1999,
一,06/14/1999,
五,06/11/1999,
四,06/10/1999,
三,06/09/1999,
二,06/08/1999,
一,06/07/1999,
五,06/04/1999,
四,06/03/1999,
三,06/02/1999,
二,06/01/1999,
五,05/28/1999,
四,05/27/1999,
三,05/26/1999,
二,05/25/1999,
一,05/24/1999,
五,05/21/1999,
四,05/20/1999,
三,05/19/1999,
二,05/18/1999,
一,05/17/1999,
五,05/14/1999,
四,05/13/1999,
三,05/12/1999,
二,05/11/1999,
一,05/10/1999,
五,05/07/1999,
四,05/06/1999,
三,05/05/1999,
二,05/04/1999,
一,05/03/1999,
五,04/30/1999,
四,04/29/1999,
三,04/28/1999,
二,04/27/1999,
一,04/26/1999,
五,04/23/1999,
四,04/22/1999,
三,04/21/1999,
二,04/20/1999,
一,04/19/1999,
五,04/16/1999,
四,04/15/1999,
三,04/14/1999,
二,04/13/1999,
一,04/12/1999,
五,04/09/1999,
四,04/08/1999,
三,04/07/1999,
二,04/06/1999,
一,04/05/1999,
四,04/01/1999,
三,03/31/1999,
二,03/30/1999,
一,03/29/1999,
五,03/26/1999,
四,03/25/1999,
三,03/24/1999,
二,03/23/1999,
一,03/22/1999,
五,03/19/1999,
四,03/18/1999,
三,03/17/1999,
二,03/16/1999,
一,03/15/1999,
五,03/12/1999,
四,03/11/1999,
三,03/10/1999,
二,03/09/1999,
一,03/08/1999,
五,03/05/1999,
四,03/04/1999,
三,03/03/1999,
二,03/02/1999,
一,03/01/1999,
五,02/26/1999,
四,02/25/1999,
三,02/24/1999,
二,02/23/1999,
一,02/22/1999,
五,02/19/1999,
四,02/18/1999,
三,02/17/1999,
二,02/16/1999,
五,02/12/1999,
四,02/11/1999,
三,02/10/1999,
二,02/09/1999,
一,02/08/1999,
五,02/05/1999,
四,02/04/1999,
三,02/03/1999,
二,02/02/1999,
一,02/01/1999,
五,01/29/1999,
四,01/28/1999,
三,01/27/1999,
二,01/26/1999,
一,01/25/1999,
五,01/22/1999,
四,01/21/1999,
三,01/20/1999,
二,01/19/1999,
五,01/15/1999,
四,01/14/1999,
三,01/13/1999,
二,01/12/1999,
一,01/11/1999,
五,01/08/1999,
四,01/07/1999,
三,01/06/1999,
二,01/05/1999,
一,01/04/1999,
四,12/31/1998,
三,12/30/1998,
二,12/29/1998,
一,12/28/1998,
四,12/24/1998,
三,12/23/1998,
二,12/22/1998,
一,12/21/1998,
五,12/18/1998,
四,12/17/1998,
三,12/16/1998,
二,12/15/1998,
一,12/14/1998,
五,12/11/1998,
四,12/10/1998,
三,12/09/1998,
二,12/08/1998,
一,12/07/1998,
五,12/04/1998,
四,12/03/1998,
三,12/02/1998,
二,12/01/1998,
一,11/30/1998,
五,11/27/1998,
三,11/25/1998,
二,11/24/1998,
一,11/23/1998,
五,11/20/1998,
四,11/19/1998,
三,11/18/1998,
二,11/17/1998,
一,11/16/1998,
五,11/13/1998,
四,11/12/1998,
三,11/11/1998,
二,11/10/1998,
一,11/09/1998,
五,11/06/1998,
四,11/05/1998,
三,11/04/1998,
二,11/03/1998,
一,11/02/1998,
五,10/30/1998,
四,10/29/1998,
三,10/28/1998,
二,10/27/1998,
一,10/26/1998,
五,10/23/1998,
四,10/22/1998,
三,10/21/1998,
二,10/20/1998,
一,10/19/1998,
五,10/16/1998,
四,10/15/1998,
三,10/14/1998,
二,10/13/1998,
一,10/12/1998,
五,10/09/1998,
四,10/08/1998,
三,10/07/1998,
二,10/06/1998,
一,10/05/1998,
五,10/02/1998,
四,10/01/1998,
三,09/30/1998,
二,09/29/1998,
一,09/28/1998,
五,09/25/1998,
四,09/24/1998,
三,09/23/1998,
二,09/22/1998,
一,09/21/1998,
五,09/18/1998,
四,09/17/1998,
三,09/16/1998,
二,09/15/1998,
一,09/14/1998,
五,09/11/1998,
四,09/10/1998,
三,09/09/1998,
二,09/08/1998,
五,09/04/1998,
四,09/03/1998,
三,09/02/1998,
二,09/01/1998,
一,08/31/1998,
五,08/28/1998,
四,08/27/1998,
三,08/26/1998,
二,08/25/1998,
一,08/24/1998,
五,08/21/1998,
四,08/20/1998,
三,08/19/1998,
二,08/18/1998,
一,08/17/1998,
五,08/14/1998,
四,08/13/1998,
三,08/12/1998,
二,08/11/1998,
一,08/10/1998,
五,08/07/1998,
四,08/06/1998,
三,08/05/1998,
二,08/04/1998,
一,08/03/1998,
五,07/31/1998,
四,07/30/1998,
三,07/29/1998,
二,07/28/1998,
一,07/27/1998,
五,07/24/1998,
四,07/23/1998,
三,07/22/1998,
二,07/21/1998,
一,07/20/1998,
五,07/17/1998,
四,07/16/1998,
三,07/15/1998,
二,07/14/1998,
一,07/13/1998,
五,07/10/1998,
四,07/09/1998,
三,07/08/1998,
二,07/07/1998,
一,07/06/1998,
四,07/02/1998,
三,07/01/1998,
二,06/30/1998,
一,06/29/1998,
五,06/26/1998,
四,06/25/1998,
三,06/24/1998,
二,06/23/1998,
一,06/22/1998,
五,06/19/1998,
四,06/18/1998,
三,06/17/1998,
二,06/16/1998,
一,06/15/1998,
五,06/12/1998,
四,06/11/1998,
三,06/10/1998,
二,06/09/1998,
一,06/08/1998,
五,06/05/1998,
四,06/04/1998,
三,06/03/1998,
二,06/02/1998,
一,06/01/1998,
五,05/29/1998,
四,05/28/1998,
三,05/27/1998,
二,05/26/1998,
五,05/22/1998,
四,05/21/1998,
三,05/20/1998,
二,05/19/1998,
一,05/18/1998,
五,05/15/1998,
四,05/14/1998,
三,05/13/1998,
二,05/12/1998,
一,05/11/1998,
五,05/08/1998,
四,05/07/1998,
三,05/06/1998,
二,05/05/1998,
一,05/04/1998,
五,05/01/1998,
四,04/30/1998,
三,04/29/1998,
二,04/28/1998,
一,04/27/1998,
五,04/24/1998,
四,04/23/1998,
三,04/22/1998,
二,04/21/1998,
一,04/20/1998,
五,04/17/1998,
四,04/16/1998,
三,04/15/1998,
二,04/14/1998,
一,04/13/1998,
四,04/09/1998,
三,04/08/1998,
二,04/07/1998,
一,04/06/1998,
五,04/03/1998,
四,04/02/1998,
三,04/01/1998,
二,03/31/1998,
一,03/30/1998,
五,03/27/1998,
四,03/26/1998,
三,03/25/1998,
二,03/24/1998,
一,03/23/1998,
五,03/20/1998,
四,03/19/1998,
三,03/18/1998,
二,03/17/1998,
一,03/16/1998,
五,03/13/1998,
四,03/12/1998,
三,03/11/1998,
二,03/10/1998,
一,03/09/1998,
五,03/06/1998,
四,03/05/1998,
三,03/04/1998,
二,03/03/1998,
一,03/02/1998,
五,02/27/1998,
四,02/26/1998,
三,02/25/1998,
二,02/24/1998,
一,02/23/1998,
五,02/20/1998,
四,02/19/1998,
三,02/18/1998,
二,02/17/1998,
五,02/13/1998,
四,02/12/1998,
三,02/11/1998,
二,02/10/1998,
一,02/09/1998,
五,02/06/1998,
四,02/05/1998,
三,02/04/1998,
二,02/03/1998,
一,02/02/1998,
五,01/30/1998,
四,01/29/1998,
三,01/28/1998,
二,01/27/1998,
一,01/26/1998,
五,01/23/1998,
四,01/22/1998,
三,01/21/1998,
二,01/20/1998,
五,01/16/1998,
四,01/15/1998,
三,01/14/1998,
二,01/13/1998,
一,01/12/1998,
五,01/09/1998,
四,01/08/1998,
三,01/07/1998,
二,01/06/1998,
一,01/05/1998,
五,01/02/1998,
三,12/31/1997,
二,12/30/1997,
一,12/29/1997,
五,12/26/1997,
三,12/24/1997,
二,12/23/1997,
一,12/22/1997,
五,12/19/1997,
四,12/18/1997,
三,12/17/1997,
二,12/16/1997,
一,12/15/1997,
五,12/12/1997,
四,12/11/1997,
三,12/10/1997,
二,12/09/1997,
一,12/08/1997,
五,12/05/1997,
四,12/04/1997,
三,12/03/1997,
二,12/02/1997,
一,12/01/1997,
五,11/28/1997,
三,11/26/1997,
二,11/25/1997,
一,11/24/1997,
五,11/21/1997,
四,11/20/1997,
三,11/19/1997,
二,11/18/1997,
一,11/17/1997,
五,11/14/1997,
四,11/13/1997,
三,11/12/1997,
二,11/11/1997,
一,11/10/1997,
五,11/07/1997,
四,11/06/1997,
三,11/05/1997,
二,11/04/1997,
一,11/03/1997,
五,10/31/1997,
四,10/30/1997,
三,10/29/1997,
二,10/28/1997,
一,10/27/1997,
五,10/24/1997,
四,10/23/1997,
三,10/22/1997,
二,10/21/1997,
一,10/20/1997,
五,10/17/1997,
四,10/16/1997,
三,10/15/1997,
二,10/14/1997,
一,10/13/1997,
五,10/10/1997,
四,10/09/1997,
三,10/08/1997,
二,10/07/1997,
一,10/06/1997,
五,10/03/1997,
四,10/02/1997,
三,10/01/1997,
二,09/30/1997,
一,09/29/1997,
五,09/26/1997,
四,09/25/1997,
三,09/24/1997,
二,09/23/1997,
一,09/22/1997,
五,09/19/1997,
四,09/18/1997,
三,09/17/1997,
二,09/16/1997,
一,09/15/1997,
五,09/12/1997,
四,09/11/1997,
三,09/10/1997,
二,09/09/1997,
一,09/08/1997,
五,09/05/1997,
四,09/04/1997,
三,09/03/1997,
二,09/02/1997,
五,08/29/1997,
四,08/28/1997,
三,08/27/1997,
二,08/26/1997,
一,08/25/1997,
五,08/22/1997,
四,08/21/1997,
三,08/20/1997,
二,08/19/1997,
一,08/18/1997,
五,08/15/1997,
四,08/14/1997,
三,08/13/1997,
二,08/12/1997,
一,08/11/1997,
五,08/08/1997,
四,08/07/1997,
三,08/06/1997,
二,08/05/1997,
一,08/04/1997,
五,08/01/1997,
四,07/31/1997,
三,07/30/1997,
二,07/29/1997,
一,07/28/1997,
五,07/25/1997,
四,07/24/1997,
三,07/23/1997,
二,07/22/1997,
一,07/21/1997,
五,07/18/1997,
四,07/17/1997,
三,07/16/1997,
二,07/15/1997,
一,07/14/1997,
五,07/11/1997,
四,07/10/1997,
三,07/09/1997,
二,07/08/1997,
一,07/07/1997,
四,07/03/1997,
三,07/02/1997,
二,07/01/1997,
一,06/30/1997,
五,06/27/1997,
四,06/26/1997,
三,06/25/1997,
二,06/24/1997,
一,06/23/1997,
五,06/20/1997,
四,06/19/1997,
三,06/18/1997,
二,06/17/1997,
一,06/16/1997,
五,06/13/1997,
四,06/12/1997,
三,06/11/1997,
二,06/10/1997,
一,06/09/1997,
五,06/06/1997,
四,06/05/1997,
三,06/04/1997,
二,06/03/1997,
一,06/02/1997,
五,05/30/1997,
四,05/29/1997,
三,05/28/1997,
二,05/27/1997,
五,05/23/1997,
四,05/22/1997,
三,05/21/1997,
二,05/20/1997,
一,05/19/1997,
五,05/16/1997,
四,05/15/1997,
三,05/14/1997,
二,05/13/1997,
一,05/12/1997,
五,05/09/1997,
四,05/08/1997,
三,05/07/1997,
二,05/06/1997,
一,05/05/1997,
五,05/02/1997,
四,05/01/1997,
三,04/30/1997,
二,04/29/1997,
一,04/28/1997,
五,04/25/1997,
四,04/24/1997,
三,04/23/1997,
二,04/22/1997,
一,04/21/1997,
五,04/18/1997,
四,04/17/1997,
三,04/16/1997,
二,04/15/1997,
一,04/14/1997,
五,04/11/1997,
四,04/10/1997,
三,04/09/1997,
二,04/08/1997,
一,04/07/1997,
五,04/04/1997,
四,04/03/1997,
三,04/02/1997,
二,04/01/1997,
一,03/31/1997,
四,03/27/1997,
三,03/26/1997,
二,03/25/1997,
一,03/24/1997,
五,03/21/1997,
四,03/20/1997,
三,03/19/1997,
二,03/18/1997,
一,03/17/1997,
五,03/14/1997,
四,03/13/1997,
三,03/12/1997,
二,03/11/1997,
一,03/10/1997,
五,03/07/1997,
四,03/06/1997,
三,03/05/1997,
二,03/04/1997,
一,03/03/1997,
五,02/28/1997,
四,02/27/1997,
三,02/26/1997,
二,02/25/1997,
一,02/24/1997,
五,02/21/1997,
四,02/20/1997,
三,02/19/1997,
二,02/18/1997,
五,02/14/1997,
四,02/13/1997,
三,02/12/1997,
二,02/11/1997,
一,02/10/1997,
五,02/07/1997,
四,02/06/1997,
三,02/05/1997,
二,02/04/1997,
一,02/03/1997,
五,01/31/1997,
四,01/30/1997,
三,01/29/1997,
二,01/28/1997,
一,01/27/1997,
五,01/24/1997,
四,01/23/1997,
三,01/22/1997,
二,01/21/1997,
一,01/20/1997,
五,01/17/1997,
四,01/16/1997,
三,01/15/1997,
二,01/14/1997,
一,01/13/1997,
五,01/10/1997,
四,01/09/1997,
三,01/08/1997,
二,01/07/1997,
一,01/06/1997,
五,01/03/1997,
四,01/02/1997,
二,12/31/1996,
一,12/30/1996,
五,12/27/1996,
四,12/26/1996,
二,12/24/1996,
一,12/23/1996,
五,12/20/1996,
四,12/19/1996,
三,12/18/1996,
二,12/17/1996,
一,12/16/1996,
五,12/13/1996,
四,12/12/1996,
三,12/11/1996,
二,12/10/1996,
一,12/09/1996,
五,12/06/1996,
四,12/05/1996,
三,12/04/1996,
二,12/03/1996,
一,12/02/1996,
五,11/29/1996,
三,11/27/1996,
二,11/26/1996,
一,11/25/1996,
五,11/22/1996,
四,11/21/1996,
三,11/20/1996,
二,11/19/1996,
一,11/18/1996,
五,11/15/1996,
四,11/14/1996,
三,11/13/1996,
二,11/12/1996,
一,11/11/1996,
五,11/08/1996,
四,11/07/1996,
三,11/06/1996,
二,11/05/1996,
一,11/04/1996,
五,11/01/1996,
四,10/31/1996,
三,10/30/1996,
二,10/29/1996,
一,10/28/1996,
五,10/25/1996,
四,10/24/1996,
三,10/23/1996,
二,10/22/1996,
一,10/21/1996,
五,10/18/1996,
四,10/17/1996,
三,10/16/1996,
二,10/15/1996,
一,10/14/1996,
五,10/11/1996,
四,10/10/1996,
三,10/09/1996,
二,10/08/1996,
一,10/07/1996,
五,10/04/1996,
四,10/03/1996,
三,10/02/1996,
二,10/01/1996,
一,09/30/1996,
五,09/27/1996,
四,09/26/1996,
三,09/25/1996,
二,09/24/1996,
一,09/23/1996,
五,09/20/1996,
四,09/19/1996,
三,09/18/1996,
二,09/17/1996,
一,09/16/1996,
五,09/13/1996,
四,09/12/1996,
三,09/11/1996,
二,09/10/1996,
一,09/09/1996,
五,09/06/1996,
四,09/05/1996,
三,09/04/1996,
二,09/03/1996,
五,08/30/1996,
四,08/29/1996,
三,08/28/1996,
二,08/27/1996,
一,08/26/1996,
五,08/23/1996,
四,08/22/1996,
三,08/21/1996,
二,08/20/1996,
一,08/19/1996,
五,08/16/1996,
四,08/15/1996,
三,08/14/1996,
二,08/13/1996,
一,08/12/1996,
五,08/09/1996,
四,08/08/1996,
三,08/07/1996,
二,08/06/1996,
一,08/05/1996,
五,08/02/1996,
四,08/01/1996,
三,07/31/1996,
二,07/30/1996,
一,07/29/1996,
五,07/26/1996,
四,07/25/1996,
三,07/24/1996,
二,07/23/1996,
一,07/22/1996,
五,07/19/1996,
四,07/18/1996,
三,07/17/1996,
二,07/16/1996,
一,07/15/1996,
五,07/12/1996,
四,07/11/1996,
三,07/10/1996,
二,07/09/1996,
一,07/08/1996,
五,07/05/1996,
三,07/03/1996,
二,07/02/1996,
一,07/01/1996,
五,06/28/1996,
四,06/27/1996,
三,06/26/1996,
二,06/25/1996,
一,06/24/1996,
五,06/21/1996,
四,06/20/1996,
三,06/19/1996,
二,06/18/1996,
一,06/17/1996,
五,06/14/1996,
四,06/13/1996,
三,06/12/1996,
二,06/11/1996,
一,06/10/1996,
五,06/07/1996,
四,06/06/1996,
三,06/05/1996,
二,06/04/1996,
一,06/03/1996,
五,05/31/1996,
四,05/30/1996,
三,05/29/1996,
二,05/28/1996,
五,05/24/1996,
四,05/23/1996,
三,05/22/1996,
二,05/21/1996,
一,05/20/1996,
五,05/17/1996,
四,05/16/1996,
三,05/15/1996,
二,05/14/1996,
一,05/13/1996,
五,05/10/1996,
四,05/09/1996,
三,05/08/1996,
二,05/07/1996,
一,05/06/1996,
五,05/03/1996,
四,05/02/1996,
三,05/01/1996,
二,04/30/1996,
一,04/29/1996,
