四,04/26/2018,6.4
三,04/25/2018,6.35
二,04/24/2018,6.48
一,04/23/2018,6.51
五,04/20/2018,6.65
四,04/19/2018,6.68
三,04/18/2018,6.7
二,04/17/2018,6.18
一,04/16/2018,6.23
五,04/13/2018,6.32
四,04/12/2018,6.45
三,04/11/2018,6.53
二,04/10/2018,6.54
一,04/09/2018,6.37
五,04/06/2018,6.28
四,04/05/2018,6.61
三,04/04/2018,6.61
二,04/03/2018,6.72
一,04/02/2018,6.49
四,03/29/2018,6.6
三,03/28/2018,6.44
二,03/27/2018,6.54
一,03/26/2018,6.68
五,03/23/2018,6.23
四,03/22/2018,6.48
三,03/21/2018,6.85
二,03/20/2018,7.0
一,03/19/2018,6.8
五,03/16/2018,6.91
四,03/15/2018,6.99
三,03/14/2018,6.95
二,03/13/2018,6.95
一,03/12/2018,7.24
五,03/09/2018,7.17
四,03/08/2018,6.98
三,03/07/2018,6.84
二,03/06/2018,6.94
一,03/05/2018,6.76
五,03/02/2018,6.66
四,03/01/2018,6.56
三,02/28/2018,6.57
二,02/27/2018,6.48
一,02/26/2018,6.89
五,02/23/2018,6.68
四,02/22/2018,6.56
三,02/21/2018,6.36
二,02/20/2018,6.15
五,02/16/2018,6.13
四,02/15/2018,6.14
三,02/14/2018,6.09
二,02/13/2018,5.98
一,02/12/2018,5.86
五,02/09/2018,6.38
四,02/08/2018,6.08
三,02/07/2018,6.25
二,02/06/2018,6.75
一,02/05/2018,6.75
五,02/02/2018,6.96
四,02/01/2018,7.07
三,01/31/2018,7.25
二,01/30/2018,7.23
一,01/29/2018,7.25
五,01/26/2018,7.7
四,01/25/2018,7.5
三,01/24/2018,7.65
二,01/23/2018,7.45
一,01/22/2018,7.52
五,01/19/2018,7.41
四,01/18/2018,7.61
三,01/17/2018,7.38
二,01/16/2018,7.53
五,01/12/2018,8.0
四,01/11/2018,8.02
三,01/10/2018,7.89
二,01/09/2018,8.16
一,01/08/2018,8.3
五,01/05/2018,8.12
四,01/04/2018,8.3
三,01/03/2018,8.33
二,01/02/2018,8.04
五,12/29/2017,8.56
四,12/28/2017,8.47
三,12/27/2017,7.9
二,12/26/2017,7.9
五,12/22/2017,7.88
四,12/21/2017,7.56
三,12/20/2017,7.59
二,12/19/2017,7.44
一,12/18/2017,7.18
五,12/15/2017,7.11
四,12/14/2017,7.04
三,12/13/2017,7.13
二,12/12/2017,6.91
一,12/11/2017,6.93
五,12/08/2017,6.82
四,12/07/2017,6.61
三,12/06/2017,6.6
二,12/05/2017,6.73
一,12/04/2017,6.97
五,12/01/2017,7.1
四,11/30/2017,6.96
三,11/29/2017,6.78
二,11/28/2017,7.06
一,11/27/2017,7.21
五,11/24/2017,7.59
三,11/22/2017,7.7
二,11/21/2017,7.41
一,11/20/2017,7.45
五,11/17/2017,7.11
四,11/16/2017,7.62
三,11/15/2017,7.22
二,11/14/2017,7.9
一,11/13/2017,9.06
五,11/10/2017,8.74
四,11/09/2017,8.76
三,11/08/2017,8.47
二,11/07/2017,8.64
一,11/06/2017,9.11
五,11/03/2017,8.74
四,11/02/2017,7.96
三,11/01/2017,8.23
二,10/31/2017,7.59
一,10/30/2017,7.29
五,10/27/2017,7.01
四,10/26/2017,6.79
三,10/25/2017,6.82
二,10/24/2017,6.8
一,10/23/2017,6.83
五,10/20/2017,6.64
四,10/19/2017,6.36
三,10/18/2017,6.44
二,10/17/2017,6.5
一,10/16/2017,6.59
五,10/13/2017,6.43
四,10/12/2017,6.0
三,10/11/2017,6.21
二,10/10/2017,6.32
一,10/09/2017,6.26
五,10/06/2017,5.87
四,10/05/2017,5.63
三,10/04/2017,5.55
二,10/03/2017,5.59
一,10/02/2017,5.59
五,09/29/2017,5.56
四,09/28/2017,5.55
三,09/27/2017,5.37
二,09/26/2017,5.19
一,09/25/2017,5.11
五,09/22/2017,5.5
四,09/21/2017,5.53
三,09/20/2017,5.65
二,09/19/2017,5.46
一,09/18/2017,5.46
五,09/15/2017,5.23
四,09/14/2017,5.25
三,09/13/2017,5.14
二,09/12/2017,5.0
一,09/11/2017,5.08
五,09/08/2017,4.98
四,09/07/2017,5.08
三,09/06/2017,5.06
二,09/05/2017,5.08
五,09/01/2017,4.74
四,08/31/2017,4.72
三,08/30/2017,4.7
二,08/29/2017,4.75
一,08/28/2017,4.56
五,08/25/2017,4.6
四,08/24/2017,4.6
三,08/23/2017,4.63
二,08/22/2017,4.61
一,08/21/2017,4.65
五,08/18/2017,4.61
四,08/17/2017,4.6
三,08/16/2017,4.71
二,08/15/2017,4.67
一,08/14/2017,4.76
五,08/11/2017,4.69
四,08/10/2017,4.7
三,08/09/2017,5.04
二,08/08/2017,5.33
一,08/07/2017,5.47
五,08/04/2017,5.43
四,08/03/2017,5.48
三,08/02/2017,5.3
二,08/01/2017,5.43
一,07/31/2017,5.53
五,07/28/2017,5.47
四,07/27/2017,5.63
三,07/26/2017,5.85
二,07/25/2017,5.72
一,07/24/2017,5.81
五,07/21/2017,5.78
四,07/20/2017,5.79
三,07/19/2017,5.9
二,07/18/2017,5.88
一,07/17/2017,5.65
五,07/14/2017,5.73
四,07/13/2017,5.72
三,07/12/2017,5.79
二,07/11/2017,5.61
一,07/10/2017,5.48
五,07/07/2017,5.47
四,07/06/2017,5.6
三,07/05/2017,5.6
一,07/03/2017,5.5
五,06/30/2017,5.7
四,06/29/2017,5.24
三,06/28/2017,5.34
二,06/27/2017,5.29
一,06/26/2017,5.35
五,06/23/2017,5.37
四,06/22/2017,5.44
三,06/21/2017,5.42
二,06/20/2017,5.51
一,06/19/2017,5.55
五,06/16/2017,5.68
四,06/15/2017,5.46
三,06/14/2017,5.38
二,06/13/2017,5.04
一,06/12/2017,4.9
五,06/09/2017,4.95
四,06/08/2017,5.11
三,06/07/2017,5.14
二,06/06/2017,5.1
一,06/05/2017,5.02
五,06/02/2017,5.16
四,06/01/2017,5.2
三,05/31/2017,5.18
二,05/30/2017,5.42
五,05/26/2017,5.33
四,05/25/2017,5.36
三,05/24/2017,5.39
二,05/23/2017,5.34
一,05/22/2017,5.43
五,05/19/2017,5.45
四,05/18/2017,5.42
三,05/17/2017,5.46
二,05/16/2017,5.52
一,05/15/2017,5.52
五,05/12/2017,5.41
四,05/11/2017,5.79
三,05/10/2017,6.07
二,05/09/2017,6.08
一,05/08/2017,6.1
五,05/05/2017,6.1
四,05/04/2017,6.02
三,05/03/2017,6.15
二,05/02/2017,6.15
一,05/01/2017,6.32
五,04/28/2017,6.29
四,04/27/2017,6.07
三,04/26/2017,5.93
二,04/25/2017,5.9
一,04/24/2017,5.89
五,04/21/2017,5.96
四,04/20/2017,5.86
三,04/19/2017,5.89
二,04/18/2017,5.91
一,04/17/2017,6.01
四,04/13/2017,5.96
三,04/12/2017,6.1
二,04/11/2017,6.15
一,04/10/2017,6.18
五,04/07/2017,6.23
四,04/06/2017,6.2
三,04/05/2017,6.18
二,04/04/2017,6.29
一,04/03/2017,6.28
五,03/31/2017,6.28
四,03/30/2017,6.28
三,03/29/2017,6.52
二,03/28/2017,6.56
一,03/27/2017,6.56
五,03/24/2017,6.57
四,03/23/2017,6.59
三,03/22/2017,6.58
二,03/21/2017,6.61
一,03/20/2017,6.87
五,03/17/2017,6.89
四,03/16/2017,6.91
三,03/15/2017,6.82
二,03/14/2017,6.64
一,03/13/2017,6.7
五,03/10/2017,6.53
四,03/09/2017,6.55
三,03/08/2017,6.61
二,03/07/2017,6.71
一,03/06/2017,6.52
五,03/03/2017,6.56
四,03/02/2017,6.47
三,03/01/2017,6.63
二,02/28/2017,6.57
一,02/27/2017,6.71
五,02/24/2017,6.68
四,02/23/2017,6.83
三,02/22/2017,6.88
二,02/21/2017,6.72
五,02/17/2017,6.94
四,02/16/2017,6.94
三,02/15/2017,6.96
二,02/14/2017,7.2
一,02/13/2017,7.4
五,02/10/2017,7.3
四,02/09/2017,7.23
三,02/08/2017,7.33
二,02/07/2017,7.2
一,02/06/2017,6.98
五,02/03/2017,6.91
四,02/02/2017,6.84
三,02/01/2017,6.78
二,01/31/2017,6.88
一,01/30/2017,6.94
五,01/27/2017,6.95
四,01/26/2017,6.97
三,01/25/2017,7.02
二,01/24/2017,7.1
一,01/23/2017,6.92
五,01/20/2017,6.93
四,01/19/2017,7.02
三,01/18/2017,7.05
二,01/17/2017,7.09
五,01/13/2017,6.98
四,01/12/2017,7.01
三,01/11/2017,7.17
二,01/10/2017,7.36
一,01/09/2017,7.39
五,01/06/2017,7.41
四,01/05/2017,7.43
三,01/04/2017,7.55
二,01/03/2017,7.56
五,12/30/2016,7.62
四,12/29/2016,7.56
三,12/28/2016,7.01
二,12/27/2016,6.93
五,12/23/2016,6.87
四,12/22/2016,6.66
三,12/21/2016,6.6
二,12/20/2016,6.65
一,12/19/2016,6.46
五,12/16/2016,6.55
四,12/15/2016,6.42
三,12/14/2016,6.47
二,12/13/2016,6.24
一,12/12/2016,6.02
五,12/09/2016,5.96
四,12/08/2016,5.99
三,12/07/2016,6.53
二,12/06/2016,6.59
一,12/05/2016,6.44
五,12/02/2016,6.38
四,12/01/2016,6.24
三,11/30/2016,6.69
二,11/29/2016,6.73
一,11/28/2016,6.7
五,11/25/2016,6.74
三,11/23/2016,6.88
二,11/22/2016,7.1
一,11/21/2016,7.02
五,11/18/2016,6.81
四,11/17/2016,6.54
三,11/16/2016,6.61
二,11/15/2016,6.6
一,11/14/2016,6.63
五,11/11/2016,7.17
四,11/10/2016,7.11
三,11/09/2016,6.86
二,11/08/2016,6.91
一,11/07/2016,7.05
五,11/04/2016,6.94
四,11/03/2016,6.48
三,11/02/2016,6.48
二,11/01/2016,6.46
一,10/31/2016,6.04
五,10/28/2016,6.05
四,10/27/2016,6.21
三,10/26/2016,6.18
二,10/25/2016,6.34
一,10/24/2016,6.28
五,10/21/2016,6.24
四,10/20/2016,6.26
三,10/19/2016,6.34
二,10/18/2016,6.15
一,10/17/2016,6.04
五,10/14/2016,6.06
四,10/13/2016,5.83
三,10/12/2016,5.89
二,10/11/2016,5.69
一,10/10/2016,5.8
五,10/07/2016,5.82
四,10/06/2016,5.69
三,10/05/2016,5.67
二,10/04/2016,5.65
一,10/03/2016,5.58
五,09/30/2016,5.57
四,09/29/2016,5.62
三,09/28/2016,5.64
二,09/27/2016,5.58
一,09/26/2016,5.49
五,09/23/2016,5.54
四,09/22/2016,5.68
三,09/21/2016,5.7
二,09/20/2016,5.55
一,09/19/2016,5.5
五,09/16/2016,5.61
四,09/15/2016,5.67
三,09/14/2016,5.57
二,09/13/2016,5.45
一,09/12/2016,5.39
五,09/09/2016,5.49
四,09/08/2016,5.61
三,09/07/2016,5.6
二,09/06/2016,5.67
五,09/02/2016,5.69
四,09/01/2016,5.51
三,08/31/2016,5.42
二,08/30/2016,5.84
一,08/29/2016,5.75
五,08/26/2016,5.34
四,08/25/2016,5.07
三,08/24/2016,5.06
二,08/23/2016,5.05
一,08/22/2016,5.17
五,08/19/2016,5.15
四,08/18/2016,5.02
三,08/17/2016,4.99
二,08/16/2016,5.05
一,08/15/2016,5.13
五,08/12/2016,4.91
四,08/11/2016,4.7
三,08/10/2016,4.66
二,08/09/2016,4.41
一,08/08/2016,4.33
五,08/05/2016,4.19
四,08/04/2016,4.14
三,08/03/2016,4.13
二,08/02/2016,4.07
一,08/01/2016,4.14
五,07/29/2016,4.06
四,07/28/2016,4.15
三,07/27/2016,4.22
二,07/26/2016,4.11
一,07/25/2016,4.17
五,07/22/2016,4.2
四,07/21/2016,4.17
三,07/20/2016,4.18
二,07/19/2016,4.19
一,07/18/2016,4.17
五,07/15/2016,4.18
四,07/14/2016,4.2
三,07/13/2016,4.14
二,07/12/2016,4.16
一,07/11/2016,4.11
五,07/08/2016,4.05
四,07/07/2016,4.06
三,07/06/2016,4.04
二,07/05/2016,4.04
五,07/01/2016,4.07
四,06/30/2016,4.05
三,06/29/2016,4.07
二,06/28/2016,3.97
一,06/27/2016,4.0
五,06/24/2016,3.94
四,06/23/2016,4.1
三,06/22/2016,3.97
二,06/21/2016,4.02
一,06/20/2016,3.92
五,06/17/2016,3.93
四,06/16/2016,4.02
三,06/15/2016,4.06
二,06/14/2016,4.04
一,06/13/2016,4.04
五,06/10/2016,4.17
四,06/09/2016,4.22
三,06/08/2016,4.25
二,06/07/2016,4.51
一,06/06/2016,4.37
五,06/03/2016,4.26
四,06/02/2016,4.26
三,06/01/2016,4.17
二,05/31/2016,4.19
五,05/27/2016,4.2
四,05/26/2016,4.14
三,05/25/2016,4.18
二,05/24/2016,4.21
一,05/23/2016,4.21
五,05/20/2016,4.12
四,05/19/2016,4.06
三,05/18/2016,4.08
二,05/17/2016,4.16
一,05/16/2016,4.17
五,05/13/2016,4.03
四,05/12/2016,4.22
三,05/11/2016,4.02
二,05/10/2016,3.91
一,05/09/2016,3.9
五,05/06/2016,3.98
四,05/05/2016,3.99
三,05/04/2016,4.06
二,05/03/2016,4.04
一,05/02/2016,4.13
五,04/29/2016,4.14
四,04/28/2016,4.2
三,04/27/2016,4.24
二,04/26/2016,4.24
一,04/25/2016,4.25
五,04/22/2016,4.31
四,04/21/2016,4.3
三,04/20/2016,4.42
二,04/19/2016,4.49
一,04/18/2016,4.51
五,04/15/2016,4.43
四,04/14/2016,4.51
三,04/13/2016,4.47
二,04/12/2016,4.39
一,04/11/2016,4.35
五,04/08/2016,4.35
四,04/07/2016,4.31
三,04/06/2016,4.36
二,04/05/2016,4.41
一,04/04/2016,4.43
五,04/01/2016,4.44
四,03/31/2016,4.45
三,03/30/2016,4.43
二,03/29/2016,4.38
一,03/28/2016,4.4
四,03/24/2016,4.4
三,03/23/2016,4.44
二,03/22/2016,4.5
一,03/21/2016,4.48
五,03/18/2016,4.4
四,03/17/2016,4.39
三,03/16/2016,4.4
二,03/15/2016,4.31
一,03/14/2016,4.38
五,03/11/2016,4.4
四,03/10/2016,4.32
三,03/09/2016,4.43
二,03/08/2016,4.46
一,03/07/2016,4.54
五,03/04/2016,4.5
四,03/03/2016,4.43
三,03/02/2016,4.43
二,03/01/2016,4.28
一,02/29/2016,4.13
五,02/26/2016,4.24
四,02/25/2016,4.17
三,02/24/2016,4.29
二,02/23/2016,4.32
一,02/22/2016,4.47
五,02/19/2016,4.17
四,02/18/2016,4.15
三,02/17/2016,4.17
二,02/16/2016,4.18
五,02/12/2016,4.17
四,02/11/2016,4.06
三,02/10/2016,4.25
二,02/09/2016,4.24
一,02/08/2016,4.26
五,02/05/2016,4.34
四,02/04/2016,4.42
三,02/03/2016,4.42
二,02/02/2016,4.42
一,02/01/2016,4.48
五,01/29/2016,4.31
四,01/28/2016,4.33
三,01/27/2016,4.27
二,01/26/2016,4.33
一,01/25/2016,4.29
五,01/22/2016,4.45
四,01/21/2016,4.16
三,01/20/2016,4.23
二,01/19/2016,4.44
五,01/15/2016,4.48
四,01/14/2016,4.69
三,01/13/2016,4.63
二,01/12/2016,4.67
一,01/11/2016,4.51
五,01/08/2016,4.62
四,01/07/2016,4.64
三,01/06/2016,4.93
二,01/05/2016,4.97
一,01/04/2016,4.91
四,12/31/2015,5.05
三,12/30/2015,5.06
二,12/29/2015,5.1
一,12/28/2015,5.1
四,12/24/2015,5.18
三,12/23/2015,5.13
二,12/22/2015,5.13
一,12/21/2015,5.12
五,12/18/2015,5.13
四,12/17/2015,5.16
三,12/16/2015,5.24
二,12/15/2015,5.15
一,12/14/2015,5.04
五,12/11/2015,4.96
四,12/10/2015,5.08
三,12/09/2015,5.07
二,12/08/2015,5.17
一,12/07/2015,5.17
五,12/04/2015,5.14
四,12/03/2015,5.15
三,12/02/2015,5.23
二,12/01/2015,5.28
一,11/30/2015,5.26
五,11/27/2015,5.29
三,11/25/2015,5.42
二,11/24/2015,5.43
一,11/23/2015,5.52
五,11/20/2015,5.6
四,11/19/2015,5.4
三,11/18/2015,5.3
二,11/17/2015,5.35
一,11/16/2015,5.47
五,11/13/2015,5.22
四,11/12/2015,5.53
三,11/11/2015,4.88
二,11/10/2015,4.73
一,11/09/2015,4.75
五,11/06/2015,4.81
四,11/05/2015,4.71
三,11/04/2015,4.72
二,11/03/2015,4.67
一,11/02/2015,4.68
五,10/30/2015,4.65
四,10/29/2015,4.56
三,10/28/2015,4.59
二,10/27/2015,4.59
一,10/26/2015,4.74
五,10/23/2015,4.73
四,10/22/2015,4.76
三,10/21/2015,4.74
二,10/20/2015,4.76
一,10/19/2015,4.84
五,10/16/2015,4.87
四,10/15/2015,4.84
三,10/14/2015,4.8
二,10/13/2015,4.77
一,10/12/2015,4.79
五,10/09/2015,4.75
四,10/08/2015,4.88
三,10/07/2015,4.8
二,10/06/2015,4.7
一,10/05/2015,4.68
五,10/02/2015,4.68
四,10/01/2015,4.49
三,09/30/2015,4.49
二,09/29/2015,4.43
一,09/28/2015,4.36
五,09/25/2015,4.45
四,09/24/2015,4.47
三,09/23/2015,4.48
二,09/22/2015,4.58
一,09/21/2015,4.64
五,09/18/2015,4.45
四,09/17/2015,4.56
三,09/16/2015,4.7
二,09/15/2015,4.48
一,09/14/2015,4.42
五,09/11/2015,4.45
四,09/10/2015,4.49
三,09/09/2015,4.39
二,09/08/2015,4.48
五,09/04/2015,4.23
四,09/03/2015,4.26
三,09/02/2015,4.2
二,09/01/2015,4.13
一,08/31/2015,4.3
五,08/28/2015,4.35
四,08/27/2015,4.4
三,08/26/2015,4.12
二,08/25/2015,4.09
一,08/24/2015,3.91
五,08/21/2015,4.23
四,08/20/2015,4.46
三,08/19/2015,4.54
二,08/18/2015,4.63
一,08/17/2015,4.76
五,08/14/2015,4.8
四,08/13/2015,4.82
三,08/12/2015,4.67
二,08/11/2015,4.87
一,08/10/2015,4.62
五,08/07/2015,4.44
四,08/06/2015,4.37
三,08/05/2015,4.5
二,08/04/2015,4.38
一,08/03/2015,4.4
五,07/31/2015,4.45
四,07/30/2015,4.4632
三,07/29/2015,4.53
二,07/28/2015,4.44
一,07/27/2015,4.44
五,07/24/2015,4.82
四,07/23/2015,4.82
三,07/22/2015,4.87
二,07/21/2015,4.86
一,07/20/2015,4.91
五,07/17/2015,4.92
四,07/16/2015,4.87
三,07/15/2015,4.83
二,07/14/2015,5.0
一,07/13/2015,5.0
五,07/10/2015,4.99
四,07/09/2015,4.7
三,07/08/2015,4.18
二,07/07/2015,4.41
一,07/06/2015,4.82
四,07/02/2015,5.28
三,07/01/2015,5.38
二,06/30/2015,5.4168
一,06/29/2015,5.39
五,06/26/2015,5.64
四,06/25/2015,5.91
三,06/24/2015,6.06
二,06/23/2015,5.76
一,06/22/2015,5.58
五,06/19/2015,5.63
四,06/18/2015,5.65
三,06/17/2015,5.64
二,06/16/2015,5.59
一,06/15/2015,5.62
五,06/12/2015,5.56
四,06/11/2015,5.53
三,06/10/2015,5.57
二,06/09/2015,5.51
一,06/08/2015,5.49
五,06/05/2015,5.46
四,06/04/2015,5.47
三,06/03/2015,5.53
二,06/02/2015,5.64
一,06/01/2015,5.68
五,05/29/2015,5.66
四,05/28/2015,5.58
三,05/27/2015,5.76
二,05/26/2015,5.88
五,05/22/2015,5.38
四,05/21/2015,5.31
三,05/20/2015,5.3
二,05/19/2015,5.28
一,05/18/2015,5.34
五,05/15/2015,5.25
四,05/14/2015,5.18
三,05/13/2015,5.25
二,05/12/2015,5.28
一,05/11/2015,5.42
五,05/08/2015,5.37
四,05/07/2015,5.31
三,05/06/2015,5.03
二,05/05/2015,5.29
一,05/04/2015,5.48
五,05/01/2015,5.47
四,04/30/2015,5.47
三,04/29/2015,5.54
二,04/28/2015,5.49
一,04/27/2015,5.49
五,04/24/2015,5.4
四,04/23/2015,5.46
三,04/22/2015,5.45
二,04/21/2015,5.35
一,04/20/2015,5.11
五,04/17/2015,5.2
四,04/16/2015,5.48
三,04/15/2015,5.57
二,04/14/2015,5.58
一,04/13/2015,5.93
五,04/10/2015,6.03
四,04/09/2015,6.06
三,04/08/2015,5.7
二,04/07/2015,5.01
一,04/06/2015,4.98
四,04/02/2015,4.96
三,04/01/2015,4.96
二,03/31/2015,4.73
一,03/30/2015,4.65
五,03/27/2015,4.535
四,03/26/2015,4.56
三,03/25/2015,4.48
二,03/24/2015,4.37
一,03/23/2015,4.24
五,03/20/2015,4.1
四,03/19/2015,4.33
三,03/18/2015,4.36
二,03/17/2015,4.35
一,03/16/2015,4.38
五,03/13/2015,4.3
四,03/12/2015,4.39
三,03/11/2015,4.38
二,03/10/2015,4.35
一,03/09/2015,4.44
五,03/06/2015,4.43
四,03/05/2015,4.4
三,03/04/2015,4.4
二,03/03/2015,4.43
一,03/02/2015,4.5
五,02/27/2015,4.37
四,02/26/2015,4.32
三,02/25/2015,4.42
二,02/24/2015,4.32
一,02/23/2015,4.39
五,02/20/2015,4.43
四,02/19/2015,4.44
三,02/18/2015,4.43
二,02/17/2015,4.5
五,02/13/2015,4.68
四,02/12/2015,4.51
三,02/11/2015,4.51
二,02/10/2015,4.55
一,02/09/2015,4.33
五,02/06/2015,4.35
四,02/05/2015,4.37
三,02/04/2015,4.45
二,02/03/2015,4.38
一,02/02/2015,4.28
五,01/30/2015,4.23
四,01/29/2015,4.38
三,01/28/2015,4.41
二,01/27/2015,4.46
一,01/26/2015,4.5
五,01/23/2015,4.5
四,01/22/2015,4.56
三,01/21/2015,4.58
二,01/20/2015,4.54
五,01/16/2015,4.5
四,01/15/2015,4.55
三,01/14/2015,4.53
二,01/13/2015,4.57
一,01/12/2015,4.51
五,01/09/2015,4.53
四,01/08/2015,4.56
三,01/07/2015,4.56
二,01/06/2015,4.52
一,01/05/2015,4.68
五,01/02/2015,4.61
三,12/31/2014,4.52
二,12/30/2014,4.63
一,12/29/2014,4.7
五,12/26/2014,4.73
三,12/24/2014,4.74
二,12/23/2014,4.69
一,12/22/2014,4.59
五,12/19/2014,4.5
四,12/18/2014,4.75
三,12/17/2014,4.77
二,12/16/2014,4.65
一,12/15/2014,4.645
五,12/12/2014,4.81
四,12/11/2014,4.86
三,12/10/2014,4.91
二,12/09/2014,4.93
一,12/08/2014,4.86
五,12/05/2014,4.95
四,12/04/2014,5.0
三,12/03/2014,4.95
二,12/02/2014,5.04
一,12/01/2014,4.99
五,11/28/2014,5.13
三,11/26/2014,5.12
二,11/25/2014,5.24
一,11/24/2014,5.28
五,11/21/2014,5.41
四,11/20/2014,5.27
三,11/19/2014,5.31
二,11/18/2014,5.34
一,11/17/2014,5.33
五,11/14/2014,5.46
四,11/13/2014,5.2
三,11/12/2014,5.17
二,11/11/2014,5.1
一,11/10/2014,5.01
五,11/07/2014,4.9
四,11/06/2014,4.91
三,11/05/2014,4.69
二,11/04/2014,5.05
一,11/03/2014,5.11
五,10/31/2014,5.14
四,10/30/2014,5.08
三,10/29/2014,5.09
二,10/28/2014,5.1
一,10/27/2014,5.05
五,10/24/2014,5.1
四,10/23/2014,5.09
三,10/22/2014,5.12
二,10/21/2014,5.15
一,10/20/2014,5.09
五,10/17/2014,5.03
四,10/16/2014,4.9
三,10/15/2014,4.76
二,10/14/2014,4.73
一,10/13/2014,4.81
五,10/10/2014,4.82
四,10/09/2014,5.04
三,10/08/2014,5.34
二,10/07/2014,5.3
一,10/06/2014,5.12
五,10/03/2014,5.1
四,10/02/2014,5.0
三,10/01/2014,5.01
二,09/30/2014,5.09
一,09/29/2014,5.18
五,09/26/2014,5.22
四,09/25/2014,5.16
三,09/24/2014,5.01
二,09/23/2014,5.05
一,09/22/2014,5.04
五,09/19/2014,5.1
四,09/18/2014,5.1
三,09/17/2014,5.08
二,09/16/2014,4.91
一,09/15/2014,4.79
五,09/12/2014,4.84
四,09/11/2014,4.67
三,09/10/2014,4.68
二,09/09/2014,4.72
一,09/08/2014,4.74
五,09/05/2014,4.68
四,09/04/2014,4.75
三,09/03/2014,4.73
二,09/02/2014,4.71
五,08/29/2014,4.6
四,08/28/2014,4.6
三,08/27/2014,4.55
二,08/26/2014,4.56
一,08/25/2014,4.56
五,08/22/2014,4.63
四,08/21/2014,4.68
三,08/20/2014,4.71
二,08/19/2014,4.68
一,08/18/2014,4.67
五,08/15/2014,4.5
四,08/14/2014,4.61
三,08/13/2014,4.48
二,08/12/2014,4.5
一,08/11/2014,4.52
五,08/08/2014,4.4
四,08/07/2014,4.3
三,08/06/2014,4.57
二,08/05/2014,4.57
一,08/04/2014,4.55
五,08/01/2014,4.48
四,07/31/2014,4.55
三,07/30/2014,4.71
二,07/29/2014,4.69
一,07/28/2014,4.72
五,07/25/2014,4.63
四,07/24/2014,4.76
三,07/23/2014,4.8
二,07/22/2014,4.89
一,07/21/2014,4.9
五,07/18/2014,4.82
四,07/17/2014,4.66
三,07/16/2014,4.8
二,07/15/2014,4.87
一,07/14/2014,4.8
五,07/11/2014,4.72
四,07/10/2014,4.75
三,07/09/2014,4.59
二,07/08/2014,4.61
一,07/07/2014,4.73
四,07/03/2014,4.49
三,07/02/2014,4.38
二,07/01/2014,4.26
一,06/30/2014,4.22
五,06/27/2014,4.26
四,06/26/2014,4.23
三,06/25/2014,4.09
二,06/24/2014,4.08
一,06/23/2014,4.02
五,06/20/2014,3.88
四,06/19/2014,3.94
三,06/18/2014,4.02
二,06/17/2014,4.03
一,06/16/2014,4.07
五,06/13/2014,4.07
四,06/12/2014,4.05
三,06/11/2014,4.08
二,06/10/2014,4.07
一,06/09/2014,4.03
五,06/06/2014,4.06
四,06/05/2014,4.12
三,06/04/2014,3.98
二,06/03/2014,4.38
一,06/02/2014,4.23
五,05/30/2014,4.2
四,05/29/2014,4.09
三,05/28/2014,4.11
二,05/27/2014,4.13
五,05/23/2014,4.21
四,05/22/2014,4.06
三,05/21/2014,4.12
二,05/20/2014,4.11
一,05/19/2014,4.14
五,05/16/2014,4.1
四,05/15/2014,4.09
三,05/14/2014,3.97
二,05/13/2014,3.99
一,05/12/2014,4.02
五,05/09/2014,3.97
四,05/08/2014,4.06
三,05/07/2014,4.1
二,05/06/2014,4.12
一,05/05/2014,4.13
五,05/02/2014,4.14
四,05/01/2014,4.14
三,04/30/2014,4.15
二,04/29/2014,4.11
一,04/28/2014,4.12
五,04/25/2014,4.15
四,04/24/2014,4.27
三,04/23/2014,3.98
二,04/22/2014,3.92
一,04/21/2014,3.97
四,04/17/2014,3.97
三,04/16/2014,3.89
二,04/15/2014,3.85
一,04/14/2014,3.85
五,04/11/2014,3.82
四,04/10/2014,3.84
三,04/09/2014,3.86
二,04/08/2014,3.81
一,04/07/2014,3.76
五,04/04/2014,3.94
四,04/03/2014,4.0
三,04/02/2014,4.02
二,04/01/2014,3.93
一,03/31/2014,3.78
五,03/28/2014,3.8
四,03/27/2014,3.77
三,03/26/2014,3.88
二,03/25/2014,3.88
一,03/24/2014,3.89
五,03/21/2014,3.95
四,03/20/2014,3.96
三,03/19/2014,4.01
二,03/18/2014,4.0
一,03/17/2014,3.86
五,03/14/2014,3.89
四,03/13/2014,3.96
三,03/12/2014,3.94
二,03/11/2014,4.07
一,03/10/2014,4.21
五,03/07/2014,4.15
四,03/06/2014,4.13
三,03/05/2014,4.24
二,03/04/2014,4.29
一,03/03/2014,4.37
五,02/28/2014,4.25
四,02/27/2014,4.17
三,02/26/2014,4.16
二,02/25/2014,4.03
一,02/24/2014,4.13
五,02/21/2014,3.98
四,02/20/2014,4.19
三,02/19/2014,4.22
二,02/18/2014,4.29
五,02/14/2014,5.31
四,02/13/2014,5.23
三,02/12/2014,5.23
二,02/11/2014,5.17
一,02/10/2014,5.26
五,02/07/2014,5.1
四,02/06/2014,5.1
三,02/05/2014,5.02
二,02/04/2014,5.16
一,02/03/2014,4.82
五,01/31/2014,4.92
四,01/30/2014,4.94
三,01/29/2014,4.9
二,01/28/2014,5.06
一,01/27/2014,4.93
五,01/24/2014,4.59
四,01/23/2014,4.9
三,01/22/2014,4.8
二,01/21/2014,4.92
五,01/17/2014,4.56
四,01/16/2014,4.29
三,01/15/2014,4.17
二,01/14/2014,4.23
一,01/13/2014,4.33
五,01/10/2014,3.98
四,01/09/2014,3.95
三,01/08/2014,3.93
二,01/07/2014,3.97
一,01/06/2014,3.82
五,01/03/2014,3.97
四,01/02/2014,3.95
二,12/31/2013,3.9
一,12/30/2013,3.79
五,12/27/2013,3.76
四,12/26/2013,3.73
二,12/24/2013,3.72
一,12/23/2013,3.74
五,12/20/2013,3.72
四,12/19/2013,3.76
三,12/18/2013,3.83
二,12/17/2013,3.76
一,12/16/2013,3.82
五,12/13/2013,3.76
四,12/12/2013,3.72
三,12/11/2013,3.66
二,12/10/2013,3.87
一,12/09/2013,3.9
五,12/06/2013,3.96
四,12/05/2013,3.98
三,12/04/2013,4.05
二,12/03/2013,4.08
一,12/02/2013,4.03
五,11/29/2013,4.05
三,11/27/2013,3.87
二,11/26/2013,3.83
一,11/25/2013,3.78
五,11/22/2013,3.73
四,11/21/2013,3.71
三,11/20/2013,3.67
二,11/19/2013,3.71
一,11/18/2013,3.81
五,11/15/2013,3.66
四,11/14/2013,3.55
三,11/13/2013,3.57
二,11/12/2013,3.49
一,11/11/2013,3.53
五,11/08/2013,3.58
四,11/07/2013,3.57
三,11/06/2013,3.62
二,11/05/2013,3.6
一,11/04/2013,3.56
五,11/01/2013,3.58
四,10/31/2013,3.66
三,10/30/2013,3.69
二,10/29/2013,3.69
一,10/28/2013,3.71
五,10/25/2013,3.71
四,10/24/2013,
三,10/23/2013,3.69
二,10/22/2013,3.99
一,10/21/2013,4.04
五,10/18/2013,4.11
四,10/17/2013,4.02
三,10/16/2013,3.97
二,10/15/2013,3.91
一,10/14/2013,3.94
五,10/11/2013,3.96
四,10/10/2013,4.04
三,10/09/2013,3.92
二,10/08/2013,3.75
一,10/07/2013,3.59
五,10/04/2013,3.72
四,10/03/2013,3.6
三,10/02/2013,3.59
二,10/01/2013,3.52
一,09/30/2013,3.47
五,09/27/2013,3.51
四,09/26/2013,3.57
三,09/25/2013,3.61
二,09/24/2013,3.52
一,09/23/2013,3.61
五,09/20/2013,3.5
四,09/19/2013,3.52
三,09/18/2013,3.59
二,09/17/2013,3.53
一,09/16/2013,3.61
五,09/13/2013,3.57
四,09/12/2013,3.57
三,09/11/2013,3.65
二,09/10/2013,3.78
一,09/09/2013,3.75
五,09/06/2013,3.71
四,09/05/2013,3.76
三,09/04/2013,3.78
二,09/03/2013,3.69
五,08/30/2013,3.55
四,08/29/2013,3.63
三,08/28/2013,3.56
二,08/27/2013,3.58
一,08/26/2013,3.74
五,08/23/2013,3.81
四,08/22/2013,3.83
三,08/21/2013,3.7
二,08/20/2013,3.73
一,08/19/2013,3.75
五,08/16/2013,3.73
四,08/15/2013,3.77
三,08/14/2013,3.89
二,08/13/2013,3.91
一,08/12/2013,4.0
五,08/09/2013,4.05
四,08/08/2013,4.06
三,08/07/2013,3.97
二,08/06/2013,4.11
一,08/05/2013,4.03
五,08/02/2013,3.71
四,08/01/2013,3.75
三,07/31/2013,3.66
二,07/30/2013,3.76
一,07/29/2013,3.77
五,07/26/2013,3.84
四,07/25/2013,3.74
三,07/24/2013,3.79
二,07/23/2013,3.91
一,07/22/2013,3.91
五,07/19/2013,3.8
四,07/18/2013,4.02
三,07/17/2013,4.15
二,07/16/2013,4.16
一,07/15/2013,4.16
五,07/12/2013,4.04
四,07/11/2013,4.11
三,07/10/2013,3.96
二,07/09/2013,4.07
一,07/08/2013,4.01
五,07/05/2013,3.88
三,07/03/2013,3.57
二,07/02/2013,3.71
一,07/01/2013,3.61
五,06/28/2013,3.65
四,06/27/2013,3.61
三,06/26/2013,3.64
二,06/25/2013,3.57
一,06/24/2013,3.63
五,06/21/2013,3.76
四,06/20/2013,3.78
三,06/19/2013,3.91
二,06/18/2013,3.98
一,06/17/2013,3.93
五,06/14/2013,3.79
四,06/13/2013,4.02
三,06/12/2013,3.94
二,06/11/2013,3.98
一,06/10/2013,3.96
五,06/07/2013,4.04
四,06/06/2013,4.04
三,06/05/2013,4.1
二,06/04/2013,4.13
一,06/03/2013,4.06
五,05/31/2013,4.01
四,05/30/2013,4.25
三,05/29/2013,4.46
二,05/28/2013,4.56
五,05/24/2013,4.36
四,05/23/2013,4.2
三,05/22/2013,4.01
二,05/21/2013,4.03
一,05/20/2013,4.27
五,05/17/2013,4.09
四,05/16/2013,4.09
三,05/15/2013,4.14
二,05/14/2013,4.06
一,05/13/2013,4.15
五,05/10/2013,4.06
四,05/09/2013,3.86
三,05/08/2013,3.89
二,05/07/2013,3.84
一,05/06/2013,3.88
五,05/03/2013,3.92
四,05/02/2013,3.91
三,05/01/2013,3.54
二,04/30/2013,3.64
一,04/29/2013,3.61
五,04/26/2013,3.58
四,04/25/2013,3.46
三,04/24/2013,3.3
二,04/23/2013,3.22
一,04/22/2013,3.25
五,04/19/2013,3.24
四,04/18/2013,3.16
三,04/17/2013,3.16
二,04/16/2013,3.18
一,04/15/2013,2.98
五,04/12/2013,3.01
四,04/11/2013,3.05
三,04/10/2013,3.12
二,04/09/2013,2.96
一,04/08/2013,2.91
五,04/05/2013,2.88
四,04/04/2013,2.97
三,04/03/2013,2.96
二,04/02/2013,3.03
一,04/01/2013,2.9
四,03/28/2013,2.92
三,03/27/2013,3.05
二,03/26/2013,3.02
一,03/25/2013,3.0
五,03/22/2013,3.02
四,03/21/2013,3.08
三,03/20/2013,3.03
二,03/19/2013,2.83
一,03/18/2013,2.71
五,03/15/2013,2.8
四,03/14/2013,2.87
三,03/13/2013,2.8
二,03/12/2013,2.84
一,03/11/2013,2.88
五,03/08/2013,2.91
四,03/07/2013,2.96
三,03/06/2013,2.93
二,03/05/2013,2.95
一,03/04/2013,2.88
五,03/01/2013,2.9
四,02/28/2013,2.83
三,02/27/2013,2.71
二,02/26/2013,2.56
一,02/25/2013,2.62
五,02/22/2013,2.72
四,02/21/2013,2.63
三,02/20/2013,2.68
二,02/19/2013,2.71
五,02/15/2013,2.9
四,02/14/2013,2.92
三,02/13/2013,2.83
二,02/12/2013,2.82
一,02/11/2013,2.79
五,02/08/2013,2.82
四,02/07/2013,2.97
三,02/06/2013,3.37
二,02/05/2013,3.13
一,02/04/2013,2.95
五,02/01/2013,3.09
四,01/31/2013,3.04
三,01/30/2013,3.02
二,01/29/2013,3.0
一,01/28/2013,3.01
五,01/25/2013,3.04
四,01/24/2013,3.07
三,01/23/2013,3.09
二,01/22/2013,3.16
五,01/18/2013,3.08
四,01/17/2013,3.14
三,01/16/2013,3.07
二,01/15/2013,3.0
一,01/14/2013,3.04
五,01/11/2013,3.06
四,01/10/2013,3.23
三,01/09/2013,3.05
二,01/08/2013,2.71
一,01/07/2013,2.64
五,01/04/2013,2.72
四,01/03/2013,2.61
三,01/02/2013,2.67
一,12/31/2012,2.55
五,12/28/2012,2.42
四,12/27/2012,2.37
三,12/26/2012,2.28
一,12/24/2012,2.25
五,12/21/2012,2.3
四,12/20/2012,2.42
三,12/19/2012,2.43
二,12/18/2012,2.43
一,12/17/2012,2.37
五,12/14/2012,2.42
四,12/13/2012,2.37
三,12/12/2012,2.42
二,12/11/2012,2.42
一,12/10/2012,2.41
五,12/07/2012,2.45
四,12/06/2012,2.49
三,12/05/2012,2.41
二,12/04/2012,2.37
一,12/03/2012,2.4
五,11/30/2012,2.39
四,11/29/2012,2.36
三,11/28/2012,2.38
二,11/27/2012,2.37
一,11/26/2012,2.32
五,11/23/2012,2.41
三,11/21/2012,2.28
二,11/20/2012,2.26
一,11/19/2012,2.38
五,11/16/2012,2.29
四,11/15/2012,2.28
三,11/14/2012,2.3
二,11/13/2012,2.28
一,11/12/2012,2.33
五,11/09/2012,2.3
四,11/08/2012,2.19
三,11/07/2012,2.15
二,11/06/2012,2.23
一,11/05/2012,2.1
五,11/02/2012,1.94
四,11/01/2012,2.01
三,10/31/2012,1.89
五,10/26/2012,1.88
四,10/25/2012,2.0
三,10/24/2012,2.03
二,10/23/2012,1.98
一,10/22/2012,2.01
五,10/19/2012,1.96
四,10/18/2012,1.9
三,10/17/2012,1.92
二,10/16/2012,1.91
一,10/15/2012,1.88
五,10/12/2012,1.83
四,10/11/2012,1.86
三,10/10/2012,1.8
二,10/09/2012,1.79
一,10/08/2012,1.83
五,10/05/2012,1.9
四,10/04/2012,1.9
三,10/03/2012,1.83
二,10/02/2012,1.82
一,10/01/2012,1.76
五,09/28/2012,1.8
四,09/27/2012,1.81
三,09/26/2012,1.71
二,09/25/2012,1.73
一,09/24/2012,1.8
五,09/21/2012,1.84
四,09/20/2012,1.82
三,09/19/2012,1.87
二,09/18/2012,1.82
一,09/17/2012,1.9
五,09/14/2012,1.96
四,09/13/2012,1.9
三,09/12/2012,1.86
二,09/11/2012,1.84
一,09/10/2012,1.8
五,09/07/2012,1.85
四,09/06/2012,1.84
三,09/05/2012,1.75
二,09/04/2012,1.81
五,08/31/2012,1.86
四,08/30/2012,1.89
三,08/29/2012,1.95
二,08/28/2012,1.96
一,08/27/2012,1.94
五,08/24/2012,1.91
四,08/23/2012,1.93
三,08/22/2012,1.86
二,08/21/2012,1.89
一,08/20/2012,1.87
五,08/17/2012,1.85
四,08/16/2012,1.82
三,08/15/2012,1.78
二,08/14/2012,1.75
一,08/13/2012,1.77
五,08/10/2012,1.88
四,08/09/2012,1.94
三,08/08/2012,1.82
二,08/07/2012,1.85
一,08/06/2012,1.76
五,08/03/2012,1.72
四,08/02/2012,1.67
三,08/01/2012,1.71
二,07/31/2012,1.81
一,07/30/2012,1.73
五,07/27/2012,1.82
四,07/26/2012,1.79
三,07/25/2012,1.8
二,07/24/2012,1.69
一,07/23/2012,1.67
五,07/20/2012,1.49
四,07/19/2012,1.55
三,07/18/2012,1.54
二,07/17/2012,1.52
一,07/16/2012,1.5
五,07/13/2012,1.58
四,07/12/2012,1.52
三,07/11/2012,1.57
二,07/10/2012,1.51
一,07/09/2012,1.52
五,07/06/2012,1.54
四,07/05/2012,1.63
二,07/03/2012,1.65
一,07/02/2012,1.59
五,06/29/2012,1.64
四,06/28/2012,1.52
三,06/27/2012,1.58
二,06/26/2012,1.56
一,06/25/2012,1.5
五,06/22/2012,1.57
四,06/21/2012,1.54
三,06/20/2012,1.63
二,06/19/2012,1.62
一,06/18/2012,1.58
五,06/15/2012,1.49
四,06/14/2012,1.52
三,06/13/2012,1.57
二,06/12/2012,1.64
一,06/11/2012,1.59
五,06/08/2012,1.57
四,06/07/2012,1.65
三,06/06/2012,1.64
二,06/05/2012,1.59
一,06/04/2012,1.53
五,06/01/2012,1.51
四,05/31/2012,1.62
三,05/30/2012,1.86
二,05/29/2012,2.02
五,05/25/2012,1.9
四,05/24/2012,2.0
三,05/23/2012,2.07
二,05/22/2012,2.14
一,05/21/2012,2.21
五,05/18/2012,2.13
四,05/17/2012,2.02
三,05/16/2012,2.08
二,05/15/2012,2.3
一,05/14/2012,2.39
五,05/11/2012,2.42
四,05/10/2012,2.39
三,05/09/2012,2.31
二,05/08/2012,2.39
一,05/07/2012,2.43
五,05/04/2012,2.41
四,05/03/2012,2.41
三,05/02/2012,2.53
二,05/01/2012,2.43
一,04/30/2012,2.43
五,04/27/2012,2.47
四,04/26/2012,2.45
三,04/25/2012,2.42
二,04/24/2012,2.45
一,04/23/2012,2.38
五,04/20/2012,2.52
四,04/19/2012,2.48
三,04/18/2012,2.53
二,04/17/2012,2.57
一,04/16/2012,2.59
五,04/13/2012,2.56
四,04/12/2012,2.65
三,04/11/2012,2.62
二,04/10/2012,2.47
一,04/09/2012,2.4
四,04/05/2012,2.44
三,04/04/2012,2.38
二,04/03/2012,2.41
一,04/02/2012,2.43
五,03/30/2012,2.4
四,03/29/2012,2.38
三,03/28/2012,2.39
二,03/27/2012,2.47
一,03/26/2012,2.46
五,03/23/2012,2.44
四,03/22/2012,2.35
三,03/21/2012,2.44
二,03/20/2012,2.45
一,03/19/2012,2.43
五,03/16/2012,2.45
四,03/15/2012,2.57
三,03/14/2012,2.5
二,03/13/2012,2.58
一,03/12/2012,2.59
五,03/09/2012,2.61
四,03/08/2012,2.64
三,03/07/2012,2.5
二,03/06/2012,2.51
一,03/05/2012,2.58
五,03/02/2012,2.57
四,03/01/2012,2.63
三,02/29/2012,2.58
二,02/28/2012,2.67
一,02/27/2012,2.63
五,02/24/2012,2.7
四,02/23/2012,2.74
三,02/22/2012,2.73
二,02/21/2012,2.71
五,02/17/2012,2.76
四,02/16/2012,2.82
三,02/15/2012,2.77
二,02/14/2012,2.74
一,02/13/2012,2.76
五,02/10/2012,2.71
四,02/09/2012,2.78
三,02/08/2012,2.74
二,02/07/2012,2.62
一,02/06/2012,2.64
五,02/03/2012,2.86
四,02/02/2012,2.85
三,02/01/2012,2.7
二,01/31/2012,2.58
一,01/30/2012,2.46
五,01/27/2012,2.65
四,01/26/2012,2.61
三,01/25/2012,2.52
二,01/24/2012,2.48
一,01/23/2012,2.48
五,01/20/2012,2.52
四,01/19/2012,2.48
三,01/18/2012,2.51
二,01/17/2012,2.42
五,01/13/2012,2.44
四,01/12/2012,2.48
三,01/11/2012,2.48
二,01/10/2012,2.42
一,01/09/2012,2.39
五,01/06/2012,2.34
四,01/05/2012,2.37
三,01/04/2012,2.33
二,01/03/2012,2.45
五,12/30/2011,2.35
四,12/29/2011,2.38
三,12/28/2011,2.29
二,12/27/2011,2.3
五,12/23/2011,2.38
四,12/22/2011,2.35
三,12/21/2011,2.32
二,12/20/2011,2.38
一,12/19/2011,2.23
五,12/16/2011,2.39
四,12/15/2011,2.31
三,12/14/2011,2.35
二,12/13/2011,2.3
一,12/12/2011,2.31
五,12/09/2011,2.35
四,12/08/2011,2.32
三,12/07/2011,2.42
二,12/06/2011,2.39
一,12/05/2011,2.44
五,12/02/2011,2.49
四,12/01/2011,2.53
三,11/30/2011,2.56
二,11/29/2011,2.39
一,11/28/2011,2.52
五,11/25/2011,2.4
三,11/23/2011,2.33
二,11/22/2011,2.48
一,11/21/2011,2.34
五,11/18/2011,2.45
四,11/17/2011,2.45
三,11/16/2011,2.49
二,11/15/2011,2.55
一,11/14/2011,2.57
五,11/11/2011,2.61
四,11/10/2011,2.48
三,11/09/2011,2.55
二,11/08/2011,2.68
一,11/07/2011,2.76
五,11/04/2011,2.75
四,11/03/2011,2.79
三,11/02/2011,2.88
二,11/01/2011,2.55
一,10/31/2011,2.65
五,10/28/2011,2.77
四,10/27/2011,2.94
三,10/26/2011,2.77
二,10/25/2011,2.62
一,10/24/2011,2.8
五,10/21/2011,2.64
四,10/20/2011,2.53
三,10/19/2011,2.62
二,10/18/2011,2.68
一,10/17/2011,2.75
五,10/14/2011,2.7
四,10/13/2011,2.61
三,10/12/2011,2.59
二,10/11/2011,2.45
一,10/10/2011,2.51
五,10/07/2011,2.4
四,10/06/2011,2.4
三,10/05/2011,2.44
二,10/04/2011,2.34
一,10/03/2011,2.23
五,09/30/2011,2.33
四,09/29/2011,2.47
三,09/28/2011,2.51
二,09/27/2011,2.57
一,09/26/2011,2.47
五,09/23/2011,2.51
四,09/22/2011,2.45
三,09/21/2011,2.62
二,09/20/2011,2.82
一,09/19/2011,2.97
五,09/16/2011,3.04
四,09/15/2011,3.13
三,09/14/2011,2.88
二,09/13/2011,2.73
一,09/12/2011,2.69
五,09/09/2011,2.67
四,09/08/2011,2.86
三,09/07/2011,2.83
二,09/06/2011,2.76
五,09/02/2011,2.63
四,09/01/2011,2.73
三,08/31/2011,2.66
二,08/30/2011,2.63
一,08/29/2011,2.61
五,08/26/2011,2.6
四,08/25/2011,2.53
三,08/24/2011,2.62
二,08/23/2011,2.62
一,08/22/2011,2.37
五,08/19/2011,2.37
四,08/18/2011,2.12
三,08/17/2011,2.32
二,08/16/2011,2.32
一,08/15/2011,2.32
五,08/12/2011,2.41
四,08/11/2011,2.49
三,08/10/2011,2.28
二,08/09/2011,2.53
一,08/08/2011,2.3
五,08/05/2011,2.72
四,08/04/2011,2.76
三,08/03/2011,2.86
二,08/02/2011,2.83
一,08/01/2011,2.98
五,07/29/2011,2.98
四,07/28/2011,3.02
三,07/27/2011,2.96
二,07/26/2011,3.11
一,07/25/2011,3.15
五,07/22/2011,3.28
四,07/21/2011,3.04
三,07/20/2011,3.11
二,07/19/2011,3.23
一,07/18/2011,3.51
五,07/15/2011,
四,07/14/2011,
三,07/13/2011,
二,07/12/2011,
一,07/11/2011,
五,07/08/2011,
四,07/07/2011,
三,07/06/2011,
二,07/05/2011,
五,07/01/2011,
四,06/30/2011,
三,06/29/2011,
二,06/28/2011,3.92
一,06/27/2011,3.99
五,06/24/2011,3.87
四,06/23/2011,3.8
三,06/22/2011,3.73
二,06/21/2011,3.83
一,06/20/2011,3.75
五,06/17/2011,3.78
四,06/16/2011,3.8
三,06/15/2011,3.9
二,06/14/2011,4.08
一,06/13/2011,4.0
五,06/10/2011,3.93
四,06/09/2011,4.04
三,06/08/2011,4.06
二,06/07/2011,4.12
一,06/06/2011,4.04
五,06/03/2011,4.07
四,06/02/2011,4.17
三,06/01/2011,4.05
二,05/31/2011,4.26
五,05/27/2011,4.15
四,05/26/2011,4.15
三,05/25/2011,4.14
二,05/24/2011,4.37
一,05/23/2011,4.31
五,05/20/2011,4.52
四,05/19/2011,5.05
三,05/18/2011,5.11
二,05/17/2011,5.14
一,05/16/2011,5.55
五,05/13/2011,5.5
四,05/12/2011,5.45
三,05/11/2011,5.7
二,05/10/2011,5.38
一,05/09/2011,5.26
五,05/06/2011,4.68
四,05/05/2011,4.66
三,05/04/2011,4.61
二,05/03/2011,4.79
一,05/02/2011,4.34
五,04/29/2011,4.38
四,04/28/2011,4.06
三,04/27/2011,4.1
二,04/26/2011,3.94
一,04/25/2011,4.02
四,04/21/2011,4.09
三,04/20/2011,4.03
二,04/19/2011,4.17
一,04/18/2011,3.84
五,04/15/2011,3.88
四,04/14/2011,3.76
三,04/13/2011,3.82
二,04/12/2011,3.72
一,04/11/2011,3.75
五,04/08/2011,3.78
四,04/07/2011,3.78
三,04/06/2011,3.86
二,04/05/2011,3.84
一,04/04/2011,3.87
五,04/01/2011,3.89
四,03/31/2011,3.8
三,03/30/2011,3.76
二,03/29/2011,3.82
一,03/28/2011,3.85
五,03/25/2011,3.86
四,03/24/2011,3.88
三,03/23/2011,3.87
二,03/22/2011,3.78
一,03/21/2011,3.83
五,03/18/2011,3.59
四,03/17/2011,3.7
三,03/16/2011,3.6
二,03/15/2011,3.79
一,03/14/2011,3.81
五,03/11/2011,3.79
四,03/10/2011,3.71
三,03/09/2011,3.86
二,03/08/2011,3.88
一,03/07/2011,3.78
五,03/04/2011,3.79
四,03/03/2011,3.93
三,03/02/2011,3.96
二,03/01/2011,3.86
一,02/28/2011,4.01
五,02/25/2011,3.83
四,02/24/2011,3.83
三,02/23/2011,3.91
二,02/22/2011,3.87
五,02/18/2011,4.4
四,02/17/2011,4.75
三,02/16/2011,4.45
二,02/15/2011,4.38
一,02/14/2011,4.58
五,02/11/2011,4.71
四,02/10/2011,4.22
三,02/09/2011,3.87
二,02/08/2011,3.95
一,02/07/2011,3.93
五,02/04/2011,3.92
四,02/03/2011,3.95
三,02/02/2011,3.97
二,02/01/2011,4.03
一,01/31/2011,3.86
五,01/28/2011,3.7
四,01/27/2011,3.85
三,01/26/2011,3.89
二,01/25/2011,3.88
一,01/24/2011,3.99
五,01/21/2011,4.02
四,01/20/2011,3.93
三,01/19/2011,4.03
二,01/18/2011,4.03
五,01/14/2011,4.03
四,01/13/2011,4.05
三,01/12/2011,4.02
二,01/11/2011,3.93
一,01/10/2011,3.9
五,01/07/2011,3.93
四,01/06/2011,3.84
三,01/05/2011,3.79
二,01/04/2011,3.8
一,01/03/2011,3.79
五,12/31/2010,3.66
四,12/30/2010,3.71
三,12/29/2010,3.77
二,12/28/2010,3.66
一,12/27/2010,3.77
四,12/23/2010,3.75
三,12/22/2010,3.86
二,12/21/2010,3.79
一,12/20/2010,3.71
五,12/17/2010,3.72
四,12/16/2010,3.64
三,12/15/2010,3.67
二,12/14/2010,3.72
一,12/13/2010,3.86
五,12/10/2010,3.87
四,12/09/2010,3.86
三,12/08/2010,3.8
二,12/07/2010,3.88
一,12/06/2010,3.86
五,12/03/2010,3.83
四,12/02/2010,3.79
三,12/01/2010,3.72
二,11/30/2010,3.6
一,11/29/2010,3.78
五,11/26/2010,3.69
三,11/24/2010,3.71
二,11/23/2010,3.6
一,11/22/2010,3.67
五,11/19/2010,3.73
四,11/18/2010,3.89
三,11/17/2010,3.73
二,11/16/2010,3.69
一,11/15/2010,3.82
五,11/12/2010,3.73
四,11/11/2010,3.93
三,11/10/2010,4.03
二,11/09/2010,4.18
一,11/08/2010,4.25
五,11/05/2010,4.22
四,11/04/2010,4.3
三,11/03/2010,4.33
二,11/02/2010,4.25
一,11/01/2010,4.16
五,10/29/2010,4.12
四,10/28/2010,4.1
三,10/27/2010,4.08
二,10/26/2010,4.25
一,10/25/2010,4.2
五,10/22/2010,4.15
四,10/21/2010,4.21
三,10/20/2010,4.09
二,10/19/2010,3.92
一,10/18/2010,3.77
五,10/15/2010,3.63
四,10/14/2010,3.61
三,10/13/2010,3.71
二,10/12/2010,3.6
一,10/11/2010,3.6
五,10/08/2010,3.64
四,10/07/2010,3.66
三,10/06/2010,3.65
二,10/05/2010,3.63
一,10/04/2010,3.51
五,10/01/2010,3.5
四,09/30/2010,3.55
三,09/29/2010,3.56
二,09/28/2010,3.55
一,09/27/2010,3.38
五,09/24/2010,3.43
四,09/23/2010,3.23
三,09/22/2010,3.3
二,09/21/2010,3.27
一,09/20/2010,3.39
五,09/17/2010,3.33
四,09/16/2010,3.28
三,09/15/2010,3.36
二,09/14/2010,3.41
一,09/13/2010,3.36
五,09/10/2010,3.26
四,09/09/2010,3.28
三,09/08/2010,3.27
二,09/07/2010,3.3
五,09/03/2010,3.38
四,09/02/2010,3.19
三,09/01/2010,3.22
二,08/31/2010,3.2
一,08/30/2010,3.19
五,08/27/2010,3.3
四,08/26/2010,3.19
三,08/25/2010,3.2
二,08/24/2010,3.08
一,08/23/2010,3.19
五,08/20/2010,3.42
四,08/19/2010,3.41
三,08/18/2010,3.38
二,08/17/2010,3.44
一,08/16/2010,3.38
五,08/13/2010,3.45
四,08/12/2010,3.43
三,08/11/2010,3.46
二,08/10/2010,3.52
一,08/09/2010,3.55
五,08/06/2010,3.51
四,08/05/2010,3.54
三,08/04/2010,3.49
二,08/03/2010,3.43
一,08/02/2010,3.56
五,07/30/2010,3.5
四,07/29/2010,3.2
三,07/28/2010,3.23
二,07/27/2010,3.29
一,07/26/2010,3.31
五,07/23/2010,3.3
四,07/22/2010,3.38
三,07/21/2010,3.23
二,07/20/2010,3.26
一,07/19/2010,3.25
五,07/16/2010,3.28
四,07/15/2010,3.45
三,07/14/2010,3.42
二,07/13/2010,3.5
一,07/12/2010,3.46
五,07/09/2010,3.53
四,07/08/2010,3.55
三,07/07/2010,
二,07/06/2010,3.92
五,07/02/2010,3.99
四,07/01/2010,3.99
三,06/30/2010,3.9
二,06/29/2010,3.99
一,06/28/2010,4.03
五,06/25/2010,4.05
四,06/24/2010,4.21
三,06/23/2010,4.18
二,06/22/2010,4.17
一,06/21/2010,4.33
五,06/18/2010,4.19
四,06/17/2010,4.16
三,06/16/2010,4.15
二,06/15/2010,4.15
一,06/14/2010,4.2
五,06/11/2010,4.21
四,06/10/2010,4.31
三,06/09/2010,4.0
二,06/08/2010,4.11
一,06/07/2010,4.05
五,06/04/2010,4.09
四,06/03/2010,4.08
三,06/02/2010,4.13
二,06/01/2010,3.92
五,05/28/2010,4.17
四,05/27/2010,4.22
三,05/26/2010,3.86
二,05/25/2010,3.61
一,05/24/2010,3.81
五,05/21/2010,3.86
四,05/20/2010,3.48
三,05/19/2010,3.98
二,05/18/2010,4.09
一,05/17/2010,4.14
五,05/14/2010,4.33
四,05/13/2010,4.56
三,05/12/2010,4.65
二,05/11/2010,4.68
一,05/10/2010,4.71
五,05/07/2010,4.36
四,05/06/2010,4.16
三,05/05/2010,4.87
二,05/04/2010,5.0
一,05/03/2010,5.2
五,04/30/2010,5.32
四,04/29/2010,5.46
三,04/28/2010,5.5
二,04/27/2010,5.38
一,04/26/2010,5.85
五,04/23/2010,5.91
四,04/22/2010,5.47
三,04/21/2010,5.72
二,04/20/2010,6.09
一,04/19/2010,6.0
五,04/16/2010,6.02
四,04/15/2010,6.33
三,04/14/2010,6.34
二,04/13/2010,6.09
一,04/12/2010,6.11
五,04/09/2010,6.44
四,04/08/2010,6.54
三,04/07/2010,6.33
二,04/06/2010,6.7
一,04/05/2010,6.73
四,04/01/2010,6.59
三,03/31/2010,6.38
二,03/30/2010,6.67
一,03/29/2010,6.06
五,03/26/2010,5.93
四,03/25/2010,5.67
三,03/24/2010,5.21
二,03/23/2010,5.21
一,03/22/2010,5.25
五,03/19/2010,5.34
四,03/18/2010,5.38
三,03/17/2010,5.1
二,03/16/2010,5.03
一,03/15/2010,5.07
五,03/12/2010,5.18
四,03/11/2010,5.13
三,03/10/2010,5.18
二,03/09/2010,5.21
一,03/08/2010,5.14
五,03/05/2010,5.12
四,03/04/2010,4.94
三,03/03/2010,4.98
二,03/02/2010,5.32
一,03/01/2010,5.33
五,02/26/2010,5.19
四,02/25/2010,4.95
三,02/24/2010,4.95
二,02/23/2010,4.8
一,02/22/2010,4.88
五,02/19/2010,4.34
四,02/18/2010,4.38
三,02/17/2010,4.26
二,02/16/2010,4.28
五,02/12/2010,4.18
四,02/11/2010,4.29
三,02/10/2010,4.01
二,02/09/2010,4.29
一,02/08/2010,4.11
五,02/05/2010,4.01
四,02/04/2010,4.09
三,02/03/2010,4.32
二,02/02/2010,4.22
一,02/01/2010,3.9
五,01/29/2010,3.71
四,01/28/2010,3.69
三,01/27/2010,3.7
二,01/26/2010,3.81
一,01/25/2010,3.96
五,01/22/2010,4.22
四,01/21/2010,4.31
三,01/20/2010,4.45
二,01/19/2010,4.43
五,01/15/2010,4.65
四,01/14/2010,4.43
三,01/13/2010,4.0
二,01/12/2010,3.99
一,01/11/2010,4.06
五,01/08/2010,3.76
四,01/07/2010,3.73
三,01/06/2010,3.74
二,01/05/2010,3.64
一,01/04/2010,3.57
四,12/31/2009,3.24
三,12/30/2009,3.39
二,12/29/2009,3.24
一,12/28/2009,3.3
四,12/24/2009,3.23
三,12/23/2009,3.08
二,12/22/2009,3.04
一,12/21/2009,2.92
五,12/18/2009,3.09
四,12/17/2009,2.95
三,12/16/2009,3.05
二,12/15/2009,3.11
一,12/14/2009,3.12
五,12/11/2009,3.21
四,12/10/2009,3.1
三,12/09/2009,3.12
二,12/08/2009,3.11
一,12/07/2009,3.14
五,12/04/2009,3.21
四,12/03/2009,3.19
三,12/02/2009,3.17
二,12/01/2009,3.16
一,11/30/2009,3.06
五,11/27/2009,3.14
三,11/25/2009,3.06
二,11/24/2009,3.13
一,11/23/2009,3.22
五,11/20/2009,3.17
四,11/19/2009,3.17
三,11/18/2009,3.2
二,11/17/2009,3.27
一,11/16/2009,3.2
五,11/13/2009,3.37
四,11/12/2009,3.7
三,11/11/2009,3.88
二,11/10/2009,
一,11/09/2009,
五,11/06/2009,
四,11/05/2009,
三,11/04/2009,2.42
二,11/03/2009,2.42
一,11/02/2009,2.48
五,10/30/2009,2.42
四,10/29/2009,2.49
三,10/28/2009,2.49
二,10/27/2009,2.54
一,10/26/2009,2.52
五,10/23/2009,2.53
四,10/22/2009,2.55
三,10/21/2009,2.53
二,10/20/2009,2.48
一,10/19/2009,2.52
五,10/16/2009,2.45
四,10/15/2009,2.51
三,10/14/2009,2.55
二,10/13/2009,2.45
一,10/12/2009,2.5334
五,10/09/2009,2.53
四,10/08/2009,2.46
三,10/07/2009,2.39
二,10/06/2009,2.34
一,10/05/2009,2.3
五,10/02/2009,2.37
四,10/01/2009,2.36
三,09/30/2009,2.42
二,09/29/2009,2.41
一,09/28/2009,2.52
五,09/25/2009,2.54
四,09/24/2009,2.58
三,09/23/2009,2.58
二,09/22/2009,2.64
一,09/21/2009,2.66
五,09/18/2009,2.7
四,09/17/2009,2.66
三,09/16/2009,2.64
二,09/15/2009,2.71
一,09/14/2009,2.7
五,09/11/2009,2.66
四,09/10/2009,2.62
三,09/09/2009,2.6
二,09/08/2009,2.64
五,09/04/2009,2.52
四,09/03/2009,2.46
三,09/02/2009,2.47
二,09/01/2009,2.4
一,08/31/2009,2.5
五,08/28/2009,2.57
四,08/27/2009,2.54
三,08/26/2009,2.62
二,08/25/2009,2.6
一,08/24/2009,2.55
五,08/21/2009,2.53
四,08/20/2009,2.53
三,08/19/2009,2.49
二,08/18/2009,2.47
一,08/17/2009,2.51
五,08/14/2009,2.61
四,08/13/2009,2.69
三,08/12/2009,2.72
二,08/11/2009,2.66
一,08/10/2009,2.68
五,08/07/2009,2.7
四,08/06/2009,2.64
三,08/05/2009,2.69
二,08/04/2009,2.82
一,08/03/2009,2.86
五,07/31/2009,2.65
四,07/30/2009,2.68
三,07/29/2009,2.67
二,07/28/2009,2.85
一,07/27/2009,2.8
五,07/24/2009,2.82
四,07/23/2009,2.84
三,07/22/2009,2.73
二,07/21/2009,2.75
一,07/20/2009,2.7
五,07/17/2009,2.63
四,07/16/2009,2.67
三,07/15/2009,2.65
二,07/14/2009,2.5
一,07/13/2009,2.45
五,07/10/2009,2.43
四,07/09/2009,2.47
三,07/08/2009,2.41
二,07/07/2009,2.45
一,07/06/2009,2.54
四,07/02/2009,2.58
三,07/01/2009,2.57
二,06/30/2009,2.55
一,06/29/2009,2.3
五,06/26/2009,2.35
四,06/25/2009,2.46
三,06/24/2009,2.4299
二,06/23/2009,2.35
一,06/22/2009,2.37
五,06/19/2009,2.5
四,06/18/2009,2.54
三,06/17/2009,2.51
二,06/16/2009,2.47
一,06/15/2009,2.61
五,06/12/2009,2.73
四,06/11/2009,2.84
三,06/10/2009,2.86
二,06/09/2009,2.88
一,06/08/2009,2.96
五,06/05/2009,2.68
四,06/04/2009,2.68
三,06/03/2009,2.63
二,06/02/2009,2.67
一,06/01/2009,2.8
五,05/29/2009,2.62
四,05/28/2009,2.68
三,05/27/2009,2.64
二,05/26/2009,2.7
五,05/22/2009,2.3
四,05/21/2009,2.44
三,05/20/2009,2.42
二,05/19/2009,2.3
一,05/18/2009,2.23
五,05/15/2009,2.14
四,05/14/2009,2.19
三,05/13/2009,2.16
二,05/12/2009,2.15
一,05/11/2009,2.12
五,05/08/2009,2.31
四,05/07/2009,2.05
三,05/06/2009,2.23
二,05/05/2009,2.07
一,05/04/2009,2.2
五,05/01/2009,2.01
四,04/30/2009,1.96
三,04/29/2009,1.99
二,04/28/2009,1.82
一,04/27/2009,1.92
五,04/24/2009,2.06
四,04/23/2009,1.95
三,04/22/2009,1.96
二,04/21/2009,2.02
一,04/20/2009,1.95
五,04/17/2009,2.18
四,04/16/2009,2.18
三,04/15/2009,2.18
二,04/14/2009,1.97
一,04/13/2009,2.0
四,04/09/2009,1.99
三,04/08/2009,1.94
二,04/07/2009,1.92
一,04/06/2009,1.97
五,04/03/2009,1.99
四,04/02/2009,1.95
三,04/01/2009,1.86
二,03/31/2009,1.92
一,03/30/2009,1.92
五,03/27/2009,2.02
四,03/26/2009,1.83
三,03/25/2009,1.81
二,03/24/2009,1.81
一,03/23/2009,1.8601
五,03/20/2009,1.72
四,03/19/2009,1.81
三,03/18/2009,1.84
二,03/17/2009,1.72
一,03/16/2009,1.72
五,03/13/2009,1.71
四,03/12/2009,1.72
三,03/11/2009,1.63
二,03/10/2009,1.62
一,03/09/2009,1.55
五,03/06/2009,1.63
四,03/05/2009,1.63
三,03/04/2009,1.75
二,03/03/2009,1.64
一,03/02/2009,1.57
五,02/27/2009,1.71
四,02/26/2009,1.71
三,02/25/2009,1.79
二,02/24/2009,1.78
一,02/23/2009,1.7
五,02/20/2009,1.73
四,02/19/2009,1.86
三,02/18/2009,1.82
二,02/17/2009,1.7
五,02/13/2009,1.64
四,02/12/2009,1.59
三,02/11/2009,1.59
二,02/10/2009,1.53
一,02/09/2009,1.56
五,02/06/2009,1.68
四,02/05/2009,1.8
三,02/04/2009,1.77
二,02/03/2009,1.79
一,02/02/2009,1.69
五,01/30/2009,1.71
四,01/29/2009,1.56
三,01/28/2009,1.7
二,01/27/2009,1.61
一,01/26/2009,1.54
五,01/23/2009,1.57
四,01/22/2009,1.53
三,01/21/2009,1.63
二,01/20/2009,1.57
五,01/16/2009,1.88
四,01/15/2009,1.86
三,01/14/2009,1.91
二,01/13/2009,1.91
一,01/12/2009,1.86
五,01/09/2009,2.12
四,01/08/2009,2.14
三,01/07/2009,2.25
二,01/06/2009,2.29
一,01/05/2009,2.12
五,01/02/2009,2.1
三,12/31/2008,2.11
二,12/30/2008,2.22
一,12/29/2008,2.04
五,12/26/2008,1.75
三,12/24/2008,1.71
二,12/23/2008,1.55
一,12/22/2008,1.49
五,12/19/2008,1.57
四,12/18/2008,1.48
三,12/17/2008,1.52
二,12/16/2008,1.48
一,12/15/2008,1.51
五,12/12/2008,1.49
四,12/11/2008,1.35
三,12/10/2008,1.33
二,12/09/2008,1.2
一,12/08/2008,1.1899
五,12/05/2008,1.1101
四,12/04/2008,1.1
三,12/03/2008,1.04
二,12/02/2008,1.0
一,12/01/2008,0.96
五,11/28/2008,0.98
三,11/26/2008,1.06
二,11/25/2008,0.96
一,11/24/2008,1.0299
五,11/21/2008,1.02
四,11/20/2008,0.92
三,11/19/2008,0.95
二,11/18/2008,1.07
一,11/17/2008,1.06
五,11/14/2008,1.09
四,11/13/2008,1.28
三,11/12/2008,1.04
二,11/11/2008,1.17
一,11/10/2008,1.23
五,11/07/2008,
四,11/06/2008,
三,11/05/2008,1.07
二,11/04/2008,1.15
一,11/03/2008,0.99
五,10/31/2008,0.98
四,10/30/2008,0.89
三,10/29/2008,0.93
二,10/28/2008,0.9
一,10/27/2008,0.84
五,10/24/2008,0.97
四,10/23/2008,1.01
三,10/22/2008,1.06
二,10/21/2008,1.12
一,10/20/2008,1.15
五,10/17/2008,1.16
四,10/16/2008,1.16
三,10/15/2008,1.07
二,10/14/2008,1.17
一,10/13/2008,1.29
五,10/10/2008,1.18
四,10/09/2008,1.22
三,10/08/2008,1.3
二,10/07/2008,1.32
一,10/06/2008,1.38
五,10/03/2008,1.5
四,10/02/2008,1.45
三,10/01/2008,1.528
二,09/30/2008,1.49
一,09/29/2008,1.32
五,09/26/2008,1.5
四,09/25/2008,1.53
三,09/24/2008,1.56
二,09/23/2008,1.59
一,09/22/2008,1.65
五,09/19/2008,1.6
四,09/18/2008,1.8
三,09/17/2008,1.83
二,09/16/2008,2.11
一,09/15/2008,2.12
五,09/12/2008,2.22
四,09/11/2008,2.25
三,09/10/2008,2.29
二,09/09/2008,2.25
一,09/08/2008,2.2699
五,09/05/2008,2.29
四,09/04/2008,2.3
三,09/03/2008,2.41
二,09/02/2008,2.34
五,08/29/2008,2.37
四,08/28/2008,2.36
三,08/27/2008,2.35
二,08/26/2008,2.29
一,08/25/2008,2.28
五,08/22/2008,2.33
四,08/21/2008,2.3
三,08/20/2008,2.37
二,08/19/2008,2.28
一,08/18/2008,2.23
五,08/15/2008,2.26
四,08/14/2008,2.24
三,08/13/2008,2.22
二,08/12/2008,2.17
一,08/11/2008,2.18
五,08/08/2008,2.47
四,08/07/2008,2.51
三,08/06/2008,2.75
二,08/05/2008,2.76
一,08/04/2008,2.7
五,08/01/2008,2.7
四,07/31/2008,2.7
三,07/30/2008,2.77
二,07/29/2008,2.76
一,07/28/2008,2.71
五,07/25/2008,2.8
四,07/24/2008,2.81
三,07/23/2008,2.99
二,07/22/2008,2.99
一,07/21/2008,2.68
五,07/18/2008,2.65
四,07/17/2008,2.77
三,07/16/2008,2.85
二,07/15/2008,2.63
一,07/14/2008,2.7
五,07/11/2008,2.65
四,07/10/2008,2.7
三,07/09/2008,2.51
二,07/08/2008,2.65
一,07/07/2008,2.68
四,07/03/2008,2.67
三,07/02/2008,2.73
二,07/01/2008,2.83
一,06/30/2008,2.91
五,06/27/2008,2.88
四,06/26/2008,2.9
三,06/25/2008,3.08
二,06/24/2008,2.99
一,06/23/2008,3.0
五,06/20/2008,2.92
四,06/19/2008,3.1
三,06/18/2008,3.13
二,06/17/2008,3.12
一,06/16/2008,3.16
五,06/13/2008,3.18
四,06/12/2008,3.13
三,06/11/2008,3.12
二,06/10/2008,3.27
一,06/09/2008,3.29
五,06/06/2008,3.3
四,06/05/2008,3.52
三,06/04/2008,3.34
二,06/03/2008,3.33
一,06/02/2008,3.23
五,05/30/2008,3.34
四,05/29/2008,3.58
三,05/28/2008,3.51
二,05/27/2008,3.72
五,05/23/2008,3.36
四,05/22/2008,3.46
三,05/21/2008,3.38
二,05/20/2008,3.43
一,05/19/2008,3.64
五,05/16/2008,3.57
四,05/15/2008,3.75
三,05/14/2008,3.67
二,05/13/2008,3.74
一,05/12/2008,3.83
五,05/09/2008,3.86
四,05/08/2008,3.88
三,05/07/2008,3.77
二,05/06/2008,4.21
一,05/05/2008,4.32
五,05/02/2008,3.99
四,05/01/2008,3.91
三,04/30/2008,3.81
二,04/29/2008,3.88
一,04/28/2008,3.85
五,04/25/2008,3.89
四,04/24/2008,4.01
三,04/23/2008,3.97
二,04/22/2008,3.57
一,04/21/2008,3.64
五,04/18/2008,3.78
四,04/17/2008,3.56
三,04/16/2008,3.69
二,04/15/2008,4.2
一,04/14/2008,3.07
五,04/11/2008,3.07
四,04/10/2008,3.19
三,04/09/2008,3.3
二,04/08/2008,3.31
一,04/07/2008,3.39
五,04/04/2008,3.56
四,04/03/2008,3.6
三,04/02/2008,3.47
二,04/01/2008,3.64
一,03/31/2008,3.51
五,03/28/2008,3.53
四,03/27/2008,3.68
三,03/26/2008,3.29
二,03/25/2008,3.53
一,03/24/2008,3.12
四,03/20/2008,3.07
三,03/19/2008,2.76
二,03/18/2008,2.92
一,03/17/2008,2.93
五,03/14/2008,3.24
四,03/13/2008,3.29
三,03/12/2008,3.2
二,03/11/2008,3.39
一,03/10/2008,3.26
五,03/07/2008,3.52
四,03/06/2008,3.44
三,03/05/2008,3.78
二,03/04/2008,3.88
一,03/03/2008,4.07
五,02/29/2008,4.04
四,02/28/2008,4.1
三,02/27/2008,4.05
二,02/26/2008,4.09
一,02/25/2008,4.14
五,02/22/2008,4.11
四,02/21/2008,4.04
三,02/20/2008,4.14
二,02/19/2008,4.06
五,02/15/2008,4.23
四,02/14/2008,4.09
三,02/13/2008,4.3
二,02/12/2008,4.15
一,02/11/2008,4.12
五,02/08/2008,4.05
四,02/07/2008,4.12
三,02/06/2008,4.05
二,02/05/2008,4.07
一,02/04/2008,4.23
五,02/01/2008,4.25
四,01/31/2008,4.15
三,01/30/2008,4.11
二,01/29/2008,4.22
一,01/28/2008,4.06
五,01/25/2008,4.22
四,01/24/2008,4.34
三,01/23/2008,4.26
二,01/22/2008,4.3
五,01/18/2008,4.5
四,01/17/2008,4.28
三,01/16/2008,4.63
二,01/15/2008,4.7
一,01/14/2008,4.85
五,01/11/2008,4.86
四,01/10/2008,4.99
三,01/09/2008,4.89
二,01/08/2008,4.85
一,01/07/2008,4.85
五,01/04/2008,4.78
四,01/03/2008,4.92
三,01/02/2008,4.98
一,12/31/2007,5.19
五,12/28/2007,5.05
四,12/27/2007,5.15
三,12/26/2007,4.86
一,12/24/2007,4.85
五,12/21/2007,4.81
四,12/20/2007,4.71
三,12/19/2007,4.73
二,12/18/2007,4.76
一,12/17/2007,4.74
五,12/14/2007,4.77
四,12/13/2007,4.95
三,12/12/2007,4.97
二,12/11/2007,4.85
一,12/10/2007,5.02
五,12/07/2007,5.08
四,12/06/2007,4.99
三,12/05/2007,5.0
二,12/04/2007,4.79
一,12/03/2007,4.77
五,11/30/2007,4.8
四,11/29/2007,4.71
三,11/28/2007,4.84
二,11/27/2007,4.84
一,11/26/2007,4.63
五,11/23/2007,4.77
三,11/21/2007,4.75
二,11/20/2007,4.82
一,11/19/2007,4.8
五,11/16/2007,5.13
四,11/15/2007,5.14
三,11/14/2007,5.2
二,11/13/2007,5.44
一,11/12/2007,5.14
五,11/09/2007,5.42
四,11/08/2007,5.5
三,11/07/2007,5.52
二,11/06/2007,5.9
一,11/05/2007,5.56
五,11/02/2007,5.63
四,11/01/2007,5.56
三,10/31/2007,5.82
二,10/30/2007,5.9
一,10/29/2007,5.97
五,10/26/2007,6.1
四,10/25/2007,6.04
三,10/24/2007,6.08
二,10/23/2007,6.26
一,10/22/2007,6.14
五,10/19/2007,6.04
四,10/18/2007,6.31
三,10/17/2007,6.29
二,10/16/2007,6.06
一,10/15/2007,6.21
五,10/12/2007,6.48
四,10/11/2007,6.44
三,10/10/2007,6.54
二,10/09/2007,6.65
一,10/08/2007,6.49
五,10/05/2007,6.71
四,10/04/2007,6.52
三,10/03/2007,6.2
二,10/02/2007,6.66
一,10/01/2007,6.16
五,09/28/2007,5.99
四,09/27/2007,5.92
三,09/26/2007,5.82
二,09/25/2007,5.75
一,09/24/2007,5.77
五,09/21/2007,5.86
四,09/20/2007,5.86
三,09/19/2007,5.89
二,09/18/2007,5.97
一,09/17/2007,5.75
五,09/14/2007,5.95
四,09/13/2007,5.99
三,09/12/2007,5.94
二,09/11/2007,5.85
一,09/10/2007,5.69
五,09/07/2007,5.74
四,09/06/2007,5.9
三,09/05/2007,5.77
二,09/04/2007,5.97
五,08/31/2007,5.858
四,08/30/2007,5.76
三,08/29/2007,5.8
二,08/28/2007,5.49
一,08/27/2007,5.82
五,08/24/2007,5.72
四,08/23/2007,5.55
三,08/22/2007,5.8
二,08/21/2007,5.55
一,08/20/2007,5.68
五,08/17/2007,5.71
四,08/16/2007,5.45
三,08/15/2007,5.68
二,08/14/2007,5.76
一,08/13/2007,5.87
五,08/10/2007,5.96
四,08/09/2007,5.84
三,08/08/2007,6.03
二,08/07/2007,5.99
一,08/06/2007,6.17
五,08/03/2007,6.11
四,08/02/2007,6.11
三,08/01/2007,6.19
二,07/31/2007,6.43
一,07/30/2007,6.52
五,07/27/2007,6.52
四,07/26/2007,6.85
三,07/25/2007,6.95
二,07/24/2007,7.03
一,07/23/2007,7.13
五,07/20/2007,7.17
四,07/19/2007,7.21
三,07/18/2007,7.27
二,07/17/2007,7.33
一,07/16/2007,7.16
五,07/13/2007,7.18
四,07/12/2007,7.23
三,07/11/2007,7.3
二,07/10/2007,7.41
一,07/09/2007,7.31
五,07/06/2007,6.95
四,07/05/2007,6.93
二,07/03/2007,7.04
一,07/02/2007,7.06
五,06/29/2007,6.89
四,06/28/2007,6.94
三,06/27/2007,6.93
二,06/26/2007,6.99
一,06/25/2007,7.03
五,06/22/2007,7.18
四,06/21/2007,6.89
三,06/20/2007,6.86
二,06/19/2007,6.9
一,06/18/2007,6.9
五,06/15/2007,6.98
四,06/14/2007,6.81
三,06/13/2007,6.85
二,06/12/2007,6.81
一,06/11/2007,6.87
五,06/08/2007,6.85
四,06/07/2007,6.75
三,06/06/2007,6.74
二,06/05/2007,6.82
一,06/04/2007,6.81
五,06/01/2007,7.06
四,05/31/2007,7.11
三,05/30/2007,7.0
二,05/29/2007,6.88
五,05/25/2007,7.18
四,05/24/2007,7.2
三,05/23/2007,7.36
二,05/22/2007,7.3
一,05/21/2007,7.33
五,05/18/2007,7.22
四,05/17/2007,7.41
三,05/16/2007,7.31
二,05/15/2007,6.88
一,05/14/2007,6.85
五,05/11/2007,6.81
四,05/10/2007,6.76
三,05/09/2007,6.86
二,05/08/2007,6.95
一,05/07/2007,7.08
五,05/04/2007,7.18
四,05/03/2007,7.16
三,05/02/2007,7.28
二,05/01/2007,7.31
一,04/30/2007,7.48
五,04/27/2007,7.46
四,04/26/2007,7.32
三,04/25/2007,7.27
二,04/24/2007,7.39
一,04/23/2007,7.43
五,04/20/2007,7.38
四,04/19/2007,7.32
三,04/18/2007,7.37
二,04/17/2007,7.37
一,04/16/2007,7.63
五,04/13/2007,7.25
四,04/12/2007,7.19
三,04/11/2007,6.75
二,04/10/2007,6.93
一,04/09/2007,6.9
四,04/05/2007,6.92
三,04/04/2007,6.9
二,04/03/2007,6.93
一,04/02/2007,6.91
五,03/30/2007,6.92
四,03/29/2007,7.14
三,03/28/2007,6.89
二,03/27/2007,6.92
一,03/26/2007,7.17
五,03/23/2007,6.58
四,03/22/2007,6.36
三,03/21/2007,6.32
二,03/20/2007,6.16
一,03/19/2007,6.11
五,03/16/2007,6.13
四,03/15/2007,6.24
三,03/14/2007,6.16
二,03/13/2007,6.08
一,03/12/2007,6.22
五,03/09/2007,6.1
四,03/08/2007,6.2
三,03/07/2007,6.06
二,03/06/2007,6.19
一,03/05/2007,5.95
五,03/02/2007,6.19
四,03/01/2007,6.72
三,02/28/2007,6.81
二,02/27/2007,6.88
一,02/26/2007,7.16
五,02/23/2007,7.19
四,02/22/2007,7.16
三,02/21/2007,7.12
二,02/20/2007,7.13
五,02/16/2007,7.14
四,02/15/2007,7.04
三,02/14/2007,6.96
二,02/13/2007,6.91
一,02/12/2007,6.91
五,02/09/2007,6.98
四,02/08/2007,7.05
三,02/07/2007,6.98
二,02/06/2007,6.84
一,02/05/2007,7.09
五,02/02/2007,7.33
四,02/01/2007,7.55
三,01/31/2007,8.01
二,01/30/2007,7.94
一,01/29/2007,7.63
五,01/26/2007,7.74
四,01/25/2007,7.76
三,01/24/2007,8.08
二,01/23/2007,7.95
一,01/22/2007,7.95
五,01/19/2007,7.93
四,01/18/2007,7.8
三,01/17/2007,8.02
二,01/16/2007,8.3
五,01/12/2007,7.76
四,01/11/2007,7.52
三,01/10/2007,7.47
二,01/09/2007,7.48
一,01/08/2007,7.13
五,01/05/2007,6.98
四,01/04/2007,7.59
三,01/03/2007,7.85
五,12/29/2006,6.44
四,12/28/2006,6.36
三,12/27/2006,6.37
二,12/26/2006,6.31
五,12/22/2006,6.27
四,12/21/2006,6.27
三,12/20/2006,6.34
二,12/19/2006,6.26
一,12/18/2006,6.3
五,12/15/2006,6.29
四,12/14/2006,6.4
三,12/13/2006,6.22
二,12/12/2006,6.12
一,12/11/2006,6.23
五,12/08/2006,6.09
四,12/07/2006,6.05
三,12/06/2006,6.07
二,12/05/2006,6.22
一,12/04/2006,6.07
五,12/01/2006,6.03
四,11/30/2006,6.06
三,11/29/2006,6.05
二,11/28/2006,6.05
一,11/27/2006,6.09
五,11/24/2006,6.04
三,11/22/2006,5.991
二,11/21/2006,6.02
一,11/20/2006,5.84
五,11/17/2006,5.83
四,11/16/2006,5.52
三,11/15/2006,5.51
二,11/14/2006,5.54
一,11/13/2006,5.48
五,11/10/2006,5.53
四,11/09/2006,5.56
三,11/08/2006,5.6
二,11/07/2006,5.63
一,11/06/2006,5.72
五,11/03/2006,5.7
四,11/02/2006,5.75
三,11/01/2006,5.74
二,10/31/2006,5.76
一,10/30/2006,6.1
五,10/27/2006,6.07
四,10/26/2006,6.18
三,10/25/2006,6.15
二,10/24/2006,6.14
一,10/23/2006,6.18
五,10/20/2006,6.21
四,10/19/2006,6.23
三,10/18/2006,6.21
二,10/17/2006,6.25
一,10/16/2006,6.28
五,10/13/2006,6.33
四,10/12/2006,6.34
三,10/11/2006,6.25
二,10/10/2006,6.26
一,10/09/2006,6.31
五,10/06/2006,6.38
四,10/05/2006,6.43
三,10/04/2006,6.46
二,10/03/2006,6.38
一,10/02/2006,6.42
五,09/29/2006,6.41
四,09/28/2006,6.49
三,09/27/2006,6.44
二,09/26/2006,6.5
一,09/25/2006,6.4
五,09/22/2006,6.35
四,09/21/2006,6.41
三,09/20/2006,6.65
二,09/19/2006,6.6
一,09/18/2006,6.7
五,09/15/2006,6.68
四,09/14/2006,6.67
三,09/13/2006,6.73
二,09/12/2006,6.51
一,09/11/2006,6.45
五,09/08/2006,6.35
四,09/07/2006,6.3
三,09/06/2006,6.3
二,09/05/2006,6.35
五,09/01/2006,6.4
四,08/31/2006,6.3
三,08/30/2006,6.3
二,08/29/2006,6.33
一,08/28/2006,6.4
五,08/25/2006,6.49
四,08/24/2006,6.49
三,08/23/2006,6.46
二,08/22/2006,6.48
一,08/21/2006,6.44
五,08/18/2006,6.5
四,08/17/2006,6.47
三,08/16/2006,6.5
二,08/15/2006,6.56
一,08/14/2006,6.45
五,08/11/2006,6.4
四,08/10/2006,6.43
三,08/09/2006,6.48
二,08/08/2006,6.41
一,08/07/2006,6.41
五,08/04/2006,6.38
四,08/03/2006,6.48
三,08/02/2006,6.52
二,08/01/2006,6.49
一,07/31/2006,6.6
五,07/28/2006,6.74
四,07/27/2006,6.51
三,07/26/2006,6.51
二,07/25/2006,6.56
一,07/24/2006,6.57
五,07/21/2006,6.42
四,07/20/2006,6.53
三,07/19/2006,6.62
二,07/18/2006,6.56
一,07/17/2006,6.48
五,07/14/2006,6.53
四,07/13/2006,6.59
三,07/12/2006,6.63
二,07/11/2006,6.64
一,07/10/2006,6.58
五,07/07/2006,6.6
四,07/06/2006,6.7
三,07/05/2006,6.63
一,07/03/2006,6.88
五,06/30/2006,6.99
四,06/29/2006,6.97
三,06/28/2006,6.56
二,06/27/2006,6.39
一,06/26/2006,6.45
五,06/23/2006,6.53
四,06/22/2006,6.47
三,06/21/2006,6.63
二,06/20/2006,6.43
一,06/19/2006,6.44
五,06/16/2006,6.59
四,06/15/2006,6.71
三,06/14/2006,6.4
二,06/13/2006,6.36
一,06/12/2006,6.57
五,06/09/2006,6.71
四,06/08/2006,6.72
三,06/07/2006,6.96
二,06/06/2006,6.99
一,06/05/2006,6.97
五,06/02/2006,7.26
四,06/01/2006,7.23
三,05/31/2006,7.28
二,05/30/2006,7.21
五,05/26/2006,6.95
四,05/25/2006,6.97
三,05/24/2006,6.97
二,05/23/2006,7.13
一,05/22/2006,7.12
五,05/19/2006,7.37
四,05/18/2006,7.14
三,05/17/2006,7.27
二,05/16/2006,7.37
一,05/15/2006,7.3
五,05/12/2006,7.34
四,05/11/2006,7.39
三,05/10/2006,7.39
二,05/09/2006,7.72
一,05/08/2006,7.71
五,05/05/2006,7.76
四,05/04/2006,7.7
三,05/03/2006,7.77
二,05/02/2006,7.51
一,05/01/2006,7.4
五,04/28/2006,7.57
四,04/27/2006,7.44
三,04/26/2006,7.34
二,04/25/2006,7.43
一,04/24/2006,7.66
五,04/21/2006,7.71
四,04/20/2006,7.77
三,04/19/2006,7.8
二,04/18/2006,7.54
一,04/17/2006,7.46
四,04/13/2006,7.43
三,04/12/2006,7.4
二,04/11/2006,7.45
一,04/10/2006,7.569
五,04/07/2006,7.65
四,04/06/2006,7.78
三,04/05/2006,7.82
二,04/04/2006,7.78
一,04/03/2006,7.68
五,03/31/2006,7.5
四,03/30/2006,7.62
三,03/29/2006,7.86
二,03/28/2006,7.61
一,03/27/2006,7.45
五,03/24/2006,7.39
四,03/23/2006,7.38
三,03/22/2006,7.33
二,03/21/2006,7.35
一,03/20/2006,7.36
五,03/17/2006,7.4001
四,03/16/2006,7.25
三,03/15/2006,7.39
二,03/14/2006,7.38
一,03/13/2006,7.24
五,03/10/2006,7.23
四,03/09/2006,7.29
三,03/08/2006,7.31
二,03/07/2006,7.26
一,03/06/2006,7.5
五,03/03/2006,7.64
四,03/02/2006,7.79
三,03/01/2006,7.7
二,02/28/2006,7.46
一,02/27/2006,7.54
五,02/24/2006,7.61
四,02/23/2006,7.57
三,02/22/2006,7.61
二,02/21/2006,7.57
五,02/17/2006,7.61
四,02/16/2006,7.68
三,02/15/2006,7.69
二,02/14/2006,7.76
一,02/13/2006,7.51
五,02/10/2006,7.71
四,02/09/2006,7.96
三,02/08/2006,8.11
二,02/07/2006,7.99
一,02/06/2006,8.28
五,02/03/2006,8.05
四,02/02/2006,8.2
三,02/01/2006,8.35
二,01/31/2006,8.38
一,01/30/2006,8.33
五,01/27/2006,8.22
四,01/26/2006,8.18
三,01/25/2006,7.57
二,01/24/2006,7.52
一,01/23/2006,7.39
五,01/20/2006,7.49
四,01/19/2006,7.48
三,01/18/2006,7.27
二,01/17/2006,7.36
五,01/13/2006,7.6
四,01/12/2006,7.71
三,01/11/2006,7.72
二,01/10/2006,7.57
一,01/09/2006,7.85
五,01/06/2006,7.48
四,01/05/2006,7.15
三,01/04/2006,7.12
二,01/03/2006,6.73
五,12/30/2005,6.76
四,12/29/2005,6.98
三,12/28/2005,6.93
二,12/27/2005,6.9
五,12/23/2005,7.02
四,12/22/2005,6.94
三,12/21/2005,6.91
二,12/20/2005,7.02
一,12/19/2005,7.1
五,12/16/2005,7.18
四,12/15/2005,7.27
三,12/14/2005,7.22
二,12/13/2005,7.3
一,12/12/2005,7.26
五,12/09/2005,7.29
四,12/08/2005,7.38
三,12/07/2005,7.42
二,12/06/2005,7.48
一,12/05/2005,7.6
五,12/02/2005,7.68
四,12/01/2005,7.49
三,11/30/2005,7.27
二,11/29/2005,7.24
一,11/28/2005,7.24
五,11/25/2005,7.45
三,11/23/2005,7.4
二,11/22/2005,7.19
一,11/21/2005,7.32
五,11/18/2005,7.47
四,11/17/2005,7.34
三,11/16/2005,7.24
二,11/15/2005,7.28
一,11/14/2005,7.4
五,11/11/2005,7.54
四,11/10/2005,7.48
三,11/09/2005,7.25
二,11/08/2005,7.03
一,11/07/2005,6.95
五,11/04/2005,7.16
四,11/03/2005,7.18
三,11/02/2005,7.08
二,11/01/2005,6.97
一,10/31/2005,6.75
五,10/28/2005,6.69
四,10/27/2005,6.68
三,10/26/2005,7.15
二,10/25/2005,7.25
一,10/24/2005,7.36
五,10/21/2005,7.46
四,10/20/2005,7.3
三,10/19/2005,7.81
二,10/18/2005,7.83
一,10/17/2005,7.85
五,10/14/2005,7.9
四,10/13/2005,7.89
三,10/12/2005,7.72
二,10/11/2005,7.89
一,10/10/2005,8.06
五,10/07/2005,8.22
四,10/06/2005,8.15
三,10/05/2005,8.35
二,10/04/2005,8.46
一,10/03/2005,8.42
五,09/30/2005,8.6
四,09/29/2005,8.56
三,09/28/2005,7.98
二,09/27/2005,7.83
一,09/26/2005,8.25
五,09/23/2005,9.33
四,09/22/2005,9.55
三,09/21/2005,9.55
二,09/20/2005,9.74
一,09/19/2005,9.64
五,09/16/2005,9.65
四,09/15/2005,9.85
三,09/14/2005,9.9
二,09/13/2005,9.97
一,09/12/2005,9.88
五,09/09/2005,9.8
四,09/08/2005,9.86
三,09/07/2005,9.89
二,09/06/2005,10.08
五,09/02/2005,9.9
四,09/01/2005,10.11
三,08/31/2005,10.14
二,08/30/2005,10.03
一,08/29/2005,10.15
五,08/26/2005,10.1
四,08/25/2005,10.2
三,08/24/2005,10.24
二,08/23/2005,10.25
一,08/22/2005,10.41
五,08/19/2005,10.42
四,08/18/2005,10.4
三,08/17/2005,10.66
二,08/16/2005,10.6
一,08/15/2005,10.85
五,08/12/2005,10.75
四,08/11/2005,10.86
三,08/10/2005,10.69
二,08/09/2005,10.43
一,08/08/2005,10.55
五,08/05/2005,10.46
四,08/04/2005,10.6
三,08/03/2005,10.93
二,08/02/2005,10.91
一,08/01/2005,10.8
五,07/29/2005,10.7
四,07/28/2005,10.69
三,07/27/2005,10.86
二,07/26/2005,10.87
一,07/25/2005,10.85
五,07/22/2005,10.75
四,07/21/2005,11.26
三,07/20/2005,11.2
二,07/19/2005,11.15
一,07/18/2005,10.96
五,07/15/2005,11.29
四,07/14/2005,11.33
三,07/13/2005,10.91
二,07/12/2005,10.9
一,07/11/2005,10.69
五,07/08/2005,10.36
四,07/07/2005,10.3
三,07/06/2005,10.5
二,07/05/2005,10.51
五,07/01/2005,10.3
四,06/30/2005,10.3
三,06/29/2005,10.27
二,06/28/2005,10.42
一,06/27/2005,10.46
五,06/24/2005,10.55
四,06/23/2005,10.81
三,06/22/2005,10.93
二,06/21/2005,10.76
一,06/20/2005,10.87
五,06/17/2005,10.84
四,06/16/2005,10.62
三,06/15/2005,10.58
二,06/14/2005,10.62
一,06/13/2005,10.8
五,06/10/2005,10.74
四,06/09/2005,10.69
三,06/08/2005,10.9
二,06/07/2005,10.65
一,06/06/2005,10.67
五,06/03/2005,10.62
四,06/02/2005,9.75
三,06/01/2005,9.83
二,05/31/2005,9.72
五,05/27/2005,9.7
四,05/26/2005,9.72
三,05/25/2005,9.71
二,05/24/2005,9.79
一,05/23/2005,9.74
五,05/20/2005,9.81
四,05/19/2005,9.86
三,05/18/2005,9.73
二,05/17/2005,9.63
一,05/16/2005,9.74
五,05/13/2005,9.75
四,05/12/2005,9.76
三,05/11/2005,9.8
二,05/10/2005,9.84
一,05/09/2005,9.99
五,05/06/2005,9.91
四,05/05/2005,9.85
三,05/04/2005,9.76
二,05/03/2005,9.75
一,05/02/2005,9.73
五,04/29/2005,9.57
四,04/28/2005,9.6
三,04/27/2005,9.65
二,04/26/2005,9.65
一,04/25/2005,9.67
五,04/22/2005,9.7
四,04/21/2005,9.78
三,04/20/2005,9.63
二,04/19/2005,9.8
一,04/18/2005,9.67
五,04/15/2005,9.68
四,04/14/2005,9.99
三,04/13/2005,10.01
二,04/12/2005,9.97
一,04/11/2005,10.03
五,04/08/2005,10.09
四,04/07/2005,9.7
三,04/06/2005,9.67
二,04/05/2005,9.7
一,04/04/2005,9.71
五,04/01/2005,9.52
四,03/31/2005,9.75
三,03/30/2005,9.64
二,03/29/2005,9.49
一,03/28/2005,9.81
四,03/24/2005,9.88
三,03/23/2005,9.77
二,03/22/2005,9.81
一,03/21/2005,9.91
五,03/18/2005,9.91
四,03/17/2005,10.0
三,03/16/2005,9.96
二,03/15/2005,9.99
一,03/14/2005,10.18
五,03/11/2005,10.24
四,03/10/2005,10.16
三,03/09/2005,10.0
二,03/08/2005,9.94
一,03/07/2005,10.05
五,03/04/2005,10.05
四,03/03/2005,10.05
三,03/02/2005,10.05
二,03/01/2005,10.45
一,02/28/2005,10.42
五,02/25/2005,10.8
四,02/24/2005,10.68
三,02/23/2005,10.6
二,02/22/2005,10.61
五,02/18/2005,10.8
四,02/17/2005,10.83
三,02/16/2005,11.03
二,02/15/2005,11.04
一,02/14/2005,11.14
五,02/11/2005,10.82
四,02/10/2005,10.46
三,02/09/2005,10.41
二,02/08/2005,10.59
一,02/07/2005,10.63
五,02/04/2005,10.75
四,02/03/2005,10.36
三,02/02/2005,10.15
二,02/01/2005,9.97
一,01/31/2005,10.14
五,01/28/2005,9.52
四,01/27/2005,9.7
三,01/26/2005,9.6
二,01/25/2005,9.6
一,01/24/2005,9.35
五,01/21/2005,9.47
四,01/20/2005,9.73
三,01/19/2005,9.78
二,01/18/2005,9.96
五,01/14/2005,10.05
四,01/13/2005,9.94
三,01/12/2005,10.15
二,01/11/2005,9.95
一,01/10/2005,10.02
五,01/07/2005,10.19
四,01/06/2005,10.3
三,01/05/2005,10.21
二,01/04/2005,10.42
一,01/03/2005,10.59
五,12/31/2004,10.77
四,12/30/2004,10.57
三,12/29/2004,10.65
二,12/28/2004,10.7
一,12/27/2004,10.75
四,12/23/2004,10.65
三,12/22/2004,10.69
二,12/21/2004,10.91
一,12/20/2004,11.3
五,12/17/2004,11.52
四,12/16/2004,11.67
三,12/15/2004,11.62
二,12/14/2004,11.73
一,12/13/2004,11.56
五,12/10/2004,11.69
四,12/09/2004,11.91
三,12/08/2004,12.04
二,12/07/2004,12.11
一,12/06/2004,12.4
五,12/03/2004,12.36
四,12/02/2004,12.19
三,12/01/2004,12.3
二,11/30/2004,11.96
一,11/29/2004,12.05
五,11/26/2004,12.21
三,11/24/2004,11.77
二,11/23/2004,11.65
一,11/22/2004,11.58
五,11/19/2004,11.45
四,11/18/2004,11.64
三,11/17/2004,11.79
二,11/16/2004,11.22
一,11/15/2004,11.39
五,11/12/2004,11.36
四,11/11/2004,11.07
三,11/10/2004,10.82
二,11/09/2004,10.9
一,11/08/2004,10.78
五,11/05/2004,10.91
四,11/04/2004,10.96
三,11/03/2004,10.98
二,11/02/2004,10.89
一,11/01/2004,10.81
五,10/29/2004,10.79
四,10/28/2004,10.48
三,10/27/2004,10.46
二,10/26/2004,10.55
一,10/25/2004,10.79
五,10/22/2004,10.93
四,10/21/2004,11.21
三,10/20/2004,11.25
二,10/19/2004,11.31
一,10/18/2004,10.91
五,10/15/2004,10.97
四,10/14/2004,10.98
三,10/13/2004,10.92
二,10/12/2004,10.93
一,10/11/2004,11.12
五,10/08/2004,11.05
四,10/07/2004,11.29
三,10/06/2004,10.38
二,10/05/2004,10.21
一,10/04/2004,10.27
五,10/01/2004,10.14
四,09/30/2004,9.88
三,09/29/2004,9.94
二,09/28/2004,9.95
一,09/27/2004,9.96
五,09/24/2004,9.98
四,09/23/2004,10.05
三,09/22/2004,10.15
二,09/21/2004,10.53
一,09/20/2004,10.5
五,09/17/2004,10.53
四,09/16/2004,10.66
三,09/15/2004,10.1
二,09/14/2004,10.23
一,09/13/2004,10.1
五,09/10/2004,10.09
四,09/09/2004,10.02
三,09/08/2004,9.86
二,09/07/2004,10.0
五,09/03/2004,9.91
四,09/02/2004,10.35
三,09/01/2004,10.33
二,08/31/2004,10.16
一,08/30/2004,10.06
五,08/27/2004,10.23
四,08/26/2004,10.24
三,08/25/2004,10.42
二,08/24/2004,9.92
一,08/23/2004,9.8
五,08/20/2004,10.0
四,08/19/2004,10.02
三,08/18/2004,9.85
二,08/17/2004,9.73
一,08/16/2004,9.64
五,08/13/2004,9.59
四,08/12/2004,9.66
三,08/11/2004,9.67
二,08/10/2004,10.13
一,08/09/2004,10.2
五,08/06/2004,10.22
四,08/05/2004,10.4
三,08/04/2004,10.35
二,08/03/2004,10.36
一,08/02/2004,10.65
五,07/30/2004,10.84
四,07/29/2004,10.41
三,07/28/2004,10.69
二,07/27/2004,10.39
一,07/26/2004,9.68
五,07/23/2004,9.49
四,07/22/2004,10.04
三,07/21/2004,10.03
二,07/20/2004,10.21
一,07/19/2004,9.87
五,07/16/2004,9.5
四,07/15/2004,9.57
三,07/14/2004,9.42
二,07/13/2004,9.58
一,07/12/2004,9.75
五,07/09/2004,10.03
四,07/08/2004,10.2
三,07/07/2004,10.45
二,07/06/2004,10.4
五,07/02/2004,10.53
四,07/01/2004,10.59
三,06/30/2004,10.73
二,06/29/2004,10.79
一,06/28/2004,10.86
五,06/25/2004,10.89
四,06/24/2004,11.03
三,06/23/2004,11.1
二,06/22/2004,10.9
一,06/21/2004,10.77
五,06/18/2004,10.79
四,06/17/2004,10.7
三,06/16/2004,11.04
二,06/15/2004,11.11
一,06/14/2004,11.09
四,06/10/2004,11.54
三,06/09/2004,11.59
二,06/08/2004,11.75
一,06/07/2004,12.1
五,06/04/2004,12.04
四,06/03/2004,11.87
三,06/02/2004,12.17
二,06/01/2004,12.12
五,05/28/2004,12.4
四,05/27/2004,12.6
三,05/26/2004,12.45
二,05/25/2004,12.42
一,05/24/2004,12.3
五,05/21/2004,12.12
四,05/20/2004,11.5
三,05/19/2004,11.31
二,05/18/2004,10.8
一,05/17/2004,10.47
五,05/14/2004,10.99
四,05/13/2004,11.68
三,05/12/2004,12.0
二,05/11/2004,12.11
一,05/10/2004,11.36
五,05/07/2004,12.2
四,05/06/2004,12.01
三,05/05/2004,12.42
二,05/04/2004,12.17
一,05/03/2004,12.03
五,04/30/2004,11.69
四,04/29/2004,11.91
三,04/28/2004,12.45
二,04/27/2004,13.44
一,04/26/2004,13.45
五,04/23/2004,14.04
四,04/22/2004,13.6
三,04/21/2004,13.04
二,04/20/2004,13.37
一,04/19/2004,14.27
五,04/16/2004,14.13
四,04/15/2004,13.94
三,04/14/2004,14.38
二,04/13/2004,15.07
一,04/12/2004,15.6
四,04/08/2004,15.48
三,04/07/2004,15.3
二,04/06/2004,15.4
一,04/05/2004,15.53
五,04/02/2004,15.02
四,04/01/2004,14.99
三,03/31/2004,15.1
二,03/30/2004,14.78
一,03/29/2004,14.5
五,03/26/2004,14.3
四,03/25/2004,14.74
三,03/24/2004,14.79
二,03/23/2004,14.6
一,03/22/2004,13.59
五,03/19/2004,14.56
四,03/18/2004,15.23
三,03/17/2004,15.52
二,03/16/2004,17.5
一,03/15/2004,
五,03/12/2004,
四,03/11/2004,
三,03/10/2004,
二,03/09/2004,
一,03/08/2004,
五,03/05/2004,
四,03/04/2004,
三,03/03/2004,
二,03/02/2004,
一,03/01/2004,
五,02/27/2004,
四,02/26/2004,
三,02/25/2004,
二,02/24/2004,
一,02/23/2004,
五,02/20/2004,
四,02/19/2004,
三,02/18/2004,
二,02/17/2004,
五,02/13/2004,
四,02/12/2004,
三,02/11/2004,
二,02/10/2004,
一,02/09/2004,
五,02/06/2004,
四,02/05/2004,
三,02/04/2004,
二,02/03/2004,
一,02/02/2004,
五,01/30/2004,
四,01/29/2004,
三,01/28/2004,
二,01/27/2004,
一,01/26/2004,
五,01/23/2004,
四,01/22/2004,
三,01/21/2004,
二,01/20/2004,
五,01/16/2004,
四,01/15/2004,
三,01/14/2004,
二,01/13/2004,
一,01/12/2004,
五,01/09/2004,
四,01/08/2004,
三,01/07/2004,
二,01/06/2004,
一,01/05/2004,
五,01/02/2004,
三,12/31/2003,
二,12/30/2003,
一,12/29/2003,
五,12/26/2003,
三,12/24/2003,
二,12/23/2003,
一,12/22/2003,
五,12/19/2003,
四,12/18/2003,
三,12/17/2003,
二,12/16/2003,
一,12/15/2003,
五,12/12/2003,
四,12/11/2003,
三,12/10/2003,
二,12/09/2003,
一,12/08/2003,
五,12/05/2003,
四,12/04/2003,
三,12/03/2003,
二,12/02/2003,
一,12/01/2003,
五,11/28/2003,
三,11/26/2003,
二,11/25/2003,
一,11/24/2003,
五,11/21/2003,
四,11/20/2003,
三,11/19/2003,
二,11/18/2003,
一,11/17/2003,
五,11/14/2003,
四,11/13/2003,
三,11/12/2003,
二,11/11/2003,
一,11/10/2003,
五,11/07/2003,
四,11/06/2003,
三,11/05/2003,
二,11/04/2003,
一,11/03/2003,
五,10/31/2003,
四,10/30/2003,
三,10/29/2003,
二,10/28/2003,
一,10/27/2003,
五,10/24/2003,
四,10/23/2003,
三,10/22/2003,
二,10/21/2003,
一,10/20/2003,
五,10/17/2003,
四,10/16/2003,
三,10/15/2003,
二,10/14/2003,
一,10/13/2003,
五,10/10/2003,
四,10/09/2003,
三,10/08/2003,
二,10/07/2003,
一,10/06/2003,
五,10/03/2003,
四,10/02/2003,
三,10/01/2003,
二,09/30/2003,
一,09/29/2003,
五,09/26/2003,
四,09/25/2003,
三,09/24/2003,
二,09/23/2003,
一,09/22/2003,
五,09/19/2003,
四,09/18/2003,
三,09/17/2003,
二,09/16/2003,
一,09/15/2003,
五,09/12/2003,
四,09/11/2003,
三,09/10/2003,
二,09/09/2003,
一,09/08/2003,
五,09/05/2003,
四,09/04/2003,
三,09/03/2003,
二,09/02/2003,
五,08/29/2003,
四,08/28/2003,
三,08/27/2003,
二,08/26/2003,
一,08/25/2003,
五,08/22/2003,
四,08/21/2003,
三,08/20/2003,
二,08/19/2003,
一,08/18/2003,
五,08/15/2003,
四,08/14/2003,
三,08/13/2003,
二,08/12/2003,
一,08/11/2003,
五,08/08/2003,
四,08/07/2003,
三,08/06/2003,
二,08/05/2003,
一,08/04/2003,
五,08/01/2003,
四,07/31/2003,
三,07/30/2003,
二,07/29/2003,
一,07/28/2003,
五,07/25/2003,
四,07/24/2003,
三,07/23/2003,
二,07/22/2003,
一,07/21/2003,
五,07/18/2003,
四,07/17/2003,
三,07/16/2003,
二,07/15/2003,
一,07/14/2003,
五,07/11/2003,
四,07/10/2003,
三,07/09/2003,
二,07/08/2003,
一,07/07/2003,
四,07/03/2003,
三,07/02/2003,
二,07/01/2003,
一,06/30/2003,
五,06/27/2003,
四,06/26/2003,
三,06/25/2003,
二,06/24/2003,
一,06/23/2003,
五,06/20/2003,
四,06/19/2003,
三,06/18/2003,
二,06/17/2003,
一,06/16/2003,
五,06/13/2003,
四,06/12/2003,
三,06/11/2003,
二,06/10/2003,
一,06/09/2003,
五,06/06/2003,
四,06/05/2003,
三,06/04/2003,
二,06/03/2003,
一,06/02/2003,
五,05/30/2003,
四,05/29/2003,
三,05/28/2003,
二,05/27/2003,
五,05/23/2003,
四,05/22/2003,
三,05/21/2003,
二,05/20/2003,
一,05/19/2003,
五,05/16/2003,
四,05/15/2003,
三,05/14/2003,
二,05/13/2003,
一,05/12/2003,
五,05/09/2003,
四,05/08/2003,
三,05/07/2003,
二,05/06/2003,
一,05/05/2003,
五,05/02/2003,
四,05/01/2003,
三,04/30/2003,
二,04/29/2003,
一,04/28/2003,
五,04/25/2003,
四,04/24/2003,
三,04/23/2003,
二,04/22/2003,
一,04/21/2003,
四,04/17/2003,
三,04/16/2003,
二,04/15/2003,
一,04/14/2003,
五,04/11/2003,
四,04/10/2003,
三,04/09/2003,
二,04/08/2003,
一,04/07/2003,
五,04/04/2003,
四,04/03/2003,
三,04/02/2003,
二,04/01/2003,
一,03/31/2003,
五,03/28/2003,
四,03/27/2003,
三,03/26/2003,
二,03/25/2003,
一,03/24/2003,
五,03/21/2003,
四,03/20/2003,
三,03/19/2003,
二,03/18/2003,
一,03/17/2003,
五,03/14/2003,
四,03/13/2003,
三,03/12/2003,
二,03/11/2003,
一,03/10/2003,
五,03/07/2003,
四,03/06/2003,
三,03/05/2003,
二,03/04/2003,
一,03/03/2003,
五,02/28/2003,
四,02/27/2003,
三,02/26/2003,
二,02/25/2003,
一,02/24/2003,
五,02/21/2003,
四,02/20/2003,
三,02/19/2003,
二,02/18/2003,
五,02/14/2003,
四,02/13/2003,
三,02/12/2003,
二,02/11/2003,
一,02/10/2003,
五,02/07/2003,
四,02/06/2003,
三,02/05/2003,
二,02/04/2003,
一,02/03/2003,
五,01/31/2003,
四,01/30/2003,
三,01/29/2003,
二,01/28/2003,
一,01/27/2003,
五,01/24/2003,
四,01/23/2003,
三,01/22/2003,
二,01/21/2003,
五,01/17/2003,
四,01/16/2003,
三,01/15/2003,
二,01/14/2003,
一,01/13/2003,
五,01/10/2003,
四,01/09/2003,
三,01/08/2003,
二,01/07/2003,
一,01/06/2003,
五,01/03/2003,
四,01/02/2003,
二,12/31/2002,
一,12/30/2002,
五,12/27/2002,
四,12/26/2002,
二,12/24/2002,
一,12/23/2002,
五,12/20/2002,
四,12/19/2002,
三,12/18/2002,
二,12/17/2002,
一,12/16/2002,
五,12/13/2002,
四,12/12/2002,
三,12/11/2002,
二,12/10/2002,
一,12/09/2002,
五,12/06/2002,
四,12/05/2002,
三,12/04/2002,
二,12/03/2002,
一,12/02/2002,
五,11/29/2002,
三,11/27/2002,
二,11/26/2002,
一,11/25/2002,
五,11/22/2002,
四,11/21/2002,
三,11/20/2002,
二,11/19/2002,
一,11/18/2002,
五,11/15/2002,
四,11/14/2002,
三,11/13/2002,
二,11/12/2002,
一,11/11/2002,
五,11/08/2002,
四,11/07/2002,
三,11/06/2002,
二,11/05/2002,
一,11/04/2002,
五,11/01/2002,
四,10/31/2002,
三,10/30/2002,
二,10/29/2002,
一,10/28/2002,
五,10/25/2002,
四,10/24/2002,
三,10/23/2002,
二,10/22/2002,
一,10/21/2002,
五,10/18/2002,
四,10/17/2002,
三,10/16/2002,
二,10/15/2002,
一,10/14/2002,
五,10/11/2002,
四,10/10/2002,
三,10/09/2002,
二,10/08/2002,
一,10/07/2002,
五,10/04/2002,
四,10/03/2002,
三,10/02/2002,
二,10/01/2002,
一,09/30/2002,
五,09/27/2002,
四,09/26/2002,
三,09/25/2002,
二,09/24/2002,
一,09/23/2002,
五,09/20/2002,
四,09/19/2002,
三,09/18/2002,
二,09/17/2002,
一,09/16/2002,
五,09/13/2002,
四,09/12/2002,
三,09/11/2002,
二,09/10/2002,
一,09/09/2002,
五,09/06/2002,
四,09/05/2002,
三,09/04/2002,
二,09/03/2002,
五,08/30/2002,
四,08/29/2002,
三,08/28/2002,
二,08/27/2002,
一,08/26/2002,
五,08/23/2002,
四,08/22/2002,
三,08/21/2002,
二,08/20/2002,
一,08/19/2002,
五,08/16/2002,
四,08/15/2002,
三,08/14/2002,
二,08/13/2002,
一,08/12/2002,
五,08/09/2002,
四,08/08/2002,
三,08/07/2002,
二,08/06/2002,
一,08/05/2002,
五,08/02/2002,
四,08/01/2002,
三,07/31/2002,
二,07/30/2002,
一,07/29/2002,
五,07/26/2002,
四,07/25/2002,
三,07/24/2002,
二,07/23/2002,
一,07/22/2002,
五,07/19/2002,
四,07/18/2002,
三,07/17/2002,
二,07/16/2002,
一,07/15/2002,
五,07/12/2002,
四,07/11/2002,
三,07/10/2002,
二,07/09/2002,
一,07/08/2002,
五,07/05/2002,
三,07/03/2002,
二,07/02/2002,
一,07/01/2002,
五,06/28/2002,
四,06/27/2002,
三,06/26/2002,
二,06/25/2002,
一,06/24/2002,
五,06/21/2002,
四,06/20/2002,
三,06/19/2002,
二,06/18/2002,
一,06/17/2002,
五,06/14/2002,
四,06/13/2002,
三,06/12/2002,
二,06/11/2002,
一,06/10/2002,
五,06/07/2002,
四,06/06/2002,
三,06/05/2002,
二,06/04/2002,
一,06/03/2002,
五,05/31/2002,
四,05/30/2002,
三,05/29/2002,
二,05/28/2002,
五,05/24/2002,
四,05/23/2002,
三,05/22/2002,
二,05/21/2002,
一,05/20/2002,
五,05/17/2002,
四,05/16/2002,
三,05/15/2002,
二,05/14/2002,
一,05/13/2002,
五,05/10/2002,
四,05/09/2002,
三,05/08/2002,
二,05/07/2002,
一,05/06/2002,
五,05/03/2002,
四,05/02/2002,
三,05/01/2002,
二,04/30/2002,
一,04/29/2002,
五,04/26/2002,
四,04/25/2002,
三,04/24/2002,
二,04/23/2002,
一,04/22/2002,
五,04/19/2002,
四,04/18/2002,
三,04/17/2002,
二,04/16/2002,
一,04/15/2002,
五,04/12/2002,
四,04/11/2002,
三,04/10/2002,
二,04/09/2002,
一,04/08/2002,
五,04/05/2002,
四,04/04/2002,
三,04/03/2002,
二,04/02/2002,
一,04/01/2002,
四,03/28/2002,
三,03/27/2002,
二,03/26/2002,
一,03/25/2002,
五,03/22/2002,
四,03/21/2002,
三,03/20/2002,
二,03/19/2002,
一,03/18/2002,
五,03/15/2002,
四,03/14/2002,
三,03/13/2002,
二,03/12/2002,
一,03/11/2002,
五,03/08/2002,
四,03/07/2002,
三,03/06/2002,
二,03/05/2002,
一,03/04/2002,
五,03/01/2002,
四,02/28/2002,
三,02/27/2002,
二,02/26/2002,
一,02/25/2002,
五,02/22/2002,
四,02/21/2002,
三,02/20/2002,
二,02/19/2002,
五,02/15/2002,
四,02/14/2002,
三,02/13/2002,
二,02/12/2002,
一,02/11/2002,
五,02/08/2002,
四,02/07/2002,
三,02/06/2002,
二,02/05/2002,
一,02/04/2002,
五,02/01/2002,
四,01/31/2002,
三,01/30/2002,
二,01/29/2002,
一,01/28/2002,
五,01/25/2002,
四,01/24/2002,
三,01/23/2002,
二,01/22/2002,
五,01/18/2002,
四,01/17/2002,
三,01/16/2002,
二,01/15/2002,
一,01/14/2002,
五,01/11/2002,
四,01/10/2002,
三,01/09/2002,
二,01/08/2002,
一,01/07/2002,
五,01/04/2002,
四,01/03/2002,
三,01/02/2002,
一,12/31/2001,
五,12/28/2001,
四,12/27/2001,
三,12/26/2001,
一,12/24/2001,
五,12/21/2001,
四,12/20/2001,
三,12/19/2001,
二,12/18/2001,
一,12/17/2001,
五,12/14/2001,
四,12/13/2001,
三,12/12/2001,
二,12/11/2001,
一,12/10/2001,
五,12/07/2001,
四,12/06/2001,
三,12/05/2001,
二,12/04/2001,
一,12/03/2001,
五,11/30/2001,
四,11/29/2001,
三,11/28/2001,
二,11/27/2001,
一,11/26/2001,
五,11/23/2001,
三,11/21/2001,
二,11/20/2001,
一,11/19/2001,
五,11/16/2001,
四,11/15/2001,
三,11/14/2001,
二,11/13/2001,
一,11/12/2001,
五,11/09/2001,
四,11/08/2001,
三,11/07/2001,
二,11/06/2001,
一,11/05/2001,
五,11/02/2001,
四,11/01/2001,
三,10/31/2001,
二,10/30/2001,
一,10/29/2001,
五,10/26/2001,
四,10/25/2001,
三,10/24/2001,
二,10/23/2001,
一,10/22/2001,
五,10/19/2001,
四,10/18/2001,
三,10/17/2001,
二,10/16/2001,
一,10/15/2001,
五,10/12/2001,
四,10/11/2001,
三,10/10/2001,
二,10/09/2001,
一,10/08/2001,
五,10/05/2001,
四,10/04/2001,
三,10/03/2001,
二,10/02/2001,
一,10/01/2001,
五,09/28/2001,
四,09/27/2001,
三,09/26/2001,
二,09/25/2001,
一,09/24/2001,
五,09/21/2001,
四,09/20/2001,
三,09/19/2001,
二,09/18/2001,
一,09/17/2001,
二,09/11/2001,
一,09/10/2001,
五,09/07/2001,
四,09/06/2001,
三,09/05/2001,
二,09/04/2001,
五,08/31/2001,
四,08/30/2001,
三,08/29/2001,
二,08/28/2001,
一,08/27/2001,
五,08/24/2001,
四,08/23/2001,
三,08/22/2001,
二,08/21/2001,
一,08/20/2001,
五,08/17/2001,
四,08/16/2001,
三,08/15/2001,
二,08/14/2001,
一,08/13/2001,
五,08/10/2001,
四,08/09/2001,
三,08/08/2001,
二,08/07/2001,
一,08/06/2001,
五,08/03/2001,
四,08/02/2001,
三,08/01/2001,
二,07/31/2001,
一,07/30/2001,
五,07/27/2001,
四,07/26/2001,
三,07/25/2001,
二,07/24/2001,
一,07/23/2001,
五,07/20/2001,
四,07/19/2001,
三,07/18/2001,
二,07/17/2001,
一,07/16/2001,
五,07/13/2001,
四,07/12/2001,
三,07/11/2001,
二,07/10/2001,
一,07/09/2001,
五,07/06/2001,
四,07/05/2001,
二,07/03/2001,
一,07/02/2001,
五,06/29/2001,
四,06/28/2001,
三,06/27/2001,
二,06/26/2001,
一,06/25/2001,
五,06/22/2001,
四,06/21/2001,
三,06/20/2001,
二,06/19/2001,
一,06/18/2001,
五,06/15/2001,
四,06/14/2001,
三,06/13/2001,
二,06/12/2001,
一,06/11/2001,
五,06/08/2001,
四,06/07/2001,
三,06/06/2001,
二,06/05/2001,
一,06/04/2001,
五,06/01/2001,
四,05/31/2001,
三,05/30/2001,
二,05/29/2001,
五,05/25/2001,
四,05/24/2001,
三,05/23/2001,
二,05/22/2001,
一,05/21/2001,
五,05/18/2001,
四,05/17/2001,
三,05/16/2001,
二,05/15/2001,
一,05/14/2001,
五,05/11/2001,
四,05/10/2001,
三,05/09/2001,
二,05/08/2001,
一,05/07/2001,
五,05/04/2001,
四,05/03/2001,
三,05/02/2001,
二,05/01/2001,
一,04/30/2001,
五,04/27/2001,
四,04/26/2001,
三,04/25/2001,
二,04/24/2001,
一,04/23/2001,
五,04/20/2001,
四,04/19/2001,
三,04/18/2001,
二,04/17/2001,
一,04/16/2001,
四,04/12/2001,
三,04/11/2001,
二,04/10/2001,
一,04/09/2001,
五,04/06/2001,
四,04/05/2001,
三,04/04/2001,
二,04/03/2001,
一,04/02/2001,
五,03/30/2001,
四,03/29/2001,
三,03/28/2001,
二,03/27/2001,
一,03/26/2001,
五,03/23/2001,
四,03/22/2001,
三,03/21/2001,
二,03/20/2001,
一,03/19/2001,
五,03/16/2001,
四,03/15/2001,
三,03/14/2001,
二,03/13/2001,
一,03/12/2001,
五,03/09/2001,
四,03/08/2001,
三,03/07/2001,
二,03/06/2001,
一,03/05/2001,
五,03/02/2001,
四,03/01/2001,44.87
三,02/28/2001,
二,02/27/2001,
一,02/26/2001,
五,02/23/2001,
四,02/22/2001,
三,02/21/2001,
二,02/20/2001,
五,02/16/2001,
四,02/15/2001,
三,02/14/2001,
二,02/13/2001,
一,02/12/2001,
五,02/09/2001,
四,02/08/2001,
三,02/07/2001,
二,02/06/2001,
一,02/05/2001,
五,02/02/2001,
四,02/01/2001,
三,01/31/2001,
二,01/30/2001,
一,01/29/2001,
五,01/26/2001,
四,01/25/2001,
三,01/24/2001,
二,01/23/2001,
一,01/22/2001,
五,01/19/2001,
四,01/18/2001,
三,01/17/2001,
二,01/16/2001,
五,01/12/2001,
四,01/11/2001,
三,01/10/2001,
二,01/09/2001,
一,01/08/2001,
五,01/05/2001,
四,01/04/2001,
三,01/03/2001,
二,01/02/2001,
五,12/29/2000,
四,12/28/2000,
三,12/27/2000,
二,12/26/2000,
五,12/22/2000,
四,12/21/2000,
三,12/20/2000,
二,12/19/2000,
一,12/18/2000,
五,12/15/2000,
四,12/14/2000,
三,12/13/2000,
二,12/12/2000,
一,12/11/2000,
五,12/08/2000,
四,12/07/2000,
三,12/06/2000,
二,12/05/2000,
一,12/04/2000,
五,12/01/2000,
四,11/30/2000,
三,11/29/2000,
二,11/28/2000,
一,11/27/2000,
五,11/24/2000,
三,11/22/2000,
二,11/21/2000,
一,11/20/2000,
五,11/17/2000,
四,11/16/2000,
三,11/15/2000,
二,11/14/2000,
一,11/13/2000,
五,11/10/2000,
四,11/09/2000,
三,11/08/2000,
二,11/07/2000,
一,11/06/2000,
五,11/03/2000,
四,11/02/2000,
三,11/01/2000,
二,10/31/2000,
一,10/30/2000,
五,10/27/2000,
四,10/26/2000,
三,10/25/2000,
二,10/24/2000,
一,10/23/2000,
五,10/20/2000,
四,10/19/2000,
三,10/18/2000,
二,10/17/2000,
一,10/16/2000,
五,10/13/2000,
四,10/12/2000,
三,10/11/2000,
二,10/10/2000,
一,10/09/2000,
五,10/06/2000,
四,10/05/2000,
三,10/04/2000,
二,10/03/2000,
一,10/02/2000,
五,09/29/2000,
四,09/28/2000,
三,09/27/2000,
二,09/26/2000,
一,09/25/2000,
五,09/22/2000,
四,09/21/2000,
三,09/20/2000,
二,09/19/2000,
一,09/18/2000,
五,09/15/2000,
四,09/14/2000,
三,09/13/2000,
二,09/12/2000,
一,09/11/2000,
五,09/08/2000,
四,09/07/2000,
三,09/06/2000,
二,09/05/2000,
五,09/01/2000,
四,08/31/2000,
三,08/30/2000,
二,08/29/2000,
一,08/28/2000,
五,08/25/2000,
四,08/24/2000,
三,08/23/2000,
二,08/22/2000,
一,08/21/2000,
五,08/18/2000,
四,08/17/2000,
三,08/16/2000,
二,08/15/2000,
一,08/14/2000,
五,08/11/2000,
四,08/10/2000,
三,08/09/2000,
二,08/08/2000,
一,08/07/2000,
五,08/04/2000,
四,08/03/2000,
三,08/02/2000,
二,08/01/2000,
一,07/31/2000,
五,07/28/2000,
四,07/27/2000,
三,07/26/2000,
二,07/25/2000,
一,07/24/2000,
五,07/21/2000,
四,07/20/2000,
三,07/19/2000,
二,07/18/2000,
一,07/17/2000,
五,07/14/2000,
四,07/13/2000,
三,07/12/2000,
二,07/11/2000,
一,07/10/2000,
五,07/07/2000,
四,07/06/2000,
三,07/05/2000,
一,07/03/2000,
五,06/30/2000,
四,06/29/2000,
三,06/28/2000,
二,06/27/2000,
一,06/26/2000,
五,06/23/2000,
四,06/22/2000,
三,06/21/2000,
二,06/20/2000,
一,06/19/2000,
五,06/16/2000,
四,06/15/2000,
三,06/14/2000,
二,06/13/2000,
一,06/12/2000,
五,06/09/2000,
四,06/08/2000,
三,06/07/2000,
二,06/06/2000,
一,06/05/2000,
五,06/02/2000,
四,06/01/2000,
三,05/31/2000,
二,05/30/2000,
五,05/26/2000,
四,05/25/2000,
三,05/24/2000,
二,05/23/2000,
一,05/22/2000,
五,05/19/2000,
四,05/18/2000,
三,05/17/2000,
二,05/16/2000,
一,05/15/2000,
五,05/12/2000,
四,05/11/2000,
三,05/10/2000,
二,05/09/2000,
一,05/08/2000,
五,05/05/2000,
四,05/04/2000,
三,05/03/2000,
二,05/02/2000,
一,05/01/2000,
五,04/28/2000,
四,04/27/2000,
三,04/26/2000,
二,04/25/2000,
一,04/24/2000,
四,04/20/2000,
三,04/19/2000,
二,04/18/2000,
一,04/17/2000,
五,04/14/2000,
四,04/13/2000,
三,04/12/2000,
二,04/11/2000,
一,04/10/2000,
五,04/07/2000,
四,04/06/2000,
三,04/05/2000,
二,04/04/2000,
一,04/03/2000,
五,03/31/2000,
四,03/30/2000,
三,03/29/2000,
二,03/28/2000,
一,03/27/2000,
五,03/24/2000,
四,03/23/2000,
三,03/22/2000,
二,03/21/2000,
一,03/20/2000,
五,03/17/2000,
四,03/16/2000,
三,03/15/2000,
二,03/14/2000,
一,03/13/2000,
五,03/10/2000,
四,03/09/2000,
三,03/08/2000,
二,03/07/2000,
一,03/06/2000,
五,03/03/2000,
四,03/02/2000,
三,03/01/2000,
二,02/29/2000,
一,02/28/2000,
五,02/25/2000,
四,02/24/2000,
三,02/23/2000,
二,02/22/2000,
五,02/18/2000,
四,02/17/2000,
三,02/16/2000,
二,02/15/2000,
一,02/14/2000,
五,02/11/2000,
四,02/10/2000,
三,02/09/2000,
二,02/08/2000,
一,02/07/2000,
五,02/04/2000,
四,02/03/2000,
三,02/02/2000,
二,02/01/2000,
一,01/31/2000,
五,01/28/2000,
四,01/27/2000,
三,01/26/2000,
二,01/25/2000,
一,01/24/2000,
五,01/21/2000,
四,01/20/2000,
三,01/19/2000,
二,01/18/2000,
五,01/14/2000,
四,01/13/2000,
三,01/12/2000,
二,01/11/2000,
一,01/10/2000,
五,01/07/2000,
四,01/06/2000,
三,01/05/2000,
二,01/04/2000,
一,01/03/2000,
五,12/31/1999,
四,12/30/1999,
三,12/29/1999,
二,12/28/1999,
一,12/27/1999,
四,12/23/1999,
三,12/22/1999,
二,12/21/1999,
一,12/20/1999,
五,12/17/1999,
四,12/16/1999,
三,12/15/1999,
二,12/14/1999,
一,12/13/1999,
五,12/10/1999,
四,12/09/1999,
三,12/08/1999,
二,12/07/1999,
一,12/06/1999,
五,12/03/1999,
四,12/02/1999,
三,12/01/1999,
二,11/30/1999,
一,11/29/1999,
五,11/26/1999,
三,11/24/1999,
二,11/23/1999,
一,11/22/1999,
五,11/19/1999,
四,11/18/1999,
三,11/17/1999,
二,11/16/1999,
一,11/15/1999,
五,11/12/1999,
四,11/11/1999,
三,11/10/1999,
二,11/09/1999,
一,11/08/1999,
五,11/05/1999,
四,11/04/1999,
三,11/03/1999,
二,11/02/1999,
一,11/01/1999,
五,10/29/1999,
四,10/28/1999,
三,10/27/1999,
二,10/26/1999,
一,10/25/1999,
五,10/22/1999,
四,10/21/1999,
三,10/20/1999,
二,10/19/1999,
一,10/18/1999,
五,10/15/1999,
四,10/14/1999,
三,10/13/1999,
二,10/12/1999,
一,10/11/1999,
五,10/08/1999,
四,10/07/1999,
三,10/06/1999,
二,10/05/1999,
一,10/04/1999,
五,10/01/1999,
四,09/30/1999,
三,09/29/1999,
二,09/28/1999,
一,09/27/1999,
五,09/24/1999,
四,09/23/1999,
三,09/22/1999,
二,09/21/1999,
一,09/20/1999,
五,09/17/1999,
四,09/16/1999,
三,09/15/1999,
二,09/14/1999,
一,09/13/1999,
五,09/10/1999,
四,09/09/1999,
三,09/08/1999,
二,09/07/1999,
五,09/03/1999,
四,09/02/1999,
三,09/01/1999,
二,08/31/1999,
一,08/30/1999,
五,08/27/1999,
四,08/26/1999,
三,08/25/1999,
二,08/24/1999,
一,08/23/1999,
五,08/20/1999,
四,08/19/1999,
三,08/18/1999,
二,08/17/1999,
一,08/16/1999,
五,08/13/1999,
四,08/12/1999,
三,08/11/1999,
二,08/10/1999,
一,08/09/1999,
五,08/06/1999,
四,08/05/1999,
三,08/04/1999,
二,08/03/1999,
一,08/02/1999,
五,07/30/1999,
四,07/29/1999,
三,07/28/1999,
二,07/27/1999,
一,07/26/1999,
五,07/23/1999,
四,07/22/1999,
三,07/21/1999,
二,07/20/1999,
一,07/19/1999,
五,07/16/1999,
四,07/15/1999,
三,07/14/1999,
二,07/13/1999,
一,07/12/1999,
五,07/09/1999,
四,07/08/1999,
三,07/07/1999,
二,07/06/1999,
五,07/02/1999,
四,07/01/1999,
三,06/30/1999,
二,06/29/1999,
一,06/28/1999,
五,06/25/1999,
四,06/24/1999,
三,06/23/1999,
二,06/22/1999,
一,06/21/1999,
五,06/18/1999,
四,06/17/1999,
三,06/16/1999,
二,06/15/1999,
一,06/14/1999,
五,06/11/1999,
四,06/10/1999,
三,06/09/1999,
二,06/08/1999,
一,06/07/1999,
五,06/04/1999,
四,06/03/1999,
三,06/02/1999,
二,06/01/1999,
五,05/28/1999,
四,05/27/1999,
三,05/26/1999,
二,05/25/1999,
一,05/24/1999,
五,05/21/1999,
四,05/20/1999,
三,05/19/1999,
二,05/18/1999,
一,05/17/1999,
五,05/14/1999,
四,05/13/1999,
三,05/12/1999,
二,05/11/1999,
一,05/10/1999,
五,05/07/1999,
四,05/06/1999,
三,05/05/1999,
二,05/04/1999,
一,05/03/1999,
五,04/30/1999,
四,04/29/1999,
三,04/28/1999,
二,04/27/1999,
一,04/26/1999,
五,04/23/1999,
四,04/22/1999,
三,04/21/1999,
二,04/20/1999,
一,04/19/1999,
五,04/16/1999,
四,04/15/1999,
三,04/14/1999,
二,04/13/1999,
一,04/12/1999,
五,04/09/1999,
四,04/08/1999,
三,04/07/1999,
二,04/06/1999,
一,04/05/1999,
四,04/01/1999,
三,03/31/1999,
二,03/30/1999,
一,03/29/1999,
五,03/26/1999,
四,03/25/1999,
三,03/24/1999,
二,03/23/1999,
一,03/22/1999,
五,03/19/1999,
四,03/18/1999,
三,03/17/1999,
二,03/16/1999,
一,03/15/1999,
五,03/12/1999,
四,03/11/1999,
三,03/10/1999,
二,03/09/1999,
一,03/08/1999,
五,03/05/1999,
四,03/04/1999,
三,03/03/1999,
二,03/02/1999,
一,03/01/1999,
五,02/26/1999,
四,02/25/1999,
三,02/24/1999,
二,02/23/1999,
一,02/22/1999,
五,02/19/1999,
四,02/18/1999,
三,02/17/1999,
二,02/16/1999,
五,02/12/1999,
四,02/11/1999,
三,02/10/1999,
二,02/09/1999,
一,02/08/1999,
五,02/05/1999,
四,02/04/1999,
三,02/03/1999,
二,02/02/1999,
一,02/01/1999,
五,01/29/1999,
四,01/28/1999,
三,01/27/1999,
二,01/26/1999,
一,01/25/1999,
五,01/22/1999,
四,01/21/1999,
三,01/20/1999,
二,01/19/1999,
五,01/15/1999,
四,01/14/1999,
三,01/13/1999,
二,01/12/1999,
一,01/11/1999,
五,01/08/1999,
四,01/07/1999,
三,01/06/1999,
二,01/05/1999,
一,01/04/1999,
四,12/31/1998,
三,12/30/1998,
二,12/29/1998,
一,12/28/1998,
四,12/24/1998,
三,12/23/1998,
二,12/22/1998,
一,12/21/1998,
五,12/18/1998,
四,12/17/1998,
三,12/16/1998,
二,12/15/1998,
一,12/14/1998,
五,12/11/1998,
四,12/10/1998,
三,12/09/1998,
二,12/08/1998,
一,12/07/1998,
五,12/04/1998,
四,12/03/1998,
三,12/02/1998,
二,12/01/1998,
一,11/30/1998,
五,11/27/1998,
三,11/25/1998,
二,11/24/1998,
一,11/23/1998,
五,11/20/1998,
四,11/19/1998,
三,11/18/1998,
二,11/17/1998,
一,11/16/1998,
五,11/13/1998,
四,11/12/1998,
三,11/11/1998,
二,11/10/1998,
一,11/09/1998,
五,11/06/1998,
四,11/05/1998,
三,11/04/1998,
二,11/03/1998,
一,11/02/1998,
五,10/30/1998,
四,10/29/1998,
三,10/28/1998,
二,10/27/1998,
一,10/26/1998,
五,10/23/1998,
四,10/22/1998,
三,10/21/1998,
二,10/20/1998,
一,10/19/1998,
五,10/16/1998,
四,10/15/1998,
三,10/14/1998,
二,10/13/1998,
一,10/12/1998,
五,10/09/1998,
四,10/08/1998,
三,10/07/1998,
二,10/06/1998,
一,10/05/1998,
五,10/02/1998,
四,10/01/1998,
三,09/30/1998,
二,09/29/1998,
一,09/28/1998,
五,09/25/1998,
四,09/24/1998,
三,09/23/1998,
二,09/22/1998,
一,09/21/1998,
五,09/18/1998,
四,09/17/1998,
三,09/16/1998,
二,09/15/1998,
一,09/14/1998,
五,09/11/1998,
四,09/10/1998,
三,09/09/1998,
二,09/08/1998,
五,09/04/1998,
四,09/03/1998,
三,09/02/1998,
二,09/01/1998,
一,08/31/1998,
五,08/28/1998,
四,08/27/1998,
三,08/26/1998,
二,08/25/1998,
一,08/24/1998,
五,08/21/1998,
四,08/20/1998,
三,08/19/1998,
二,08/18/1998,
一,08/17/1998,
五,08/14/1998,
四,08/13/1998,
三,08/12/1998,
二,08/11/1998,
一,08/10/1998,
五,08/07/1998,
四,08/06/1998,
三,08/05/1998,
二,08/04/1998,
一,08/03/1998,
五,07/31/1998,
四,07/30/1998,
三,07/29/1998,
二,07/28/1998,
一,07/27/1998,
五,07/24/1998,
四,07/23/1998,
三,07/22/1998,
二,07/21/1998,
一,07/20/1998,
五,07/17/1998,
四,07/16/1998,
三,07/15/1998,
二,07/14/1998,
一,07/13/1998,
五,07/10/1998,
四,07/09/1998,
三,07/08/1998,
二,07/07/1998,
一,07/06/1998,
四,07/02/1998,
三,07/01/1998,
二,06/30/1998,
一,06/29/1998,
五,06/26/1998,
四,06/25/1998,
三,06/24/1998,
二,06/23/1998,
一,06/22/1998,
五,06/19/1998,
四,06/18/1998,
三,06/17/1998,
二,06/16/1998,
一,06/15/1998,
五,06/12/1998,
四,06/11/1998,
三,06/10/1998,
二,06/09/1998,
一,06/08/1998,
五,06/05/1998,
四,06/04/1998,
三,06/03/1998,
二,06/02/1998,
一,06/01/1998,
五,05/29/1998,
四,05/28/1998,
三,05/27/1998,
二,05/26/1998,
五,05/22/1998,
四,05/21/1998,
三,05/20/1998,
二,05/19/1998,
一,05/18/1998,
五,05/15/1998,
四,05/14/1998,
三,05/13/1998,
二,05/12/1998,
一,05/11/1998,
五,05/08/1998,
四,05/07/1998,
三,05/06/1998,
二,05/05/1998,
一,05/04/1998,
五,05/01/1998,
四,04/30/1998,
三,04/29/1998,
二,04/28/1998,
一,04/27/1998,
五,04/24/1998,
四,04/23/1998,
三,04/22/1998,
二,04/21/1998,
一,04/20/1998,
五,04/17/1998,
四,04/16/1998,
三,04/15/1998,
二,04/14/1998,
一,04/13/1998,
四,04/09/1998,
三,04/08/1998,
二,04/07/1998,
一,04/06/1998,
五,04/03/1998,
四,04/02/1998,
三,04/01/1998,
二,03/31/1998,
一,03/30/1998,
五,03/27/1998,
四,03/26/1998,
三,03/25/1998,
二,03/24/1998,
一,03/23/1998,
五,03/20/1998,
四,03/19/1998,
三,03/18/1998,
二,03/17/1998,
一,03/16/1998,
五,03/13/1998,
四,03/12/1998,
三,03/11/1998,
二,03/10/1998,
一,03/09/1998,
五,03/06/1998,
四,03/05/1998,
三,03/04/1998,
二,03/03/1998,
一,03/02/1998,
五,02/27/1998,
四,02/26/1998,
三,02/25/1998,
二,02/24/1998,
一,02/23/1998,
五,02/20/1998,
四,02/19/1998,
三,02/18/1998,
二,02/17/1998,
五,02/13/1998,
四,02/12/1998,
三,02/11/1998,
二,02/10/1998,
一,02/09/1998,
五,02/06/1998,
四,02/05/1998,
三,02/04/1998,
二,02/03/1998,
一,02/02/1998,
五,01/30/1998,
四,01/29/1998,
三,01/28/1998,
二,01/27/1998,
一,01/26/1998,
五,01/23/1998,
四,01/22/1998,
三,01/21/1998,
二,01/20/1998,
五,01/16/1998,
四,01/15/1998,
三,01/14/1998,
二,01/13/1998,
一,01/12/1998,
五,01/09/1998,
四,01/08/1998,
三,01/07/1998,
二,01/06/1998,
一,01/05/1998,
五,01/02/1998,
三,12/31/1997,
二,12/30/1997,
一,12/29/1997,
五,12/26/1997,
三,12/24/1997,
二,12/23/1997,
一,12/22/1997,
五,12/19/1997,
四,12/18/1997,
三,12/17/1997,
二,12/16/1997,
一,12/15/1997,
五,12/12/1997,
四,12/11/1997,
三,12/10/1997,
二,12/09/1997,
一,12/08/1997,
五,12/05/1997,
四,12/04/1997,
三,12/03/1997,
二,12/02/1997,
一,12/01/1997,
五,11/28/1997,
三,11/26/1997,
二,11/25/1997,
一,11/24/1997,
五,11/21/1997,
四,11/20/1997,
三,11/19/1997,
二,11/18/1997,
一,11/17/1997,
五,11/14/1997,
四,11/13/1997,
三,11/12/1997,
二,11/11/1997,
一,11/10/1997,
五,11/07/1997,
四,11/06/1997,
三,11/05/1997,
二,11/04/1997,
一,11/03/1997,
五,10/31/1997,
四,10/30/1997,
三,10/29/1997,
二,10/28/1997,
一,10/27/1997,
五,10/24/1997,
四,10/23/1997,
三,10/22/1997,
二,10/21/1997,
一,10/20/1997,
五,10/17/1997,
四,10/16/1997,
三,10/15/1997,
二,10/14/1997,
一,10/13/1997,
五,10/10/1997,
四,10/09/1997,
三,10/08/1997,
二,10/07/1997,
一,10/06/1997,
五,10/03/1997,
四,10/02/1997,
三,10/01/1997,
二,09/30/1997,
一,09/29/1997,
五,09/26/1997,
四,09/25/1997,
三,09/24/1997,
二,09/23/1997,
一,09/22/1997,
五,09/19/1997,
四,09/18/1997,
三,09/17/1997,
二,09/16/1997,
一,09/15/1997,
五,09/12/1997,
四,09/11/1997,
三,09/10/1997,
二,09/09/1997,
一,09/08/1997,
五,09/05/1997,
四,09/04/1997,
三,09/03/1997,
二,09/02/1997,
五,08/29/1997,
四,08/28/1997,
三,08/27/1997,
二,08/26/1997,
一,08/25/1997,
五,08/22/1997,
四,08/21/1997,
三,08/20/1997,
二,08/19/1997,
一,08/18/1997,
五,08/15/1997,
四,08/14/1997,
三,08/13/1997,
二,08/12/1997,
一,08/11/1997,
五,08/08/1997,
四,08/07/1997,
三,08/06/1997,
二,08/05/1997,
一,08/04/1997,
五,08/01/1997,
四,07/31/1997,
三,07/30/1997,
二,07/29/1997,
一,07/28/1997,
五,07/25/1997,
四,07/24/1997,
三,07/23/1997,
二,07/22/1997,
一,07/21/1997,
五,07/18/1997,
四,07/17/1997,
三,07/16/1997,
二,07/15/1997,
一,07/14/1997,
五,07/11/1997,
四,07/10/1997,
三,07/09/1997,
二,07/08/1997,
一,07/07/1997,
四,07/03/1997,
三,07/02/1997,
二,07/01/1997,
一,06/30/1997,
五,06/27/1997,
四,06/26/1997,
三,06/25/1997,
二,06/24/1997,
一,06/23/1997,
五,06/20/1997,
四,06/19/1997,
三,06/18/1997,
二,06/17/1997,
一,06/16/1997,
五,06/13/1997,
四,06/12/1997,
三,06/11/1997,
二,06/10/1997,
一,06/09/1997,
五,06/06/1997,
四,06/05/1997,
三,06/04/1997,
二,06/03/1997,
一,06/02/1997,
五,05/30/1997,
四,05/29/1997,
三,05/28/1997,
二,05/27/1997,
五,05/23/1997,
四,05/22/1997,
三,05/21/1997,
二,05/20/1997,
一,05/19/1997,
五,05/16/1997,
四,05/15/1997,
三,05/14/1997,
二,05/13/1997,
一,05/12/1997,
五,05/09/1997,
四,05/08/1997,
三,05/07/1997,
二,05/06/1997,
一,05/05/1997,
五,05/02/1997,
四,05/01/1997,
三,04/30/1997,
二,04/29/1997,
一,04/28/1997,
五,04/25/1997,
四,04/24/1997,
三,04/23/1997,
二,04/22/1997,
一,04/21/1997,
五,04/18/1997,
四,04/17/1997,
三,04/16/1997,
二,04/15/1997,
一,04/14/1997,
五,04/11/1997,
四,04/10/1997,
三,04/09/1997,
二,04/08/1997,
一,04/07/1997,
五,04/04/1997,
四,04/03/1997,
三,04/02/1997,
二,04/01/1997,
一,03/31/1997,
四,03/27/1997,
三,03/26/1997,
二,03/25/1997,
一,03/24/1997,
五,03/21/1997,
四,03/20/1997,
三,03/19/1997,
二,03/18/1997,
一,03/17/1997,
五,03/14/1997,
四,03/13/1997,
三,03/12/1997,
二,03/11/1997,
一,03/10/1997,
五,03/07/1997,
四,03/06/1997,
三,03/05/1997,
二,03/04/1997,
一,03/03/1997,
五,02/28/1997,
四,02/27/1997,
三,02/26/1997,
二,02/25/1997,
一,02/24/1997,
五,02/21/1997,
四,02/20/1997,
三,02/19/1997,
二,02/18/1997,
五,02/14/1997,
四,02/13/1997,
三,02/12/1997,
二,02/11/1997,
一,02/10/1997,
五,02/07/1997,
四,02/06/1997,
三,02/05/1997,
二,02/04/1997,
一,02/03/1997,
五,01/31/1997,
四,01/30/1997,
三,01/29/1997,
二,01/28/1997,
一,01/27/1997,
五,01/24/1997,
四,01/23/1997,
三,01/22/1997,
二,01/21/1997,
一,01/20/1997,
五,01/17/1997,
四,01/16/1997,
三,01/15/1997,
二,01/14/1997,
一,01/13/1997,
五,01/10/1997,
四,01/09/1997,
三,01/08/1997,
二,01/07/1997,
一,01/06/1997,
五,01/03/1997,
四,01/02/1997,
二,12/31/1996,
一,12/30/1996,
五,12/27/1996,
四,12/26/1996,
二,12/24/1996,
一,12/23/1996,
五,12/20/1996,
四,12/19/1996,
三,12/18/1996,
二,12/17/1996,
一,12/16/1996,
五,12/13/1996,
四,12/12/1996,
三,12/11/1996,
二,12/10/1996,
一,12/09/1996,
五,12/06/1996,
四,12/05/1996,
三,12/04/1996,
二,12/03/1996,
一,12/02/1996,
五,11/29/1996,
三,11/27/1996,
二,11/26/1996,
一,11/25/1996,
五,11/22/1996,
四,11/21/1996,
三,11/20/1996,
二,11/19/1996,
一,11/18/1996,
五,11/15/1996,
四,11/14/1996,
三,11/13/1996,
二,11/12/1996,
一,11/11/1996,
五,11/08/1996,
四,11/07/1996,
三,11/06/1996,
二,11/05/1996,
一,11/04/1996,
五,11/01/1996,
四,10/31/1996,
三,10/30/1996,
二,10/29/1996,
一,10/28/1996,
五,10/25/1996,
四,10/24/1996,
三,10/23/1996,
二,10/22/1996,
一,10/21/1996,
五,10/18/1996,
四,10/17/1996,
三,10/16/1996,
二,10/15/1996,
一,10/14/1996,
五,10/11/1996,
四,10/10/1996,
三,10/09/1996,
二,10/08/1996,
一,10/07/1996,
五,10/04/1996,
四,10/03/1996,
三,10/02/1996,
二,10/01/1996,
一,09/30/1996,
五,09/27/1996,
四,09/26/1996,
三,09/25/1996,
二,09/24/1996,
一,09/23/1996,
五,09/20/1996,
四,09/19/1996,
三,09/18/1996,
二,09/17/1996,
一,09/16/1996,
五,09/13/1996,
四,09/12/1996,
三,09/11/1996,
二,09/10/1996,
一,09/09/1996,
五,09/06/1996,
四,09/05/1996,
三,09/04/1996,
二,09/03/1996,
五,08/30/1996,
四,08/29/1996,
三,08/28/1996,
二,08/27/1996,
一,08/26/1996,
五,08/23/1996,
四,08/22/1996,
三,08/21/1996,
二,08/20/1996,
一,08/19/1996,
五,08/16/1996,
四,08/15/1996,
三,08/14/1996,
二,08/13/1996,
一,08/12/1996,
五,08/09/1996,
四,08/08/1996,
三,08/07/1996,
二,08/06/1996,
一,08/05/1996,
五,08/02/1996,
四,08/01/1996,
三,07/31/1996,
二,07/30/1996,
一,07/29/1996,
五,07/26/1996,
四,07/25/1996,
三,07/24/1996,
二,07/23/1996,
一,07/22/1996,
五,07/19/1996,
四,07/18/1996,
三,07/17/1996,
二,07/16/1996,
一,07/15/1996,
五,07/12/1996,
四,07/11/1996,
三,07/10/1996,
二,07/09/1996,
一,07/08/1996,
五,07/05/1996,
三,07/03/1996,
二,07/02/1996,
一,07/01/1996,
五,06/28/1996,
四,06/27/1996,
三,06/26/1996,
二,06/25/1996,
一,06/24/1996,
五,06/21/1996,
四,06/20/1996,
三,06/19/1996,
二,06/18/1996,
一,06/17/1996,
五,06/14/1996,
四,06/13/1996,
三,06/12/1996,
二,06/11/1996,
一,06/10/1996,
五,06/07/1996,
四,06/06/1996,
三,06/05/1996,
二,06/04/1996,
一,06/03/1996,
五,05/31/1996,
四,05/30/1996,
三,05/29/1996,
二,05/28/1996,
五,05/24/1996,
四,05/23/1996,
三,05/22/1996,
二,05/21/1996,
一,05/20/1996,
五,05/17/1996,
四,05/16/1996,
三,05/15/1996,
二,05/14/1996,
一,05/13/1996,
五,05/10/1996,
四,05/09/1996,
三,05/08/1996,
二,05/07/1996,
一,05/06/1996,
五,05/03/1996,
四,05/02/1996,
三,05/01/1996,
二,04/30/1996,
一,04/29/1996,
