四,04/26/2018,59.34
三,04/25/2018,58.3
二,04/24/2018,58.27
一,04/23/2018,58.22
五,04/20/2018,59.64
四,04/19/2018,59.9
三,04/18/2018,62.11
二,04/17/2018,61.89
一,04/16/2018,61.15
五,04/13/2018,60.61
四,04/12/2018,59.87
三,04/11/2018,58.56
二,04/10/2018,59.35
一,04/09/2018,56.29
五,04/06/2018,56.62
四,04/05/2018,58.25
三,04/04/2018,58.93
二,04/03/2018,58.3
一,04/02/2018,57.75
四,03/29/2018,58.52
三,03/28/2018,56.89
二,03/27/2018,57.37
一,03/26/2018,58.13
五,03/23/2018,56.28
四,03/22/2018,59.04
三,03/21/2018,59.9
二,03/20/2018,59.91
一,03/19/2018,60.4
五,03/16/2018,60.09
四,03/15/2018,59.57
三,03/14/2018,59.93
二,03/13/2018,59.68
一,03/12/2018,60.21
五,03/09/2018,60.19
四,03/08/2018,58.88
三,03/07/2018,56.3
二,03/06/2018,56.23
一,03/05/2018,55.14
五,03/02/2018,54.12
四,03/01/2018,54.0
三,02/28/2018,53.4
二,02/27/2018,52.87
一,02/26/2018,53.55
五,02/23/2018,53.29
四,02/22/2018,51.36
三,02/21/2018,51.44
二,02/20/2018,52.12
五,02/16/2018,51.42
四,02/15/2018,51.52
三,02/14/2018,51.37
二,02/13/2018,49.63
一,02/12/2018,49.17
五,02/09/2018,47.82
四,02/08/2018,47.44
三,02/07/2018,49.55
二,02/06/2018,48.68
一,02/05/2018,49.65
五,02/02/2018,51.77
四,02/01/2018,54.44
三,01/31/2018,55.2
二,01/30/2018,54.98
一,01/29/2018,55.11
五,01/26/2018,54.94
四,01/25/2018,53.17
三,01/24/2018,52.97
二,01/23/2018,54.06
一,01/22/2018,53.16
五,01/19/2018,52.62
四,01/18/2018,52.01
三,01/17/2018,52.14
二,01/16/2018,51.51
五,01/12/2018,51.26
四,01/11/2018,49.005
三,01/10/2018,47.07
二,01/09/2018,46.39
一,01/08/2018,46.0
五,01/05/2018,42.94
四,01/04/2018,42.64
三,01/03/2018,42.85
二,01/02/2018,42.93
五,12/29/2017,41.84
四,12/28/2017,42.02
三,12/27/2017,42.11
二,12/26/2017,42.14
五,12/22/2017,42.17
四,12/21/2017,41.96
三,12/20/2017,41.53
二,12/19/2017,42.18
一,12/18/2017,42.99
五,12/15/2017,42.02
四,12/14/2017,41.94
三,12/13/2017,42.08
二,12/12/2017,42.12
一,12/11/2017,40.47
五,12/08/2017,40.49
四,12/07/2017,39.58
三,12/06/2017,39.18
二,12/05/2017,39.13
一,12/04/2017,39.2
五,12/01/2017,39.11
四,11/30/2017,38.56
三,11/29/2017,38.75
二,11/28/2017,39.98
一,11/27/2017,39.08
五,11/24/2017,40.29
三,11/22/2017,40.33
二,11/21/2017,40.14
一,11/20/2017,39.85
五,11/17/2017,39.42
四,11/16/2017,39.12
三,11/15/2017,37.81
二,11/14/2017,37.49
一,11/13/2017,37.66
五,11/10/2017,37.99
四,11/09/2017,37.41
三,11/08/2017,37.71
二,11/07/2017,37.12
一,11/06/2017,37.46
五,11/03/2017,36.33
四,11/02/2017,36.77
三,11/01/2017,36.96
二,10/31/2017,36.97
一,10/30/2017,36.68
五,10/27/2017,36.9
四,10/26/2017,38.18
三,10/25/2017,38.15
二,10/24/2017,38.84
一,10/23/2017,39.35
五,10/20/2017,34.94
四,10/19/2017,34.34
三,10/18/2017,34.26
二,10/17/2017,33.96
一,10/16/2017,34.49
五,10/13/2017,34.4
四,10/12/2017,33.62
三,10/11/2017,33.5
二,10/10/2017,33.75
一,10/09/2017,33.85
五,10/06/2017,33.79
四,10/05/2017,34.1
三,10/04/2017,33.98
二,10/03/2017,34.05
一,10/02/2017,34.2
五,09/29/2017,33.17
四,09/28/2017,32.98
三,09/27/2017,33.18
二,09/26/2017,32.87
一,09/25/2017,33.16
五,09/22/2017,33.57
四,09/21/2017,32.72
三,09/20/2017,32.38
二,09/19/2017,32.18
一,09/18/2017,33.52
五,09/15/2017,33.55
四,09/14/2017,32.65
三,09/13/2017,32.78
二,09/12/2017,31.89
一,09/11/2017,30.95
五,09/08/2017,31.99
四,09/07/2017,32.34
三,09/06/2017,32.79
二,09/05/2017,32.75
五,09/01/2017,31.8
四,08/31/2017,31.53
三,08/30/2017,31.5
二,08/29/2017,31.45
一,08/28/2017,31.49
五,08/25/2017,31.25
四,08/24/2017,31.02
三,08/23/2017,31.01
二,08/22/2017,32.29
一,08/21/2017,31.46
五,08/18/2017,31.37
四,08/17/2017,31.51
三,08/16/2017,32.48
二,08/15/2017,32.28
一,08/14/2017,32.55
五,08/11/2017,32.29
四,08/10/2017,31.55
三,08/09/2017,32.6
二,08/08/2017,32.99
一,08/07/2017,33.48
五,08/04/2017,33.43
四,08/03/2017,33.57
三,08/02/2017,33.42
二,08/01/2017,33.37
一,07/31/2017,32.96
五,07/28/2017,32.61
四,07/27/2017,32.56
三,07/26/2017,32.34
二,07/25/2017,33.2
一,07/24/2017,39.76
五,07/21/2017,39.58
四,07/20/2017,39.42
三,07/19/2017,39.24
二,07/18/2017,38.83
一,07/17/2017,39.07
五,07/14/2017,39.5
四,07/13/2017,38.32
三,07/12/2017,39.7
二,07/11/2017,38.72
一,07/10/2017,38.39
五,07/07/2017,38.2
四,07/06/2017,37.29
三,07/05/2017,39.02
一,07/03/2017,38.59
五,06/30/2017,38.75
四,06/29/2017,38.91
三,06/28/2017,40.18
二,06/27/2017,39.51
一,06/26/2017,42.39
五,06/23/2017,42.67
四,06/22/2017,42.01
三,06/21/2017,41.66
二,06/20/2017,41.04
一,06/19/2017,41.83
五,06/16/2017,42.03
四,06/15/2017,41.52
三,06/14/2017,41.28
二,06/13/2017,42.03
一,06/12/2017,41.54
五,06/09/2017,42.37
四,06/08/2017,42.77
三,06/07/2017,41.94
二,06/06/2017,41.89
一,06/05/2017,42.08
五,06/02/2017,43.22
四,06/01/2017,42.88
三,05/31/2017,43.57
二,05/30/2017,43.24
五,05/26/2017,42.53
四,05/25/2017,43.11
三,05/24/2017,42.73
二,05/23/2017,42.63
一,05/22/2017,42.77
五,05/19/2017,42.51
四,05/18/2017,42.25
三,05/17/2017,42.16
二,05/16/2017,44.0
一,05/15/2017,43.48
五,05/12/2017,43.04
四,05/11/2017,42.48
三,05/10/2017,43.11
二,05/09/2017,42.83
一,05/08/2017,42.87
五,05/05/2017,43.55
四,05/04/2017,42.58
三,05/03/2017,42.51
二,05/02/2017,42.44
一,05/01/2017,42.18
五,04/28/2017,42.13
四,04/27/2017,42.3
三,04/26/2017,42.01
二,04/25/2017,50.51
一,04/24/2017,49.42
五,04/21/2017,48.26
四,04/20/2017,48.55
三,04/19/2017,48.56
二,04/18/2017,48.54
一,04/17/2017,48.49
四,04/13/2017,48.17
三,04/12/2017,48.34
二,04/11/2017,49.09
一,04/10/2017,47.6
五,04/07/2017,46.85
四,04/06/2017,46.25
三,04/05/2017,46.0
二,04/04/2017,45.97
一,04/03/2017,45.3
五,03/31/2017,45.93
四,03/30/2017,47.12
三,03/29/2017,45.67
二,03/28/2017,45.28
一,03/27/2017,44.91
五,03/24/2017,45.24
四,03/23/2017,45.13
三,03/22/2017,45.01
二,03/21/2017,44.51
一,03/20/2017,46.08
五,03/17/2017,46.87
四,03/16/2017,47.23
三,03/15/2017,47.06
二,03/14/2017,46.7
一,03/13/2017,47.57
五,03/10/2017,47.28
四,03/09/2017,46.68
三,03/08/2017,48.11
二,03/07/2017,48.28
一,03/06/2017,48.51
五,03/03/2017,48.96
四,03/02/2017,48.92
三,03/01/2017,49.48
二,02/28/2017,48.19
一,02/27/2017,47.69
五,02/24/2017,47.75
四,02/23/2017,47.39
三,02/22/2017,47.35
二,02/21/2017,47.43
五,02/17/2017,47.14
四,02/16/2017,47.57
三,02/15/2017,48.15
二,02/14/2017,47.85
一,02/13/2017,47.8
五,02/10/2017,46.46
四,02/09/2017,46.37
三,02/08/2017,45.8
二,02/07/2017,46.1
一,02/06/2017,45.44
五,02/03/2017,46.29
四,02/02/2017,45.27
三,02/01/2017,44.78
二,01/31/2017,45.15
一,01/30/2017,44.9
五,01/27/2017,44.5
四,01/26/2017,43.9
三,01/25/2017,42.67
二,01/24/2017,37.44
一,01/23/2017,36.37
五,01/20/2017,36.47
四,01/19/2017,36.34
三,01/18/2017,37.24
二,01/17/2017,37.02
五,01/13/2017,36.9
四,01/12/2017,36.75
三,01/11/2017,36.87
二,01/10/2017,37.63
一,01/09/2017,38.05
五,01/06/2017,38.49
四,01/05/2017,39.05
三,01/04/2017,39.12
二,01/03/2017,39.62
五,12/30/2016,38.17
四,12/29/2016,38.02
三,12/28/2016,38.79
二,12/27/2016,39.38
五,12/23/2016,39.11
四,12/22/2016,39.02
三,12/21/2016,38.91
二,12/20/2016,38.76
一,12/19/2016,38.71
五,12/16/2016,39.1
四,12/15/2016,40.6
三,12/14/2016,40.2
二,12/13/2016,40.84
一,12/12/2016,39.17
五,12/09/2016,39.38
四,12/08/2016,39.23
三,12/07/2016,40.27
二,12/06/2016,39.15
一,12/05/2016,39.16
五,12/02/2016,38.87
四,12/01/2016,38.11
三,11/30/2016,40.1
二,11/29/2016,39.5
一,11/28/2016,39.37
五,11/25/2016,39.07
三,11/23/2016,38.82
二,11/22/2016,38.96
一,11/21/2016,39.82
五,11/18/2016,39.29
四,11/17/2016,39.23
三,11/16/2016,38.26
二,11/15/2016,38.51
一,11/14/2016,38.0
五,11/11/2016,37.25
四,11/10/2016,36.17
三,11/09/2016,34.76
二,11/08/2016,34.49
一,11/07/2016,34.65
五,11/04/2016,33.0
四,11/03/2016,33.08
三,11/02/2016,32.65
二,11/01/2016,33.71
一,10/31/2016,34.31
五,10/28/2016,34.15
四,10/27/2016,34.24
三,10/26/2016,34.84
二,10/25/2016,34.27
一,10/24/2016,34.52
五,10/21/2016,34.5
四,10/20/2016,34.98
三,10/19/2016,34.32
二,10/18/2016,35.34
一,10/17/2016,35.01
五,10/14/2016,35.16
四,10/13/2016,35.18
三,10/12/2016,35.23
二,10/11/2016,35.1
一,10/10/2016,37.97
五,10/07/2016,37.89
四,10/06/2016,37.81
三,10/05/2016,38.54
二,10/04/2016,38.24
一,10/03/2016,38.41
五,09/30/2016,38.55
四,09/29/2016,37.79
三,09/28/2016,38.21
二,09/27/2016,38.42
一,09/26/2016,37.2
五,09/23/2016,36.46
四,09/22/2016,36.4
三,09/21/2016,36.69
二,09/20/2016,35.53
一,09/19/2016,35.95
五,09/16/2016,36.4
四,09/15/2016,36.45
三,09/14/2016,36.07
二,09/13/2016,36.14
一,09/12/2016,36.55
五,09/09/2016,36.09
四,09/08/2016,36.31
三,09/07/2016,36.51
二,09/06/2016,34.47
五,09/02/2016,33.92
四,09/01/2016,33.71
三,08/31/2016,33.74
二,08/30/2016,33.92
一,08/29/2016,33.73
五,08/26/2016,33.33
四,08/25/2016,32.05
三,08/24/2016,31.58
二,08/23/2016,32.12
一,08/22/2016,31.87
五,08/19/2016,32.33
四,08/18/2016,32.07
三,08/17/2016,31.78
二,08/16/2016,32.46
一,08/15/2016,32.0
五,08/12/2016,31.55
四,08/11/2016,31.75
三,08/10/2016,31.38
二,08/09/2016,32.49
一,08/08/2016,32.61
五,08/05/2016,32.13
四,08/04/2016,31.26
三,08/03/2016,30.73
二,08/02/2016,30.65
一,08/01/2016,32.43
五,07/29/2016,32.03
四,07/28/2016,32.6
三,07/27/2016,32.05
二,07/26/2016,32.45
一,07/25/2016,31.44
五,07/22/2016,31.58
四,07/21/2016,31.22
三,07/20/2016,30.5
二,07/19/2016,29.99
一,07/18/2016,30.15
五,07/15/2016,28.9
四,07/14/2016,29.19
三,07/13/2016,29.83
二,07/12/2016,29.35
一,07/11/2016,24.09
五,07/08/2016,24.01
四,07/07/2016,23.73
三,07/06/2016,23.52
二,07/05/2016,23.16
五,07/01/2016,24.03
四,06/30/2016,24.36
三,06/29/2016,23.95
二,06/28/2016,22.53
一,06/27/2016,20.87
五,06/24/2016,23.16
四,06/23/2016,24.48
三,06/22/2016,23.87
二,06/21/2016,23.86
一,06/20/2016,23.43
五,06/17/2016,23.22
四,06/16/2016,22.69
三,06/15/2016,22.715
二,06/14/2016,22.76
一,06/13/2016,22.68
五,06/10/2016,23.14
四,06/09/2016,24.14
三,06/08/2016,24.25
二,06/07/2016,24.65
一,06/06/2016,23.89
五,06/03/2016,23.64
四,06/02/2016,23.75
三,06/01/2016,23.01
二,05/31/2016,22.56
五,05/27/2016,21.66
四,05/26/2016,21.55
三,05/25/2016,21.48
二,05/24/2016,20.88
一,05/23/2016,20.8
五,05/20/2016,20.41
四,05/19/2016,20.52
三,05/18/2016,20.24
二,05/17/2016,19.635
一,05/16/2016,19.16
五,05/13/2016,19.09
四,05/12/2016,18.79
三,05/11/2016,18.72
二,05/10/2016,19.25
一,05/09/2016,18.86
五,05/06/2016,19.07
四,05/05/2016,20.01
三,05/04/2016,20.15
二,05/03/2016,19.44
一,05/02/2016,20.48
五,04/29/2016,21.77
四,04/28/2016,26.9
三,04/27/2016,27.34
二,04/26/2016,27.0
一,04/25/2016,26.29
五,04/22/2016,25.32
四,04/21/2016,25.43
三,04/20/2016,25.67
二,04/19/2016,25.33
一,04/18/2016,25.78
五,04/15/2016,25.59
四,04/14/2016,27.11
三,04/13/2016,33.93
二,04/12/2016,35.04
一,04/11/2016,34.98
五,04/08/2016,33.23
四,04/07/2016,33.11
三,04/06/2016,33.72
二,04/05/2016,32.86
一,04/04/2016,33.55
五,04/01/2016,33.69
四,03/31/2016,34.45
三,03/30/2016,34.17
二,03/29/2016,33.8
一,03/28/2016,33.54
四,03/24/2016,33.23
三,03/23/2016,34.8
二,03/22/2016,37.04
一,03/21/2016,36.54
五,03/18/2016,36.57
四,03/17/2016,34.93
三,03/16/2016,34.49
二,03/15/2016,34.62
一,03/14/2016,35.36
五,03/11/2016,36.17
四,03/10/2016,34.95
三,03/09/2016,34.21
二,03/08/2016,34.24
一,03/07/2016,35.48
五,03/04/2016,34.53
四,03/03/2016,34.75
三,03/02/2016,33.93
二,03/01/2016,33.23
一,02/29/2016,31.36
五,02/26/2016,31.69
四,02/25/2016,30.92
三,02/24/2016,31.08
二,02/23/2016,30.74
一,02/22/2016,32.23
五,02/19/2016,31.34
四,02/18/2016,33.11
三,02/17/2016,31.97
二,02/16/2016,31.33
五,02/12/2016,29.88
四,02/11/2016,29.03
三,02/10/2016,30.19
二,02/09/2016,29.41
一,02/08/2016,30.36
五,02/05/2016,31.59
四,02/04/2016,32.19
三,02/03/2016,30.52
二,02/02/2016,28.61
一,02/01/2016,30.41
五,01/29/2016,29.05
四,01/28/2016,26.755
三,01/27/2016,26.97
二,01/26/2016,27.74
一,01/25/2016,26.4
五,01/22/2016,27.93
四,01/21/2016,27.56
三,01/20/2016,29.22
二,01/19/2016,29.83
五,01/15/2016,30.89
四,01/14/2016,32.11
三,01/13/2016,31.07
二,01/12/2016,31.57
一,01/11/2016,31.35
五,01/08/2016,32.54
四,01/07/2016,34.54
三,01/06/2016,34.75
二,01/05/2016,36.33
一,01/04/2016,36.27
四,12/31/2015,36.66
三,12/30/2015,37.18
二,12/29/2015,37.15
一,12/28/2015,36.74
四,12/24/2015,36.65
三,12/23/2015,36.62
二,12/22/2015,35.45
一,12/21/2015,34.7
五,12/18/2015,34.1
四,12/17/2015,33.92
三,12/16/2015,34.78
二,12/15/2015,34.25
一,12/14/2015,33.67
五,12/11/2015,35.98
四,12/10/2015,36.22
三,12/09/2015,35.72
二,12/08/2015,35.43
一,12/07/2015,35.1
五,12/04/2015,34.45
四,12/03/2015,33.77
三,12/02/2015,34.54
二,12/01/2015,36.51
一,11/30/2015,35.94
五,11/27/2015,34.62
三,11/25/2015,34.57
二,11/24/2015,34.27
一,11/23/2015,34.7
五,11/20/2015,34.41
四,11/19/2015,34.28
三,11/18/2015,34.38
二,11/17/2015,33.88
一,11/16/2015,34.295
五,11/13/2015,33.07
四,11/12/2015,34.08
三,11/11/2015,36.12
二,11/10/2015,36.54
一,11/09/2015,38.28
五,11/06/2015,38.81
四,11/05/2015,38.87
三,11/04/2015,38.81
二,11/03/2015,40.37
一,11/02/2015,38.88
五,10/30/2015,38.06
四,10/29/2015,38.06
三,10/28/2015,39.34
二,10/27/2015,39.2
一,10/26/2015,39.55
五,10/23/2015,41.15
四,10/22/2015,39.24
三,10/21/2015,37.13
二,10/20/2015,38.52
一,10/19/2015,38.75
五,10/16/2015,39.56
四,10/15/2015,41.44
三,10/14/2015,47.8
二,10/13/2015,48.62
一,10/12/2015,49.02
五,10/09/2015,49.03
四,10/08/2015,48.33
三,10/07/2015,47.29
二,10/06/2015,46.2
一,10/05/2015,44.84
五,10/02/2015,43.18
四,10/01/2015,42.86
三,09/30/2015,44.8
二,09/29/2015,41.78
一,09/28/2015,42.07
五,09/25/2015,42.89
四,09/24/2015,44.1
三,09/23/2015,43.55
二,09/22/2015,43.79
一,09/21/2015,46.2
五,09/18/2015,45.65
四,09/17/2015,47.76
三,09/16/2015,49.15
二,09/15/2015,48.61
一,09/14/2015,48.33
五,09/11/2015,48.94
四,09/10/2015,49.22
三,09/09/2015,50.1
二,09/08/2015,49.61
五,09/04/2015,48.21
四,09/03/2015,49.49
三,09/02/2015,49.77
二,09/01/2015,50.6
一,08/31/2015,51.4
五,08/28/2015,50.68
四,08/27/2015,50.04
三,08/26/2015,47.89
二,08/25/2015,46.33
一,08/24/2015,47.62
五,08/21/2015,48.72
四,08/20/2015,48.65
三,08/19/2015,49.43
二,08/18/2015,52.05
一,08/17/2015,52.45
五,08/14/2015,52.02
四,08/13/2015,51.37
三,08/12/2015,51.62
二,08/11/2015,51.01
一,08/10/2015,51.14
五,08/07/2015,49.49
四,08/06/2015,51.32
三,08/05/2015,51.86
二,08/04/2015,51.39
一,08/03/2015,51.46
五,07/31/2015,50.6
四,07/30/2015,51.29
三,07/29/2015,49.42
二,07/28/2015,48.87
一,07/27/2015,47.91
五,07/24/2015,47.32
四,07/23/2015,48.01
三,07/22/2015,49.06
二,07/21/2015,48.11
一,07/20/2015,47.73
五,07/17/2015,48.15
四,07/16/2015,47.9
三,07/15/2015,47.3
二,07/14/2015,47.61
一,07/13/2015,46.28
五,07/10/2015,45.95
四,07/09/2015,46.04
三,07/08/2015,46.4
二,07/07/2015,47.82
一,07/06/2015,47.02
四,07/02/2015,48.15
三,07/01/2015,47.57
二,06/30/2015,47.5
一,06/29/2015,49.02
五,06/26/2015,50.06
四,06/25/2015,50.69
三,06/24/2015,51.97
二,06/23/2015,52.29
一,06/22/2015,53.865
五,06/19/2015,53.35
四,06/18/2015,54.14
三,06/17/2015,53.18
二,06/16/2015,53.2
一,06/15/2015,53.37
五,06/12/2015,53.55
四,06/11/2015,54.3
三,06/10/2015,53.59
二,06/09/2015,52.62
一,06/08/2015,53.04
五,06/05/2015,54.43
四,06/04/2015,54.54
三,06/03/2015,55.665
二,06/02/2015,55.29
一,06/01/2015,55.2
五,05/29/2015,55.64
四,05/28/2015,56.365
三,05/27/2015,55.34
二,05/26/2015,54.59
五,05/22/2015,55.79
四,05/21/2015,55.37
三,05/20/2015,54.6
二,05/19/2015,55.15
一,05/18/2015,56.9
五,05/15/2015,56.89
四,05/14/2015,57.43
三,05/13/2015,56.59
二,05/12/2015,56.16
一,05/11/2015,56.76
五,05/08/2015,57.235
四,05/07/2015,56.43
三,05/06/2015,56.29
二,05/05/2015,57.7
一,05/04/2015,59.21
五,05/01/2015,59.63
四,04/30/2015,58.72
三,04/29/2015,58.17
二,04/28/2015,59.0
一,04/27/2015,57.915
五,04/24/2015,58.34
四,04/23/2015,58.75
三,04/22/2015,58.23
二,04/21/2015,58.41
一,04/20/2015,59.135
五,04/17/2015,57.43
四,04/16/2015,55.96
三,04/15/2015,56.67
二,04/14/2015,55.77
一,04/13/2015,55.41
五,04/10/2015,55.58
四,04/09/2015,54.69
三,04/08/2015,53.31
二,04/07/2015,53.75
一,04/06/2015,52.74
四,04/02/2015,52.45
三,04/01/2015,51.79
二,03/31/2015,52.03
一,03/30/2015,53.08
五,03/27/2015,52.76
四,03/26/2015,53.525
三,03/25/2015,53.61
二,03/24/2015,55.325
一,03/23/2015,55.85
五,03/20/2015,56.51
四,03/19/2015,55.705
三,03/18/2015,55.3
二,03/17/2015,53.665
一,03/16/2015,54.84
五,03/13/2015,53.76
四,03/12/2015,54.535
三,03/11/2015,54.36
二,03/10/2015,54.41
一,03/09/2015,56.98
五,03/06/2015,56.9
四,03/05/2015,58.435
三,03/04/2015,58.08
二,03/03/2015,58.82
一,03/02/2015,61.56
五,02/27/2015,61.12
四,02/26/2015,60.68
三,02/25/2015,60.02
二,02/24/2015,60.7
一,02/23/2015,61.99
五,02/20/2015,62.18
四,02/19/2015,61.46
三,02/18/2015,61.18
二,02/17/2015,61.15
五,02/13/2015,61.835
四,02/12/2015,61.16
三,02/11/2015,60.8
二,02/10/2015,60.2
一,02/09/2015,60.4
五,02/06/2015,59.94
四,02/05/2015,60.41
三,02/04/2015,59.93
二,02/03/2015,59.25
一,02/02/2015,57.8
五,01/30/2015,56.44
四,01/29/2015,58.7
三,01/28/2015,57.53
二,01/27/2015,57.065
一,01/26/2015,59.06
五,01/23/2015,63.98
四,01/22/2015,63.94
三,01/21/2015,63.29
二,01/20/2015,63.12
五,01/16/2015,63.41
四,01/15/2015,62.28
三,01/14/2015,64.59
二,01/13/2015,64.75
一,01/12/2015,65.04
五,01/09/2015,66.445
四,01/08/2015,65.43
三,01/07/2015,64.27
二,01/06/2015,63.86
一,01/05/2015,65.67
五,01/02/2015,66.02
三,12/31/2014,66.5
二,12/30/2014,67.25
一,12/29/2014,68.19
五,12/26/2014,68.76
三,12/24/2014,68.82
二,12/23/2014,68.65
一,12/22/2014,68.63
五,12/19/2014,68.4
四,12/18/2014,67.61
三,12/17/2014,65.01
二,12/16/2014,63.27
一,12/15/2014,63.71
五,12/12/2014,64.04
四,12/11/2014,65.5
三,12/10/2014,65.22
二,12/09/2014,65.76
一,12/08/2014,66.24
五,12/05/2014,66.4
四,12/04/2014,66.09
三,12/03/2014,66.85
二,12/02/2014,67.54
一,12/01/2014,65.945
五,11/28/2014,66.11
三,11/26/2014,65.85
二,11/25/2014,65.99
一,11/24/2014,66.03
五,11/21/2014,64.94
四,11/20/2014,65.54
三,11/19/2014,64.62
二,11/18/2014,64.65
一,11/17/2014,63.99
五,11/14/2014,62.87
四,11/13/2014,62.11
三,11/12/2014,62.32
二,11/11/2014,61.81
一,11/10/2014,61.77
五,11/07/2014,61.56
四,11/06/2014,62.53
三,11/05/2014,63.745
二,11/04/2014,63.89
一,11/03/2014,64.17
五,10/31/2014,62.83
四,10/30/2014,60.15
三,10/29/2014,60.23
二,10/28/2014,59.47
一,10/27/2014,58.74
五,10/24/2014,58.36
四,10/23/2014,56.515
三,10/22/2014,54.275
二,10/21/2014,55.21
一,10/20/2014,53.85
五,10/17/2014,52.95
四,10/16/2014,52.38
三,10/15/2014,51.96
二,10/14/2014,52.56
一,10/13/2014,52.98
五,10/10/2014,54.94
四,10/09/2014,56.23
三,10/08/2014,57.06
二,10/07/2014,55.25
一,10/06/2014,56.16
五,10/03/2014,56.08
四,10/02/2014,55.52
三,10/01/2014,55.08
二,09/30/2014,57.27
一,09/29/2014,57.25
五,09/26/2014,56.77
四,09/25/2014,56.255
三,09/24/2014,57.44
二,09/23/2014,56.79
一,09/22/2014,57.6
五,09/19/2014,58.31
四,09/18/2014,59.79
三,09/17/2014,58.98
二,09/16/2014,59.245
一,09/15/2014,58.84
五,09/12/2014,61.01
四,09/11/2014,60.87
三,09/10/2014,61.26
二,09/09/2014,60.83
一,09/08/2014,61.29
五,09/05/2014,61.32
四,09/04/2014,60.96
三,09/03/2014,61.7
二,09/02/2014,61.82
五,08/29/2014,62.58
四,08/28/2014,62.09
三,08/27/2014,61.18
二,08/26/2014,60.66
一,08/25/2014,60.96
五,08/22/2014,60.365
四,08/21/2014,60.43
三,08/20/2014,59.83
二,08/19/2014,59.59
一,08/18/2014,59.22
五,08/15/2014,58.75
四,08/14/2014,58.39
三,08/13/2014,57.93
二,08/12/2014,56.8
一,08/11/2014,57.0
五,08/08/2014,56.97
四,08/07/2014,56.84
三,08/06/2014,56.94
二,08/05/2014,57.38
一,08/04/2014,58.7
五,08/01/2014,58.19
四,07/31/2014,58.6
三,07/30/2014,60.09
二,07/29/2014,59.39
一,07/28/2014,59.13
五,07/25/2014,59.5
四,07/24/2014,59.58
三,07/23/2014,59.19
二,07/22/2014,59.24
一,07/21/2014,58.58
五,07/18/2014,58.79
四,07/17/2014,59.49
三,07/16/2014,61.31
二,07/15/2014,59.69
一,07/14/2014,59.67
五,07/11/2014,59.45
四,07/10/2014,58.83
三,07/09/2014,58.48
二,07/08/2014,58.69
一,07/07/2014,58.96
四,07/03/2014,59.26
三,07/02/2014,59.03
二,07/01/2014,58.88
一,06/30/2014,56.82
五,06/27/2014,56.92
四,06/26/2014,56.71
三,06/25/2014,56.77
二,06/24/2014,55.99
一,06/23/2014,55.95
五,06/20/2014,56.27
四,06/19/2014,56.58
三,06/18/2014,57.12
二,06/17/2014,56.82
一,06/16/2014,55.91
五,06/13/2014,55.36
四,06/12/2014,54.22
三,06/11/2014,54.5
二,06/10/2014,54.53
一,06/09/2014,54.65
五,06/06/2014,55.5
四,06/05/2014,54.36
三,06/04/2014,53.63
二,06/03/2014,53.55
一,06/02/2014,53.82
五,05/30/2014,53.73
四,05/29/2014,53.06
三,05/28/2014,53.12
二,05/27/2014,53.36
五,05/23/2014,51.95
四,05/22/2014,51.61
三,05/21/2014,51.17
二,05/20/2014,50.87
一,05/19/2014,51.72
五,05/16/2014,51.19
四,05/15/2014,50.89
三,05/14/2014,51.25
二,05/13/2014,50.76
一,05/12/2014,49.78
五,05/09/2014,49.55
四,05/08/2014,49.28
三,05/07/2014,49.99
二,05/06/2014,50.26
一,05/05/2014,50.51
五,05/02/2014,51.04
四,05/01/2014,50.75
三,04/30/2014,52.58
二,04/29/2014,53.49
一,04/28/2014,52.6
五,04/25/2014,52.72
四,04/24/2014,53.94
三,04/23/2014,54.11
二,04/22/2014,55.67
一,04/21/2014,55.69
四,04/17/2014,55.57
三,04/16/2014,55.67
二,04/15/2014,54.88
一,04/14/2014,54.82
五,04/11/2014,53.39
四,04/10/2014,53.95
三,04/09/2014,55.69
二,04/08/2014,55.54
一,04/07/2014,54.96
五,04/04/2014,56.06
四,04/03/2014,57.39
三,04/02/2014,57.16
二,04/01/2014,57.0
一,03/31/2014,56.16
五,03/28/2014,54.92
四,03/27/2014,54.81
三,03/26/2014,55.55
二,03/25/2014,55.13
一,03/24/2014,53.0
五,03/21/2014,53.49
四,03/20/2014,53.1
三,03/19/2014,51.67
二,03/18/2014,51.93
一,03/17/2014,50.72
五,03/14/2014,50.15
四,03/13/2014,49.77
三,03/12/2014,50.75
二,03/11/2014,49.88
一,03/10/2014,50.14
五,03/07/2014,49.29
四,03/06/2014,50.1
三,03/05/2014,52.56
二,03/04/2014,53.18
一,03/03/2014,52.29
五,02/28/2014,52.19
四,02/27/2014,51.92
三,02/26/2014,51.73
二,02/25/2014,50.69
一,02/24/2014,51.16
五,02/21/2014,50.75
四,02/20/2014,50.02
三,02/19/2014,49.03
二,02/18/2014,49.71
五,02/14/2014,50.14
四,02/13/2014,49.6
三,02/12/2014,49.21
二,02/11/2014,49.37
一,02/10/2014,49.89
五,02/07/2014,49.52
四,02/06/2014,49.19
三,02/05/2014,49.11
二,02/04/2014,49.99
一,02/03/2014,51.09
五,01/31/2014,52.86
四,01/30/2014,53.1
三,01/29/2014,53.65
二,01/28/2014,51.52
一,01/27/2014,58.05
五,01/24/2014,58.57
四,01/23/2014,60.74
三,01/22/2014,61.0
二,01/21/2014,61.24
五,01/17/2014,61.2
四,01/16/2014,60.66
三,01/15/2014,60.84
二,01/14/2014,60.33
一,01/13/2014,58.54
五,01/10/2014,58.39
四,01/09/2014,58.01
三,01/08/2014,59.63
二,01/07/2014,58.8
一,01/06/2014,56.95
五,01/03/2014,56.82
四,01/02/2014,55.41
二,12/31/2013,56.16
一,12/30/2013,56.53
五,12/27/2013,55.66
四,12/26/2013,56.02
二,12/24/2013,55.94
一,12/23/2013,56.01
五,12/20/2013,55.655
四,12/19/2013,52.49
三,12/18/2013,52.65
二,12/17/2013,52.95
一,12/16/2013,51.335
五,12/13/2013,50.0
四,12/12/2013,49.41
三,12/11/2013,49.57
二,12/10/2013,50.94
一,12/09/2013,50.71
五,12/06/2013,51.42
四,12/05/2013,49.84
三,12/04/2013,49.96
二,12/03/2013,49.64
一,12/02/2013,49.84
五,11/29/2013,49.04
三,11/27/2013,49.02
二,11/26/2013,48.8
一,11/25/2013,48.46
五,11/22/2013,48.34
四,11/21/2013,48.23
三,11/20/2013,47.72
二,11/19/2013,47.85
一,11/18/2013,48.5
五,11/15/2013,48.94
四,11/14/2013,50.105
三,11/13/2013,48.77
二,11/12/2013,47.81
一,11/11/2013,47.9
五,11/08/2013,48.18
四,11/07/2013,47.05
三,11/06/2013,48.47
二,11/05/2013,48.47
一,11/04/2013,49.26
五,11/01/2013,49.2
四,10/31/2013,48.69
三,10/30/2013,49.5
二,10/29/2013,48.25
一,10/28/2013,49.85
五,10/25/2013,49.8
四,10/24/2013,48.56
三,10/23/2013,48.08
二,10/22/2013,49.14
一,10/21/2013,50.49
五,10/18/2013,50.04
四,10/17/2013,48.455
三,10/16/2013,48.019
二,10/15/2013,46.98
一,10/14/2013,47.33
五,10/11/2013,46.27
四,10/10/2013,46.04
三,10/09/2013,44.88
二,10/08/2013,44.79
一,10/07/2013,45.16
五,10/04/2013,45.87
四,10/03/2013,45.56
三,10/02/2013,45.95
二,10/01/2013,44.7
一,09/30/2013,43.76
五,09/27/2013,43.51
四,09/26/2013,43.14
三,09/25/2013,43.87
二,09/24/2013,41.8
一,09/23/2013,40.94
五,09/20/2013,41.395
四,09/19/2013,41.36
三,09/18/2013,41.64
二,09/17/2013,41.26
一,09/16/2013,40.94
五,09/13/2013,40.25
四,09/12/2013,40.13
三,09/11/2013,40.59
二,09/10/2013,41.07
一,09/09/2013,40.16
五,09/06/2013,39.46
四,09/05/2013,39.52
三,09/04/2013,39.22
二,09/03/2013,38.67
五,08/30/2013,38.32
四,08/29/2013,38.09
三,08/28/2013,38.87
二,08/27/2013,38.511
一,08/26/2013,40.1
五,08/23/2013,40.13
四,08/22/2013,40.08
三,08/21/2013,39.51
二,08/20/2013,39.22
一,08/19/2013,38.77
五,08/16/2013,39.2
四,08/15/2013,39.52
三,08/14/2013,41.07
二,08/13/2013,41.17
一,08/12/2013,41.34
五,08/09/2013,40.86
四,08/08/2013,40.91
三,08/07/2013,40.09
二,08/06/2013,40.3
一,08/05/2013,40.43
五,08/02/2013,41.1
四,08/01/2013,41.79
三,07/31/2013,40.91
二,07/30/2013,41.25
一,07/29/2013,40.3
五,07/26/2013,41.05
四,07/25/2013,42.32
三,07/24/2013,44.19
二,07/23/2013,45.31
一,07/22/2013,46.82
五,07/19/2013,47.52
四,07/18/2013,46.9
三,07/17/2013,46.69
二,07/16/2013,46.56
一,07/15/2013,46.71
五,07/12/2013,46.68
四,07/11/2013,46.31
三,07/10/2013,45.83
二,07/09/2013,45.73
一,07/08/2013,45.45
五,07/05/2013,45.72
三,07/03/2013,45.1
二,07/02/2013,45.22
一,07/01/2013,45.47
五,06/28/2013,44.83
四,06/27/2013,44.69
三,06/26/2013,42.7
二,06/25/2013,42.401
一,06/24/2013,41.23
五,06/21/2013,42.249
四,06/20/2013,42.838
三,06/19/2013,44.38
二,06/18/2013,44.99
一,06/17/2013,44.01
五,06/14/2013,43.72
四,06/13/2013,43.98
三,06/12/2013,43.57
二,06/11/2013,43.94
一,06/10/2013,43.97
五,06/07/2013,44.01
四,06/06/2013,44.12
三,06/05/2013,43.69
二,06/04/2013,44.74
一,06/03/2013,43.96
五,05/31/2013,43.08
四,05/30/2013,43.67
三,05/29/2013,43.76
二,05/28/2013,43.11
五,05/24/2013,42.85
四,05/23/2013,42.99
三,05/22/2013,42.17
二,05/21/2013,41.52
一,05/20/2013,41.04
五,05/17/2013,41.47
四,05/16/2013,40.59
三,05/15/2013,40.61
二,05/14/2013,40.85
一,05/13/2013,40.27
五,05/10/2013,40.5
四,05/09/2013,40.33
三,05/08/2013,42.32
二,05/07/2013,42.32
一,05/06/2013,41.97
五,05/03/2013,41.23
四,05/02/2013,39.63
三,05/01/2013,36.94
二,04/30/2013,36.7
一,04/29/2013,36.22
五,04/26/2013,36.4
四,04/25/2013,36.54
三,04/24/2013,36.46
二,04/23/2013,36.03
一,04/22/2013,34.81
五,04/19/2013,34.44
四,04/18/2013,33.93
三,04/17/2013,34.725
二,04/16/2013,35.335
一,04/15/2013,34.8
五,04/12/2013,36.09
四,04/11/2013,36.53
三,04/10/2013,37.68
二,04/09/2013,36.96
一,04/08/2013,35.98
五,04/05/2013,35.51
四,04/04/2013,36.34
三,04/03/2013,36.06
二,04/02/2013,36.28
一,04/01/2013,36.72
四,03/28/2013,36.555
三,03/27/2013,36.68
二,03/26/2013,35.88
一,03/25/2013,34.72
五,03/22/2013,34.72
四,03/21/2013,34.52
三,03/20/2013,34.95
二,03/19/2013,34.39
一,03/18/2013,35.29
五,03/15/2013,35.35
四,03/14/2013,35.89
三,03/13/2013,35.315
二,03/12/2013,34.94
一,03/11/2013,33.33
五,03/08/2013,32.5
四,03/07/2013,32.22
三,03/06/2013,33.02
二,03/05/2013,32.34
一,03/04/2013,32.04
五,03/01/2013,32.32
四,02/28/2013,32.16
三,02/27/2013,31.97
二,02/26/2013,31.33
一,02/25/2013,30.84
五,02/22/2013,31.84
四,02/21/2013,31.72
三,02/20/2013,32.5
二,02/19/2013,34.18
五,02/15/2013,34.445
四,02/14/2013,34.95
三,02/13/2013,35.01
二,02/12/2013,34.68
一,02/11/2013,35.05
五,02/08/2013,35.48
四,02/07/2013,34.74
三,02/06/2013,34.62
二,02/05/2013,33.96
一,02/04/2013,33.8
五,02/01/2013,33.67
四,01/31/2013,33.98
三,01/30/2013,33.89
二,01/29/2013,33.91
一,01/28/2013,37.41
五,01/25/2013,37.25
四,01/24/2013,36.87
三,01/23/2013,36.62
二,01/22/2013,37.89
五,01/18/2013,35.38
四,01/17/2013,35.02
三,01/16/2013,34.3
二,01/15/2013,34.46
一,01/14/2013,33.97
五,01/11/2013,33.29
四,01/10/2013,33.68
三,01/09/2013,33.48
二,01/08/2013,31.394
一,01/07/2013,31.4817
五,01/04/2013,31.45
四,01/03/2013,31.3814
三,01/02/2013,31.95
一,12/31/2012,30.42
五,12/28/2012,29.95
四,12/27/2012,30.21
三,12/26/2012,30.375
一,12/24/2012,30.29
五,12/21/2012,30.46
四,12/20/2012,30.38
三,12/19/2012,30.32
二,12/18/2012,29.36
一,12/17/2012,28.05
五,12/14/2012,27.65
四,12/13/2012,27.75
三,12/12/2012,27.75
二,12/11/2012,29.03
一,12/10/2012,28.91
五,12/07/2012,28.34
四,12/06/2012,28.53
三,12/05/2012,27.6
二,12/04/2012,26.46
一,12/03/2012,25.36
五,11/30/2012,25.1
四,11/29/2012,25.26
三,11/28/2012,25.69
二,11/27/2012,25.95
一,11/26/2012,27.345
五,11/23/2012,27.29
三,11/21/2012,26.75
二,11/20/2012,26.625
一,11/19/2012,27.0909
五,11/16/2012,27.11
四,11/15/2012,26.8703
三,11/14/2012,26.7811
二,11/13/2012,27.931
一,11/12/2012,28.045
五,11/09/2012,29.06
四,11/08/2012,29.61
三,11/07/2012,29.32
二,11/06/2012,30.29
一,11/05/2012,28.84
五,11/02/2012,28.015
四,11/01/2012,28.23
三,10/31/2012,27.33
五,10/26/2012,27.91
四,10/25/2012,28.13
三,10/24/2012,27.7029
二,10/23/2012,27.8
一,10/22/2012,28.31
五,10/19/2012,27.9
四,10/18/2012,27.97
三,10/17/2012,28.38
二,10/16/2012,28.58
一,10/15/2012,28.43
五,10/12/2012,28.07
四,10/11/2012,28.25
三,10/10/2012,28.23
二,10/09/2012,28.69
一,10/08/2012,29.53
五,10/05/2012,29.59
四,10/04/2012,29.995
三,10/03/2012,30.05
二,10/02/2012,30.285
一,10/01/2012,30.085
五,09/28/2012,30.96
四,09/27/2012,31.93
三,09/26/2012,30.98
二,09/25/2012,31.55
一,09/24/2012,31.36
五,09/21/2012,30.955
四,09/20/2012,30.0204
三,09/19/2012,29.47
二,09/18/2012,29.69
一,09/17/2012,29.75
五,09/14/2012,30.48
四,09/13/2012,30.315
三,09/12/2012,30.0
二,09/11/2012,30.11
一,09/10/2012,29.87
五,09/07/2012,30.6
四,09/06/2012,31.7
三,09/05/2012,32.53
二,09/04/2012,32.4
五,08/31/2012,32.01
四,08/30/2012,32.21
三,08/29/2012,33.59
二,08/28/2012,33.67
一,08/27/2012,33.85
五,08/24/2012,34.06
四,08/23/2012,33.69
三,08/22/2012,35.17
二,08/21/2012,34.72
一,08/20/2012,35.08
五,08/17/2012,35.67
四,08/16/2012,34.62
三,08/15/2012,34.11
二,08/14/2012,34.05
一,08/13/2012,34.2
五,08/10/2012,34.18
四,08/09/2012,33.09
三,08/08/2012,32.65
二,08/07/2012,32.59
一,08/06/2012,31.9
五,08/03/2012,30.94
四,08/02/2012,29.96
三,08/01/2012,30.23
二,07/31/2012,30.02
一,07/30/2012,30.43
五,07/27/2012,30.01
四,07/26/2012,30.06
三,07/25/2012,26.31
二,07/24/2012,26.455
一,07/23/2012,26.55
五,07/20/2012,26.8
四,07/19/2012,27.165
三,07/18/2012,27.53
二,07/17/2012,26.77
一,07/16/2012,26.04
五,07/13/2012,25.81
四,07/12/2012,25.23
三,07/11/2012,25.37
二,07/10/2012,25.35
一,07/09/2012,25.97
五,07/06/2012,24.955
四,07/05/2012,25.08
二,07/03/2012,25.13
一,07/02/2012,24.555
五,06/29/2012,24.73
四,06/28/2012,23.25
三,06/27/2012,24.53
二,06/26/2012,24.12
一,06/25/2012,23.27
五,06/22/2012,23.34
四,06/21/2012,22.68
三,06/20/2012,24.32
二,06/19/2012,24.48
一,06/18/2012,23.84
五,06/15/2012,23.57
四,06/14/2012,23.44
三,06/13/2012,23.845
二,06/12/2012,23.19
一,06/11/2012,22.56
五,06/08/2012,23.39
四,06/07/2012,22.66
三,06/06/2012,23.67
二,06/05/2012,22.6
一,06/04/2012,22.14
五,06/01/2012,21.74
四,05/31/2012,23.43
三,05/30/2012,24.32
二,05/29/2012,25.03
五,05/25/2012,26.18
四,05/24/2012,26.39
三,05/23/2012,25.78
二,05/22/2012,26.36
一,05/21/2012,27.85
五,05/18/2012,26.91
四,05/17/2012,28.67
三,05/16/2012,30.24
二,05/15/2012,31.31
一,05/14/2012,31.37
五,05/11/2012,31.14
四,05/10/2012,31.47
三,05/09/2012,30.57
二,05/08/2012,30.41
一,05/07/2012,31.01
五,05/04/2012,30.43
四,05/03/2012,31.24
三,05/02/2012,32.21
二,05/01/2012,31.89
一,04/30/2012,30.76
五,04/27/2012,29.58
四,04/26/2012,31.09
三,04/25/2012,31.02
二,04/24/2012,29.84
一,04/23/2012,29.32
五,04/20/2012,29.21
四,04/19/2012,28.77
三,04/18/2012,28.96
二,04/17/2012,27.89
一,04/16/2012,28.505
五,04/13/2012,27.38
四,04/12/2012,26.985
三,04/11/2012,25.89
二,04/10/2012,25.64
一,04/09/2012,26.513
四,04/05/2012,25.72
三,04/04/2012,27.44
二,04/03/2012,27.89
一,04/02/2012,27.96
五,03/30/2012,26.955
四,03/29/2012,27.09
三,03/28/2012,27.23
二,03/27/2012,27.35
一,03/26/2012,27.9
五,03/23/2012,27.96
四,03/22/2012,27.93
三,03/21/2012,26.71
二,03/20/2012,26.57
一,03/19/2012,26.44
五,03/16/2012,26.71
四,03/15/2012,26.58
三,03/14/2012,27.43
二,03/13/2012,28.0
一,03/12/2012,27.88
五,03/09/2012,28.33
四,03/08/2012,27.98
三,03/07/2012,27.62
二,03/06/2012,26.905
一,03/05/2012,27.66
五,03/02/2012,27.28
四,03/01/2012,27.36
三,02/29/2012,26.26
二,02/28/2012,27.08
一,02/27/2012,26.71
五,02/24/2012,27.49
四,02/23/2012,27.11
三,02/22/2012,26.455
二,02/21/2012,26.72
五,02/17/2012,26.88
四,02/16/2012,27.18
三,02/15/2012,26.2
二,02/14/2012,26.6
一,02/13/2012,26.05
五,02/10/2012,26.195
四,02/09/2012,26.68
三,02/08/2012,27.0
二,02/07/2012,26.67
一,02/06/2012,26.395
五,02/03/2012,26.415
四,02/02/2012,25.745
三,02/01/2012,25.53
二,01/31/2012,21.14
一,01/30/2012,20.89
五,01/27/2012,20.77
四,01/26/2012,19.8
三,01/25/2012,19.77
二,01/24/2012,19.75
一,01/23/2012,19.68
五,01/20/2012,20.02
四,01/19/2012,19.84
三,01/18/2012,19.75
二,01/17/2012,19.43
五,01/13/2012,19.54
四,01/12/2012,19.37
三,01/11/2012,18.69
二,01/10/2012,18.6
一,01/09/2012,18.19
五,01/06/2012,18.295
四,01/05/2012,17.9
三,01/04/2012,16.82
二,01/03/2012,16.43
五,12/30/2011,16.4
四,12/29/2011,15.85
三,12/28/2011,15.585
二,12/27/2011,15.82
五,12/23/2011,16.155
四,12/22/2011,16.0
三,12/21/2011,15.96
二,12/20/2011,15.735
一,12/19/2011,15.07
五,12/16/2011,15.43
四,12/15/2011,15.38
三,12/14/2011,15.47
二,12/13/2011,15.83
一,12/12/2011,16.36
五,12/09/2011,16.16
四,12/08/2011,15.7
三,12/07/2011,16.32
二,12/06/2011,16.4
一,12/05/2011,16.58
五,12/02/2011,16.17
四,12/01/2011,17.4
三,11/30/2011,17.1
二,11/29/2011,16.58
一,11/28/2011,15.99
五,11/25/2011,15.16
三,11/23/2011,15.43
二,11/22/2011,15.99
一,11/21/2011,16.15
五,11/18/2011,16.01
四,11/17/2011,16.76
三,11/16/2011,17.19
二,11/15/2011,17.52
一,11/14/2011,17.76
五,11/11/2011,17.94
四,11/10/2011,17.51
三,11/09/2011,17.13
二,11/08/2011,17.88
一,11/07/2011,18.35
五,11/04/2011,18.34
四,11/03/2011,17.29
三,11/02/2011,16.84
二,11/01/2011,16.25
一,10/31/2011,16.15
五,10/28/2011,16.39
四,10/27/2011,16.33
三,10/26/2011,16.24
二,10/25/2011,15.61
一,10/24/2011,15.74
五,10/21/2011,15.42
四,10/20/2011,12.06
三,10/19/2011,12.05
二,10/18/2011,12.1
一,10/17/2011,11.3
五,10/14/2011,11.8
四,10/13/2011,11.825
三,10/12/2011,11.19
二,10/11/2011,11.17
一,10/10/2011,11.08
五,10/07/2011,10.71
四,10/06/2011,10.72
三,10/05/2011,10.16
二,10/04/2011,9.65
一,10/03/2011,9.49
五,09/30/2011,10.275
四,09/29/2011,10.71
三,09/28/2011,11.11
二,09/27/2011,11.48
一,09/26/2011,11.24
五,09/23/2011,10.75
四,09/22/2011,10.67
三,09/21/2011,11.18
二,09/20/2011,11.41
一,09/19/2011,11.7
五,09/16/2011,12.02
四,09/15/2011,11.88
三,09/14/2011,11.9
二,09/13/2011,11.4
一,09/12/2011,11.23
五,09/09/2011,11.18
四,09/08/2011,11.03
三,09/07/2011,11.31
二,09/06/2011,10.6
五,09/02/2011,10.71
四,09/01/2011,11.24
三,08/31/2011,11.58
二,08/30/2011,11.6
一,08/29/2011,11.67
五,08/26/2011,11.09
四,08/25/2011,10.8
三,08/24/2011,10.98
二,08/23/2011,10.78
一,08/22/2011,10.19
五,08/19/2011,10.08
四,08/18/2011,10.59
三,08/17/2011,11.7
二,08/16/2011,12.16
一,08/15/2011,12.01
五,08/12/2011,11.84
四,08/11/2011,11.56
三,08/10/2011,11.08
二,08/09/2011,11.31
一,08/08/2011,10.88
五,08/05/2011,12.06
四,08/04/2011,12.07
三,08/03/2011,12.76
二,08/02/2011,13.2
一,08/01/2011,13.84
五,07/29/2011,13.89
四,07/28/2011,14.26
三,07/27/2011,14.33
二,07/26/2011,14.77
一,07/25/2011,14.65
五,07/22/2011,14.57
四,07/21/2011,14.13
三,07/20/2011,16.99
二,07/19/2011,16.93
一,07/18/2011,16.53
五,07/15/2011,16.81
四,07/14/2011,16.68
三,07/13/2011,16.83
二,07/12/2011,16.595
一,07/11/2011,16.71
五,07/08/2011,16.935
四,07/07/2011,16.64
三,07/06/2011,16.32
二,07/05/2011,16.2
五,07/01/2011,16.36
四,06/30/2011,16.16
三,06/29/2011,15.57
二,06/28/2011,15.31
一,06/27/2011,15.22
五,06/24/2011,15.35
四,06/23/2011,15.72
三,06/22/2011,14.97
二,06/21/2011,14.78
一,06/20/2011,14.37
五,06/17/2011,14.25
四,06/16/2011,14.57
三,06/15/2011,14.9
二,06/14/2011,15.59
一,06/13/2011,15.13
五,06/10/2011,15.255
四,06/09/2011,15.38
三,06/08/2011,15.45
二,06/07/2011,15.52
一,06/06/2011,15.57
五,06/03/2011,15.9
四,06/02/2011,16.28
三,06/01/2011,16.32
二,05/31/2011,16.8
五,05/27/2011,16.46
四,05/26/2011,16.68
三,05/25/2011,16.76
二,05/24/2011,16.92
一,05/23/2011,16.76
五,05/20/2011,16.93
四,05/19/2011,16.57
三,05/18/2011,16.86
二,05/17/2011,16.61
一,05/16/2011,16.7
五,05/13/2011,17.14
四,05/12/2011,17.19
三,05/11/2011,17.43
二,05/10/2011,17.75
一,05/09/2011,17.4
五,05/06/2011,17.33
四,05/05/2011,17.1
三,05/04/2011,17.31
二,05/03/2011,17.18
一,05/02/2011,17.53
五,04/29/2011,17.62
四,04/28/2011,17.8
三,04/27/2011,17.96
二,04/26/2011,18.14
一,04/25/2011,18.2
四,04/21/2011,18.15
三,04/20/2011,18.22
二,04/19/2011,17.93
一,04/18/2011,17.84
五,04/15/2011,17.64
四,04/14/2011,17.09
三,04/13/2011,16.43
二,04/12/2011,16.1
一,04/11/2011,15.74
五,04/08/2011,15.84
四,04/07/2011,14.69
三,04/06/2011,14.76
二,04/05/2011,14.67
一,04/04/2011,14.59
五,04/01/2011,14.94
四,03/31/2011,14.405
三,03/30/2011,14.71
二,03/29/2011,14.28
一,03/28/2011,14.31
五,03/25/2011,14.42
四,03/24/2011,14.19
三,03/23/2011,13.61
二,03/22/2011,13.46
一,03/21/2011,13.5
五,03/18/2011,13.19
四,03/17/2011,13.23
三,03/16/2011,12.86
二,03/15/2011,13.01
一,03/14/2011,13.15
五,03/11/2011,13.54
四,03/10/2011,13.48
三,03/09/2011,13.69
二,03/08/2011,13.95
一,03/07/2011,13.56
五,03/04/2011,12.4375
四,03/03/2011,12.65
三,03/02/2011,12.53
二,03/01/2011,12.29
一,02/28/2011,12.7
五,02/25/2011,12.83
四,02/24/2011,12.74
三,02/23/2011,12.72
二,02/22/2011,13.25
五,02/18/2011,13.72
四,02/17/2011,13.86
三,02/16/2011,13.88
二,02/15/2011,14.22
一,02/14/2011,14.29
五,02/11/2011,14.39
四,02/10/2011,14.39
三,02/09/2011,14.42
二,02/08/2011,14.44
一,02/07/2011,14.38
五,02/04/2011,14.33
四,02/03/2011,14.23
三,02/02/2011,14.26
二,02/01/2011,13.95
一,01/31/2011,14.0
五,01/28/2011,13.802
四,01/27/2011,14.0
三,01/26/2011,13.69
二,01/25/2011,13.5
一,01/24/2011,13.52
五,01/21/2011,13.28
四,01/20/2011,13.31
三,01/19/2011,14.13
二,01/18/2011,14.58
五,01/14/2011,14.2575
四,01/13/2011,14.0825
三,01/12/2011,14.1975
二,01/11/2011,14.12
一,01/10/2011,14.32
五,01/07/2011,14.465
四,01/06/2011,14.75
三,01/05/2011,14.7
二,01/04/2011,14.78
一,01/03/2011,14.97
五,12/31/2010,15.03
四,12/30/2010,15.0
三,12/29/2010,15.07
二,12/28/2010,15.23
一,12/27/2010,15.03
四,12/23/2010,14.8
三,12/22/2010,14.85
二,12/21/2010,14.76
一,12/20/2010,14.69
五,12/17/2010,14.7
四,12/16/2010,14.59
三,12/15/2010,14.51
二,12/14/2010,14.71
一,12/13/2010,15.01
五,12/10/2010,15.255
四,12/09/2010,15.14
三,12/08/2010,15.07
二,12/07/2010,15.16
一,12/06/2010,14.85
五,12/03/2010,14.98
四,12/02/2010,14.53
三,12/01/2010,13.92
二,11/30/2010,13.41
一,11/29/2010,13.86
五,11/26/2010,13.89
三,11/24/2010,14.07
二,11/23/2010,13.81
一,11/22/2010,14.3425
五,11/19/2010,14.93
四,11/18/2010,14.22
三,11/17/2010,13.94
二,11/16/2010,13.85
一,11/15/2010,14.05
五,11/12/2010,14.09
四,11/11/2010,14.42
三,11/10/2010,14.415
二,11/09/2010,14.64
一,11/08/2010,15.06
五,11/05/2010,15.32
四,11/04/2010,14.92
三,11/03/2010,14.68
二,11/02/2010,14.785
一,11/01/2010,14.55
五,10/29/2010,14.71
四,10/28/2010,13.94
三,10/27/2010,15.22
二,10/26/2010,15.34
一,10/25/2010,14.81
五,10/22/2010,15.18
四,10/21/2010,15.225
三,10/20/2010,15.21
二,10/19/2010,15.245
一,10/18/2010,15.92
五,10/15/2010,15.51
四,10/14/2010,12.69
三,10/13/2010,12.745
二,10/12/2010,12.555
一,10/11/2010,12.3
五,10/08/2010,12.2
四,10/07/2010,11.87
三,10/06/2010,11.49
二,10/05/2010,11.93
一,10/04/2010,11.48
五,10/01/2010,11.69
四,09/30/2010,11.775
三,09/29/2010,12.01
二,09/28/2010,11.69
一,09/27/2010,11.55
五,09/24/2010,11.62
四,09/23/2010,11.09
三,09/22/2010,11.1
二,09/21/2010,11.43
一,09/20/2010,11.293
五,09/17/2010,11.16
四,09/16/2010,11.3
三,09/15/2010,11.39
二,09/14/2010,11.11
一,09/13/2010,11.24
五,09/10/2010,10.75
四,09/09/2010,11.03
三,09/08/2010,11.04
二,09/07/2010,10.84
五,09/03/2010,11.18
四,09/02/2010,10.99
三,09/01/2010,10.735
二,08/31/2010,10.14
一,08/30/2010,10.58
五,08/27/2010,10.63
四,08/26/2010,10.14
三,08/25/2010,10.545
二,08/24/2010,10.37
一,08/23/2010,10.86
五,08/20/2010,10.99
四,08/19/2010,11.1
三,08/18/2010,11.27
二,08/17/2010,11.01
一,08/16/2010,11.23
五,08/13/2010,11.18
四,08/12/2010,10.99
三,08/11/2010,11.28
二,08/10/2010,11.0975
一,08/09/2010,11.87
五,08/06/2010,12.21
四,08/05/2010,12.5
三,08/04/2010,12.55
二,08/03/2010,12.47
一,08/02/2010,12.93
五,07/30/2010,12.55
四,07/29/2010,12.6
三,07/28/2010,12.84
二,07/27/2010,13.23
一,07/26/2010,13.31
五,07/23/2010,12.79
四,07/22/2010,13.18
三,07/21/2010,13.14
二,07/20/2010,14.53
一,07/19/2010,14.27
五,07/16/2010,14.16
四,07/15/2010,14.77
三,07/14/2010,14.98
二,07/13/2010,14.46
一,07/12/2010,14.07
五,07/09/2010,13.81
四,07/08/2010,13.69
三,07/07/2010,13.46
二,07/06/2010,12.75
五,07/02/2010,13.17
四,07/01/2010,13.29
三,06/30/2010,13.04
二,06/29/2010,13.38
一,06/28/2010,13.88
五,06/25/2010,13.68
四,06/24/2010,13.66
三,06/23/2010,14.31
二,06/22/2010,14.45
一,06/21/2010,14.87
五,06/18/2010,15.35
四,06/17/2010,15.53
三,06/16/2010,15.47
二,06/15/2010,15.62
一,06/14/2010,14.9
五,06/11/2010,14.75
四,06/10/2010,14.88
三,06/09/2010,14.49
二,06/08/2010,14.41
一,06/07/2010,14.515
五,06/04/2010,15.145
四,06/03/2010,15.9375
三,06/02/2010,15.38
二,06/01/2010,14.46
五,05/28/2010,15.36
四,05/27/2010,15.675
三,05/26/2010,14.86
二,05/25/2010,15.52
一,05/24/2010,16.14
五,05/21/2010,16.35
四,05/20/2010,16.1
三,05/19/2010,16.62
二,05/18/2010,17.0575
一,05/17/2010,17.84
五,05/14/2010,17.98
四,05/13/2010,18.53
三,05/12/2010,18.99
二,05/11/2010,18.4
一,05/10/2010,18.4825
五,05/07/2010,17.75
四,05/06/2010,17.85
三,05/05/2010,18.36
二,05/04/2010,18.9
一,05/03/2010,18.95
五,04/30/2010,18.3525
四,04/29/2010,19.14
三,04/28/2010,19.47
二,04/27/2010,19.63
一,04/26/2010,20.46
五,04/23/2010,20.77
四,04/22/2010,19.69
三,04/21/2010,19.54
二,04/20/2010,19.33
一,04/19/2010,19.09
五,04/16/2010,19.25
四,04/15/2010,19.69
三,04/14/2010,19.2675
二,04/13/2010,18.38
一,04/12/2010,19.08
五,04/09/2010,19.14
四,04/08/2010,18.68
三,04/07/2010,18.85
二,04/06/2010,19.06
一,04/05/2010,18.48
四,04/01/2010,18.11
三,03/31/2010,18.26
二,03/30/2010,18.17
一,03/29/2010,18.9
五,03/26/2010,18.93
四,03/25/2010,19.62
三,03/24/2010,20.03
二,03/23/2010,20.4525
一,03/22/2010,19.7075
五,03/19/2010,18.93
四,03/18/2010,19.32
三,03/17/2010,19.3175
二,03/16/2010,19.13
一,03/15/2010,18.78
五,03/12/2010,19.27
四,03/11/2010,19.23
三,03/10/2010,19.17
二,03/09/2010,19.6
一,03/08/2010,19.89
五,03/05/2010,19.92
四,03/04/2010,19.73
三,03/03/2010,19.63
二,03/02/2010,21.01
一,03/01/2010,21.35
五,02/26/2010,19.91
四,02/25/2010,19.49
三,02/24/2010,19.5
二,02/23/2010,20.33
一,02/22/2010,20.73
五,02/19/2010,20.51
四,02/18/2010,20.73
三,02/17/2010,20.0
二,02/16/2010,19.73
五,02/12/2010,18.7
四,02/11/2010,18.76
三,02/10/2010,18.48
二,02/09/2010,18.33
一,02/08/2010,18.18
五,02/05/2010,18.02
四,02/04/2010,18.02
三,02/03/2010,18.84
二,02/02/2010,18.58
一,02/01/2010,17.9
五,01/29/2010,16.71
四,01/28/2010,18.36
三,01/27/2010,19.08
二,01/26/2010,19.31
一,01/25/2010,18.92
五,01/22/2010,18.4
四,01/21/2010,19.49
三,01/20/2010,17.76
二,01/19/2010,18.16
五,01/15/2010,17.77
四,01/14/2010,18.34
三,01/13/2010,18.19
二,01/12/2010,17.72
一,01/11/2010,18.35
五,01/08/2010,17.89
四,01/07/2010,18.04
三,01/06/2010,18.39
二,01/05/2010,18.52
一,01/04/2010,18.89
四,12/31/2009,18.19
三,12/30/2009,18.44
二,12/29/2009,17.81
一,12/28/2009,17.97
四,12/24/2009,18.07
三,12/23/2009,17.95
二,12/22/2009,17.83
一,12/21/2009,17.68
五,12/18/2009,17.46
四,12/17/2009,17.27
三,12/16/2009,17.26
二,12/15/2009,16.4
一,12/14/2009,16.57
五,12/11/2009,16.43
四,12/10/2009,16.51
三,12/09/2009,16.71
二,12/08/2009,16.39
一,12/07/2009,16.62
五,12/04/2009,16.69
四,12/03/2009,16.35
三,12/02/2009,16.48
二,12/01/2009,15.74
一,11/30/2009,15.13
五,11/27/2009,15.54
三,11/25/2009,15.89
二,11/24/2009,15.67
一,11/23/2009,15.92
五,11/20/2009,15.59
四,11/19/2009,16.05
三,11/18/2009,16.47
二,11/17/2009,17.18
一,11/16/2009,17.01
五,11/13/2009,16.72
四,11/12/2009,16.8
三,11/11/2009,16.3
二,11/10/2009,15.92
一,11/09/2009,15.74
五,11/06/2009,15.31
四,11/05/2009,15.37
三,11/04/2009,14.72
二,11/03/2009,14.34
一,11/02/2009,14.16
五,10/30/2009,13.95
四,10/29/2009,14.58
三,10/28/2009,14.44
二,10/27/2009,15.32
一,10/26/2009,15.82
五,10/23/2009,15.73
四,10/22/2009,15.92
三,10/21/2009,15.19
二,10/20/2009,15.55
一,10/19/2009,15.55
五,10/16/2009,15.27
四,10/15/2009,15.54
三,10/14/2009,16.11
二,10/13/2009,15.64
一,10/12/2009,15.84
五,10/09/2009,15.46
四,10/08/2009,14.82
三,10/07/2009,14.66
二,10/06/2009,15.08
一,10/05/2009,14.97
五,10/02/2009,14.4
四,10/01/2009,14.51
三,09/30/2009,15.21
二,09/29/2009,15.16
一,09/28/2009,15.5
五,09/25/2009,14.9
四,09/24/2009,15.18
三,09/23/2009,15.46
二,09/22/2009,15.68
一,09/21/2009,15.45
五,09/18/2009,15.26
四,09/17/2009,14.99
三,09/16/2009,15.37
二,09/15/2009,15.37
一,09/14/2009,15.08
五,09/11/2009,14.87
四,09/10/2009,14.95
三,09/09/2009,14.93
二,09/08/2009,14.77
五,09/04/2009,13.68
四,09/03/2009,13.24
三,09/02/2009,13.12
二,09/01/2009,13.4
一,08/31/2009,13.85
五,08/28/2009,14.02
四,08/27/2009,13.59
三,08/26/2009,12.13
二,08/25/2009,12.34
一,08/24/2009,12.28
五,08/21/2009,12.63
四,08/20/2009,12.3
三,08/19/2009,12.22
二,08/18/2009,12.14
一,08/17/2009,11.78
五,08/14/2009,12.2
四,08/13/2009,12.53
三,08/12/2009,12.5
二,08/11/2009,12.14
一,08/10/2009,12.08
五,08/07/2009,12.36
四,08/06/2009,11.84
三,08/05/2009,11.97
二,08/04/2009,12.26
一,08/03/2009,12.33
五,07/31/2009,12.04
四,07/30/2009,12.21
三,07/29/2009,12.11
二,07/28/2009,12.61
一,07/27/2009,12.22
五,07/24/2009,11.53
四,07/23/2009,11.66
三,07/22/2009,11.85
二,07/21/2009,11.2
一,07/20/2009,11.04
五,07/17/2009,11.15
四,07/16/2009,10.92
三,07/15/2009,10.87
二,07/14/2009,10.61
一,07/13/2009,10.37
五,07/10/2009,10.0
四,07/09/2009,9.53
三,07/08/2009,9.5
二,07/07/2009,9.5
一,07/06/2009,10.05
四,07/02/2009,10.28
三,07/01/2009,10.6
二,06/30/2009,10.46
一,06/29/2009,10.29
五,06/26/2009,10.27
四,06/25/2009,9.5
三,06/24/2009,9.87
二,06/23/2009,9.6
一,06/22/2009,9.42
五,06/19/2009,9.69
四,06/18/2009,9.26
三,06/17/2009,9.39
二,06/16/2009,9.12
一,06/15/2009,9.34
五,06/12/2009,9.54
四,06/11/2009,9.65
三,06/10/2009,9.33
二,06/09/2009,9.46
一,06/08/2009,8.86
五,06/05/2009,8.81
四,06/04/2009,8.93
三,06/03/2009,8.46
二,06/02/2009,8.78
一,06/01/2009,9.46
五,05/29/2009,8.71
四,05/28/2009,8.68
三,05/27/2009,8.58
二,05/26/2009,8.78
五,05/22/2009,8.44
四,05/21/2009,8.01
三,05/20/2009,7.91
二,05/19/2009,8.11
一,05/18/2009,7.62
五,05/15/2009,7.25
四,05/14/2009,7.29
三,05/13/2009,6.98
二,05/12/2009,7.34
一,05/11/2009,7.57
五,05/08/2009,7.79
四,05/07/2009,7.7
三,05/06/2009,8.41
二,05/05/2009,8.46
一,05/04/2009,9.09
五,05/01/2009,8.45
四,04/30/2009,8.16
三,04/29/2009,7.44
二,04/28/2009,7.02
一,04/27/2009,7.02
五,04/24/2009,7.28
四,04/23/2009,7.02
三,04/22/2009,7.15
二,04/21/2009,6.67
一,04/20/2009,6.46
五,04/17/2009,6.83
四,04/16/2009,6.35
三,04/15/2009,5.85
二,04/14/2009,6.05
一,04/13/2009,6.34
四,04/09/2009,6.65
三,04/08/2009,6.35
二,04/07/2009,6.15
一,04/06/2009,6.4
五,04/03/2009,6.73
四,04/02/2009,6.2
三,04/01/2009,5.98
二,03/31/2009,6.01
一,03/30/2009,5.91
五,03/27/2009,6.09
四,03/26/2009,6.56
三,03/25/2009,5.96
二,03/24/2009,5.68
一,03/23/2009,5.16
五,03/20/2009,4.6
四,03/19/2009,4.65
三,03/18/2009,4.7
二,03/17/2009,4.46
一,03/16/2009,4.3
五,03/13/2009,4.26
四,03/12/2009,3.88
三,03/11/2009,3.72
二,03/10/2009,3.61
一,03/09/2009,3.14
五,03/06/2009,3.11
四,03/05/2009,3.42
三,03/04/2009,3.76
二,03/03/2009,3.76
一,03/02/2009,3.68
五,02/27/2009,4.3
四,02/26/2009,4.1
三,02/25/2009,4.31
二,02/24/2009,3.96
一,02/23/2009,4.01
五,02/20/2009,4.19
四,02/19/2009,4.26
三,02/18/2009,4.45
二,02/17/2009,4.29
五,02/13/2009,4.37
四,02/12/2009,4.48
三,02/11/2009,4.2
二,02/10/2009,4.1
一,02/09/2009,4.36
五,02/06/2009,4.51
四,02/05/2009,4.39
三,02/04/2009,4.28
二,02/03/2009,3.83
一,02/02/2009,3.97
五,01/30/2009,3.79
四,01/29/2009,4.04
三,01/28/2009,3.95
二,01/27/2009,3.62
一,01/26/2009,3.42
五,01/23/2009,3.11
四,01/22/2009,3.23
三,01/21/2009,4.25
二,01/20/2009,3.88
五,01/16/2009,4.39
四,01/15/2009,4.33
三,01/14/2009,4.29
二,01/13/2009,4.58
一,01/12/2009,4.76
五,01/09/2009,5.64
四,01/08/2009,5.6
三,01/07/2009,5.37
二,01/06/2009,5.78
一,01/05/2009,5.14
五,01/02/2009,5.08
三,12/31/2008,4.43
二,12/30/2008,4.14
一,12/29/2008,4.09
五,12/26/2008,4.16
三,12/24/2008,4.14
二,12/23/2008,4.35
一,12/22/2008,4.41
五,12/19/2008,4.55
四,12/18/2008,4.54
三,12/17/2008,4.77
二,12/16/2008,4.45
一,12/15/2008,4.76
五,12/12/2008,5.27
四,12/11/2008,4.76
三,12/10/2008,5.49
二,12/09/2008,5.09
一,12/08/2008,5.16
五,12/05/2008,4.52
四,12/04/2008,4.3
三,12/03/2008,4.4
二,12/02/2008,4.31
一,12/01/2008,3.85
五,11/28/2008,4.21
三,11/26/2008,4.51
二,11/25/2008,4.42
一,11/24/2008,4.46
五,11/21/2008,4.4
四,11/20/2008,3.83
三,11/19/2008,3.91
二,11/18/2008,4.32
一,11/17/2008,4.77
五,11/14/2008,4.87
四,11/13/2008,5.02
三,11/12/2008,4.81
二,11/11/2008,5.49
一,11/10/2008,6.2
五,11/07/2008,6.6
四,11/06/2008,6.43
三,11/05/2008,7.01
二,11/04/2008,7.53
一,11/03/2008,7.07
五,10/31/2008,6.77
四,10/30/2008,6.41
三,10/29/2008,6.45
二,10/28/2008,6.61
一,10/27/2008,6.69
五,10/24/2008,7.04
四,10/23/2008,7.05
三,10/22/2008,8.0
二,10/21/2008,8.11
一,10/20/2008,8.53
五,10/17/2008,8.79
四,10/16/2008,8.53
三,10/15/2008,8.45
二,10/14/2008,8.81
一,10/13/2008,9.3
五,10/10/2008,8.66
四,10/09/2008,9.32
三,10/08/2008,9.68
二,10/07/2008,9.9
一,10/06/2008,10.82
五,10/03/2008,10.93
四,10/02/2008,11.21
三,10/01/2008,11.55
二,09/30/2008,12.12
一,09/29/2008,11.74
五,09/26/2008,12.42
四,09/25/2008,12.47
三,09/24/2008,12.32
二,09/23/2008,12.17
一,09/22/2008,12.19
五,09/19/2008,12.85
四,09/18/2008,11.93
三,09/17/2008,11.77
二,09/16/2008,12.09
一,09/15/2008,13.17
五,09/12/2008,13.58
四,09/11/2008,13.99
三,09/10/2008,14.35
二,09/09/2008,14.09
一,09/08/2008,14.58
五,09/05/2008,14.73
四,09/04/2008,14.74
三,09/03/2008,14.72
二,09/02/2008,14.96
五,08/29/2008,14.91
四,08/28/2008,15.37
三,08/27/2008,15.69
二,08/26/2008,15.62
一,08/25/2008,15.65
五,08/22/2008,16.23
四,08/21/2008,16.36
三,08/20/2008,15.95
二,08/19/2008,15.9
一,08/18/2008,16.12
五,08/15/2008,16.75
四,08/14/2008,16.09
三,08/13/2008,15.77
二,08/12/2008,16.09
一,08/11/2008,15.48
五,08/08/2008,15.0
四,08/07/2008,14.89
三,08/06/2008,15.05
二,08/05/2008,14.73
一,08/04/2008,14.78
五,08/01/2008,15.03
四,07/31/2008,14.97
三,07/30/2008,14.97
二,07/29/2008,15.1
一,07/28/2008,14.98
五,07/25/2008,14.97
四,07/24/2008,14.86
三,07/23/2008,15.14
二,07/22/2008,14.45
一,07/21/2008,14.94
五,07/18/2008,14.85
四,07/17/2008,15.31
三,07/16/2008,14.62
二,07/15/2008,17.3
一,07/14/2008,17.07
五,07/11/2008,17.0
四,07/10/2008,17.03
三,07/09/2008,17.04
二,07/08/2008,17.71
一,07/07/2008,17.57
四,07/03/2008,17.94
三,07/02/2008,18.81
二,07/01/2008,19.43
一,06/30/2008,19.13
五,06/27/2008,19.48
四,06/26/2008,19.5
三,06/25/2008,20.04
二,06/24/2008,19.66
一,06/23/2008,19.82
五,06/20/2008,20.18
四,06/19/2008,20.95
三,06/18/2008,20.7
二,06/17/2008,20.81
一,06/16/2008,21.02
五,06/13/2008,20.27
四,06/12/2008,20.25
三,06/11/2008,20.51
二,06/10/2008,20.99
一,06/09/2008,21.69
五,06/06/2008,22.27
四,06/05/2008,22.1
三,06/04/2008,21.82
二,06/03/2008,21.68
一,06/02/2008,21.31
五,05/30/2008,21.42
四,05/29/2008,20.71
三,05/28/2008,20.56
二,05/27/2008,20.65
五,05/23/2008,20.67
四,05/22/2008,20.89
三,05/21/2008,20.46
二,05/20/2008,20.52
一,05/19/2008,20.84
五,05/16/2008,21.91
四,05/15/2008,21.33
三,05/14/2008,21.24
二,05/13/2008,20.05
一,05/12/2008,20.13
五,05/09/2008,20.23
四,05/08/2008,20.3
三,05/07/2008,19.84
二,05/06/2008,19.87
一,05/05/2008,19.7
五,05/02/2008,19.45
四,05/01/2008,19.5
三,04/30/2008,18.87
二,04/29/2008,19.2
一,04/28/2008,19.19
五,04/25/2008,19.39
四,04/24/2008,19.62
三,04/23/2008,19.22
二,04/22/2008,19.48
一,04/21/2008,19.96
五,04/18/2008,19.48
四,04/17/2008,19.77
三,04/16/2008,19.06
二,04/15/2008,20.17
一,04/14/2008,19.97
五,04/11/2008,20.54
四,04/10/2008,21.63
三,04/09/2008,21.07
二,04/08/2008,21.28
一,04/07/2008,21.74
五,04/04/2008,21.62
四,04/03/2008,22.09
三,04/02/2008,21.88
二,04/01/2008,21.61
一,03/31/2008,20.94
五,03/28/2008,20.3
四,03/27/2008,20.47
三,03/26/2008,21.82
二,03/25/2008,21.63
一,03/24/2008,22.0
四,03/20/2008,21.28
三,03/19/2008,20.65
二,03/18/2008,21.73
一,03/17/2008,21.28
五,03/14/2008,22.21
四,03/13/2008,22.13
三,03/12/2008,21.76
二,03/11/2008,21.84
一,03/10/2008,21.25
五,03/07/2008,21.75
四,03/06/2008,21.78
三,03/05/2008,22.81
二,03/04/2008,22.91
一,03/03/2008,21.82
五,02/29/2008,21.57
四,02/28/2008,22.35
三,02/27/2008,23.59
二,02/26/2008,23.71
一,02/25/2008,23.86
五,02/22/2008,23.77
四,02/21/2008,23.47
三,02/20/2008,23.19
二,02/19/2008,23.29
五,02/15/2008,22.68
四,02/14/2008,22.49
三,02/13/2008,23.26
二,02/12/2008,22.76
一,02/11/2008,22.34
五,02/08/2008,21.95
四,02/07/2008,21.52
三,02/06/2008,21.12
二,02/05/2008,21.23
一,02/04/2008,20.74
五,02/01/2008,20.93
四,01/31/2008,20.27
三,01/30/2008,20.4
二,01/29/2008,20.41
一,01/28/2008,20.85
五,01/25/2008,20.99
四,01/24/2008,20.99
三,01/23/2008,19.71
二,01/22/2008,20.06
五,01/18/2008,19.7
四,01/17/2008,21.6
三,01/16/2008,22.98
二,01/15/2008,23.32
一,01/14/2008,23.76
五,01/11/2008,22.91
四,01/10/2008,23.74
三,01/09/2008,23.51
二,01/08/2008,22.17
一,01/07/2008,23.03
五,01/04/2008,23.31
四,01/03/2008,24.51
三,01/02/2008,24.44
一,12/31/2007,25.5
五,12/28/2007,25.85
四,12/27/2007,26.07
三,12/26/2007,26.2
一,12/24/2007,26.07
五,12/21/2007,25.97
四,12/20/2007,26.39
三,12/19/2007,26.29
二,12/18/2007,26.33
一,12/17/2007,27.24
五,12/14/2007,27.52
四,12/13/2007,27.63
三,12/12/2007,27.74
二,12/11/2007,27.87
一,12/10/2007,27.98
五,12/07/2007,27.87
四,12/06/2007,27.56
三,12/05/2007,27.19
二,12/04/2007,25.6
一,12/03/2007,25.52
五,11/30/2007,25.79
四,11/29/2007,27.09
三,11/28/2007,26.97
二,11/27/2007,26.02
一,11/26/2007,25.32
五,11/23/2007,25.0
三,11/21/2007,25.15
二,11/20/2007,25.57
一,11/19/2007,26.15
五,11/16/2007,26.63
四,11/15/2007,25.95
三,11/14/2007,26.29
二,11/13/2007,26.27
一,11/12/2007,25.92
五,11/09/2007,27.1
四,11/08/2007,27.77
三,11/07/2007,27.81
二,11/06/2007,27.98
一,11/05/2007,28.29
五,11/02/2007,28.6
四,11/01/2007,27.6
三,10/31/2007,27.84
二,10/30/2007,26.98
一,10/29/2007,27.3
五,10/26/2007,26.95
四,10/25/2007,26.21
三,10/24/2007,27.05
二,10/23/2007,27.77
一,10/22/2007,27.77
五,10/19/2007,26.87
四,10/18/2007,27.4
三,10/17/2007,27.01
二,10/16/2007,26.45
一,10/15/2007,26.89
五,10/12/2007,26.72
四,10/11/2007,26.21
三,10/10/2007,27.09
二,10/09/2007,26.75
一,10/08/2007,26.31
五,10/05/2007,25.81
四,10/04/2007,25.53
三,10/03/2007,25.92
二,10/02/2007,26.66
一,10/01/2007,26.63
五,09/28/2007,25.58
四,09/27/2007,25.76
三,09/26/2007,26.35
二,09/25/2007,26.56
一,09/24/2007,25.91
五,09/21/2007,25.38
四,09/20/2007,25.4
三,09/19/2007,25.41
二,09/18/2007,25.03
一,09/17/2007,24.66
五,09/14/2007,24.67
四,09/13/2007,24.76
三,09/12/2007,24.69
二,09/11/2007,25.41
一,09/10/2007,24.85
五,09/07/2007,25.14
四,09/06/2007,25.99
三,09/05/2007,25.48
二,09/04/2007,25.95
五,08/31/2007,25.82
四,08/30/2007,25.4
三,08/29/2007,25.39
二,08/28/2007,24.46
一,08/27/2007,24.89
五,08/24/2007,24.96
四,08/23/2007,24.7
三,08/22/2007,24.47
二,08/21/2007,24.25
一,08/20/2007,24.23
五,08/17/2007,23.75
四,08/16/2007,22.67
三,08/15/2007,23.36
二,08/14/2007,24.3
一,08/13/2007,24.3
五,08/10/2007,23.85
四,08/09/2007,23.22
三,08/08/2007,23.86
二,08/07/2007,23.0
一,08/06/2007,23.93
五,08/03/2007,23.48
四,08/02/2007,24.15
三,08/01/2007,23.78
二,07/31/2007,23.51
一,07/30/2007,24.16
五,07/27/2007,23.81
四,07/26/2007,24.61
三,07/25/2007,24.96
二,07/24/2007,24.33
一,07/23/2007,24.88
五,07/20/2007,24.63
四,07/19/2007,24.12
三,07/18/2007,23.41
二,07/17/2007,23.2
一,07/16/2007,22.78
五,07/13/2007,22.8
四,07/12/2007,23.05
三,07/11/2007,22.68
二,07/10/2007,23.0
一,07/09/2007,23.52
五,07/06/2007,23.57
四,07/05/2007,23.12
二,07/03/2007,22.74
一,07/02/2007,22.34
五,06/29/2007,21.77
四,06/28/2007,21.55
三,06/27/2007,22.31
二,06/26/2007,22.0
一,06/25/2007,21.83
五,06/22/2007,22.19
四,06/21/2007,22.23
三,06/20/2007,21.38
二,06/19/2007,21.67
一,06/18/2007,21.01
五,06/15/2007,20.96
四,06/14/2007,20.77
三,06/13/2007,20.7
二,06/12/2007,20.83
一,06/11/2007,20.86
五,06/08/2007,20.9
四,06/07/2007,20.36
三,06/06/2007,20.58
二,06/05/2007,20.4
一,06/04/2007,20.75
五,06/01/2007,20.73
四,05/31/2007,20.59
三,05/30/2007,20.69
二,05/29/2007,20.76
五,05/25/2007,20.3
四,05/24/2007,20.69
三,05/23/2007,21.15
二,05/22/2007,21.35
一,05/21/2007,20.86
五,05/18/2007,20.88
四,05/17/2007,20.71
三,05/16/2007,21.28
二,05/15/2007,21.43
一,05/14/2007,21.71
五,05/11/2007,22.11
四,05/10/2007,21.7
三,05/09/2007,22.28
二,05/08/2007,22.5
一,05/07/2007,22.34
五,05/04/2007,22.07
四,05/03/2007,22.18
三,05/02/2007,21.65
二,05/01/2007,21.6
一,04/30/2007,22.15
五,04/27/2007,22.1
四,04/26/2007,22.45
三,04/25/2007,22.07
二,04/24/2007,22.09
一,04/23/2007,21.55
五,04/20/2007,21.58
四,04/19/2007,21.33
三,04/18/2007,21.3
二,04/17/2007,22.15
一,04/16/2007,22.54
五,04/13/2007,22.01
四,04/12/2007,21.74
三,04/11/2007,21.5
二,04/10/2007,22.0
一,04/09/2007,23.46
四,04/05/2007,23.27
三,04/04/2007,22.86
二,04/03/2007,23.23
一,04/02/2007,22.93
五,03/30/2007,23.3
四,03/29/2007,23.42
三,03/28/2007,23.8
二,03/27/2007,24.51
一,03/26/2007,24.77
五,03/23/2007,25.04
四,03/22/2007,25.11
三,03/21/2007,25.25
二,03/20/2007,24.62
一,03/19/2007,24.48
五,03/16/2007,24.45
四,03/15/2007,24.6
三,03/14/2007,24.32
二,03/13/2007,24.05
一,03/12/2007,24.64
五,03/09/2007,24.26
四,03/08/2007,24.3
三,03/07/2007,24.7
二,03/06/2007,24.79
一,03/05/2007,24.63
五,03/02/2007,24.64
四,03/01/2007,26.43
三,02/28/2007,26.9
二,02/27/2007,26.61
一,02/26/2007,28.16
五,02/23/2007,28.0
四,02/22/2007,27.53
三,02/21/2007,27.04
二,02/20/2007,26.83
五,02/16/2007,26.54
四,02/15/2007,26.66
三,02/14/2007,26.6
二,02/13/2007,26.07
一,02/12/2007,26.03
五,02/09/2007,26.06
四,02/08/2007,26.33
三,02/07/2007,26.34
二,02/06/2007,26.08
一,02/05/2007,26.4
五,02/02/2007,26.34
四,02/01/2007,26.75
三,01/31/2007,27.09
二,01/30/2007,27.61
一,01/29/2007,27.46
五,01/26/2007,27.35
四,01/25/2007,27.71
三,01/24/2007,28.35
二,01/23/2007,26.18
一,01/22/2007,26.48
五,01/19/2007,25.95
四,01/18/2007,26.29
三,01/17/2007,27.38
二,01/16/2007,26.97
五,01/12/2007,26.82
四,01/11/2007,26.81
三,01/10/2007,26.81
二,01/09/2007,26.68
一,01/08/2007,25.86
五,01/05/2007,26.01
四,01/04/2007,26.4
三,01/03/2007,26.07
五,12/29/2006,26.5
四,12/28/2006,26.47
三,12/27/2006,26.83
二,12/26/2006,26.85
五,12/22/2006,26.54
四,12/21/2006,26.34
三,12/20/2006,26.9
二,12/19/2006,26.82
一,12/18/2006,26.7
五,12/15/2006,26.73
四,12/14/2006,26.35
三,12/13/2006,26.1
二,12/12/2006,25.77
一,12/11/2006,26.17
五,12/08/2006,26.4
四,12/07/2006,26.36
三,12/06/2006,26.37
二,12/05/2006,26.25
一,12/04/2006,26.02
五,12/01/2006,25.82
四,11/30/2006,25.76
三,11/29/2006,25.66
二,11/28/2006,25.83
一,11/27/2006,25.48
五,11/24/2006,26.69
三,11/22/2006,26.31
二,11/21/2006,25.67
一,11/20/2006,25.83
五,11/17/2006,25.35
四,11/16/2006,25.34
三,11/15/2006,24.73
二,11/14/2006,23.77
一,11/13/2006,23.15
五,11/10/2006,23.45
四,11/09/2006,23.64
三,11/08/2006,23.09
二,11/07/2006,22.77
一,11/06/2006,23.1
五,11/03/2006,22.78
四,11/02/2006,22.3
三,11/01/2006,22.26
二,10/31/2006,22.58
一,10/30/2006,22.68
五,10/27/2006,22.17
四,10/26/2006,22.95
三,10/25/2006,22.43
二,10/24/2006,21.13
一,10/23/2006,21.45
五,10/20/2006,22.07
四,10/19/2006,21.65
三,10/18/2006,21.52
二,10/17/2006,21.89
一,10/16/2006,22.0
五,10/13/2006,21.65
四,10/12/2006,20.91
三,10/11/2006,20.93
二,10/10/2006,20.96
一,10/09/2006,21.66
五,10/06/2006,22.38
四,10/05/2006,22.65
三,10/04/2006,22.81
二,10/03/2006,22.82
一,10/02/2006,22.93
五,09/29/2006,23.09
四,09/28/2006,23.0
三,09/27/2006,23.05
二,09/26/2006,22.49
一,09/25/2006,22.6
五,09/22/2006,22.52
四,09/21/2006,22.82
三,09/20/2006,22.99
二,09/19/2006,22.47
一,09/18/2006,22.21
五,09/15/2006,22.09
四,09/14/2006,22.18
三,09/13/2006,21.14
二,09/12/2006,20.92
一,09/11/2006,20.38
五,09/08/2006,20.05
四,09/07/2006,20.06
三,09/06/2006,20.42
二,09/05/2006,22.23
五,09/01/2006,22.59
四,08/31/2006,22.25
三,08/30/2006,22.0
二,08/29/2006,21.17
一,08/28/2006,20.91
五,08/25/2006,20.56
四,08/24/2006,20.41
三,08/23/2006,20.52
二,08/22/2006,20.92
一,08/21/2006,21.25
五,08/18/2006,21.34
四,08/17/2006,21.39
三,08/16/2006,21.73
二,08/15/2006,20.75
一,08/14/2006,20.32
五,08/11/2006,19.95
四,08/10/2006,20.17
三,08/09/2006,19.95
二,08/08/2006,20.7
一,08/07/2006,21.45
五,08/04/2006,21.76
四,08/03/2006,22.2
三,08/02/2006,22.4
二,08/01/2006,22.46
一,07/31/2006,23.2
五,07/28/2006,23.44
四,07/27/2006,22.65
三,07/26/2006,22.84
二,07/25/2006,23.19
一,07/24/2006,23.51
五,07/21/2006,22.79
四,07/20/2006,23.94
三,07/19/2006,24.27
二,07/18/2006,23.44
一,07/17/2006,22.9
五,07/14/2006,22.43
四,07/13/2006,22.45
三,07/12/2006,22.78
二,07/11/2006,22.8
一,07/10/2006,21.97
五,07/07/2006,22.58
四,07/06/2006,22.98
三,07/05/2006,22.75
一,07/03/2006,22.53
五,06/30/2006,22.64
四,06/29/2006,22.09
三,06/28/2006,21.27
二,06/27/2006,21.08
一,06/26/2006,21.29
五,06/23/2006,20.99
四,06/22/2006,21.09
三,06/21/2006,21.28
二,06/20/2006,21.09
一,06/19/2006,21.62
五,06/16/2006,21.78
四,06/15/2006,22.22
三,06/14/2006,21.14
二,06/13/2006,21.07
一,06/12/2006,22.24
五,06/09/2006,23.11
四,06/08/2006,23.06
三,06/07/2006,22.38
二,06/06/2006,22.72
一,06/05/2006,23.0
五,06/02/2006,24.12
四,06/01/2006,23.95
三,05/31/2006,23.35
二,05/30/2006,23.51
五,05/26/2006,24.21
四,05/25/2006,23.92
三,05/24/2006,23.25
二,05/23/2006,23.68
一,05/22/2006,24.91
五,05/19/2006,24.95
四,05/18/2006,24.06
三,05/17/2006,23.58
二,05/16/2006,23.25
一,05/15/2006,23.8
五,05/12/2006,24.09
四,05/11/2006,24.6
三,05/10/2006,25.73
二,05/09/2006,26.48
一,05/08/2006,26.6
五,05/05/2006,26.48
四,05/04/2006,26.33
三,05/03/2006,26.5
二,05/02/2006,26.75
一,05/01/2006,26.7
五,04/28/2006,26.56
四,04/27/2006,25.97
三,04/26/2006,24.88
二,04/25/2006,25.33
一,04/24/2006,24.97
五,04/21/2006,25.1
四,04/20/2006,25.4
三,04/19/2006,25.75
二,04/18/2006,27.52
一,04/17/2006,26.85
四,04/13/2006,26.2
三,04/12/2006,26.69
二,04/11/2006,26.4
一,04/10/2006,26.45
五,04/07/2006,27.2
四,04/06/2006,27.12
三,04/05/2006,27.25
二,04/04/2006,27.69
一,04/03/2006,26.22
五,03/31/2006,26.33
四,03/30/2006,26.33
三,03/29/2006,25.49
二,03/28/2006,24.08
一,03/27/2006,24.14
五,03/24/2006,24.47
四,03/23/2006,24.22
三,03/22/2006,24.01
二,03/21/2006,24.94
一,03/20/2006,25.0
五,03/17/2006,24.73
四,03/16/2006,24.66
三,03/15/2006,25.46
二,03/14/2006,24.7
一,03/13/2006,23.92
五,03/10/2006,24.28
四,03/09/2006,24.5
三,03/08/2006,24.86
二,03/07/2006,26.15
一,03/06/2006,27.52
五,03/03/2006,28.08
四,03/02/2006,27.7
三,03/01/2006,27.25
二,02/28/2006,26.57
一,02/27/2006,26.0
五,02/24/2006,25.55
四,02/23/2006,25.39
三,02/22/2006,26.41
二,02/21/2006,27.2
五,02/17/2006,27.29
四,02/16/2006,26.8
三,02/15/2006,26.5
二,02/14/2006,26.04
一,02/13/2006,25.96
五,02/10/2006,25.17
四,02/09/2006,25.06
三,02/08/2006,24.89
二,02/07/2006,24.35
一,02/06/2006,24.95
五,02/03/2006,25.51
四,02/02/2006,25.63
三,02/01/2006,26.02
二,01/31/2006,26.08
一,01/30/2006,25.66
五,01/27/2006,26.12
四,01/26/2006,26.2
三,01/25/2006,25.63
二,01/24/2006,26.39
一,01/23/2006,25.57
五,01/20/2006,25.0
四,01/19/2006,25.59
三,01/18/2006,24.6
二,01/17/2006,24.13
五,01/13/2006,24.23
四,01/12/2006,23.0
三,01/11/2006,23.18
二,01/10/2006,23.32
一,01/09/2006,22.29
五,01/06/2006,21.39
四,01/05/2006,20.85
三,01/04/2006,21.04
二,01/03/2006,20.07
五,12/30/2005,19.99
四,12/29/2005,19.74
三,12/28/2005,19.68
二,12/27/2005,20.02
五,12/23/2005,20.33
四,12/22/2005,20.36
三,12/21/2005,20.23
二,12/20/2005,19.6
一,12/19/2005,19.56
五,12/16/2005,19.59
四,12/15/2005,19.41
三,12/14/2005,19.33
二,12/13/2005,19.2
一,12/12/2005,19.46
五,12/09/2005,19.21
四,12/08/2005,19.01
三,12/07/2005,18.9
二,12/06/2005,19.05
一,12/05/2005,18.99
五,12/02/2005,18.55
四,12/01/2005,19.01
三,11/30/2005,18.92
二,11/29/2005,18.51
一,11/28/2005,17.61
五,11/25/2005,17.85
三,11/23/2005,17.96
二,11/22/2005,17.93
一,11/21/2005,17.03
五,11/18/2005,16.98
四,11/17/2005,16.86
三,11/16/2005,16.19
二,11/15/2005,15.73
一,11/14/2005,15.63
五,11/11/2005,15.92
四,11/10/2005,15.53
三,11/09/2005,15.64
二,11/08/2005,15.44
一,11/07/2005,15.67
五,11/04/2005,15.57
四,11/03/2005,15.6
三,11/02/2005,15.01
二,11/01/2005,14.62
一,10/31/2005,14.49
五,10/28/2005,14.1
四,10/27/2005,13.96
三,10/26/2005,14.18
二,10/25/2005,14.48
一,10/24/2005,14.28
五,10/21/2005,14.27
四,10/20/2005,14.3
三,10/19/2005,14.7
二,10/18/2005,15.05
一,10/17/2005,15.67
五,10/14/2005,15.24
四,10/13/2005,14.99
三,10/12/2005,15.47
二,10/11/2005,15.67
一,10/10/2005,15.81
五,10/07/2005,15.79
四,10/06/2005,15.72
三,10/05/2005,15.86
二,10/04/2005,15.88
一,10/03/2005,16.17
五,09/30/2005,15.85
四,09/29/2005,15.58
三,09/28/2005,15.12
二,09/27/2005,14.9
一,09/26/2005,15.1
五,09/23/2005,15.13
四,09/22/2005,14.99
三,09/21/2005,14.67
二,09/20/2005,15.04
一,09/19/2005,15.01
五,09/16/2005,15.03
四,09/15/2005,15.04
三,09/14/2005,15.43
二,09/13/2005,16.22
一,09/12/2005,16.22
五,09/09/2005,16.17
四,09/08/2005,16.36
三,09/07/2005,16.57
二,09/06/2005,15.75
五,09/02/2005,15.96
四,09/01/2005,16.05
三,08/31/2005,16.59
二,08/30/2005,16.52
一,08/29/2005,17.47
五,08/26/2005,17.27
四,08/25/2005,18.15
三,08/24/2005,18.25
二,08/23/2005,18.34
一,08/22/2005,18.35
五,08/19/2005,18.42
四,08/18/2005,18.08
三,08/17/2005,18.48
二,08/16/2005,18.04
一,08/15/2005,18.45
五,08/12/2005,18.22
四,08/11/2005,18.8
三,08/10/2005,18.64
二,08/09/2005,18.74
一,08/08/2005,18.8
五,08/05/2005,18.85
四,08/04/2005,18.84
三,08/03/2005,18.67
二,08/02/2005,18.92
一,08/01/2005,19.08
五,07/29/2005,19.37
四,07/28/2005,19.35
三,07/27/2005,18.68
二,07/26/2005,18.74
一,07/25/2005,18.52
五,07/22/2005,18.31
四,07/21/2005,18.32
三,07/20/2005,19.07
二,07/19/2005,19.45
一,07/18/2005,19.0
五,07/15/2005,19.14
四,07/14/2005,19.22
三,07/13/2005,19.53
二,07/12/2005,18.86
一,07/11/2005,19.09
五,07/08/2005,18.24
四,07/07/2005,17.79
三,07/06/2005,17.91
二,07/05/2005,17.44
五,07/01/2005,17.35
四,06/30/2005,17.55
三,06/29/2005,17.47
二,06/28/2005,17.45
一,06/27/2005,18.1
五,06/24/2005,18.36
四,06/23/2005,18.9
三,06/22/2005,19.43
二,06/21/2005,19.52
一,06/20/2005,19.58
五,06/17/2005,19.0
四,06/16/2005,20.29
三,06/15/2005,19.96
二,06/14/2005,20.14
一,06/13/2005,20.53
五,06/10/2005,20.42
四,06/09/2005,20.42
三,06/08/2005,20.88
二,06/07/2005,21.17
一,06/06/2005,20.8
五,06/03/2005,20.62
四,06/02/2005,21.3
三,06/01/2005,21.05
二,05/31/2005,21.22
五,05/27/2005,20.95
四,05/26/2005,21.0
三,05/25/2005,21.06
二,05/24/2005,20.81
一,05/23/2005,20.54
五,05/20/2005,20.16
四,05/19/2005,20.27
三,05/18/2005,20.18
二,05/17/2005,19.42
一,05/16/2005,19.18
五,05/13/2005,18.49
四,05/12/2005,17.65
三,05/11/2005,17.86
二,05/10/2005,17.81
一,05/09/2005,18.04
五,05/06/2005,18.06
四,05/05/2005,17.13
三,05/04/2005,17.45
二,05/03/2005,17.62
一,05/02/2005,17.68
五,04/29/2005,17.58
四,04/28/2005,17.59
三,04/27/2005,18.35
二,04/26/2005,18.68
一,04/25/2005,18.55
五,04/22/2005,18.25
四,04/21/2005,18.89
三,04/20/2005,17.98
二,04/19/2005,17.34
一,04/18/2005,16.77
五,04/15/2005,16.57
四,04/14/2005,17.38
三,04/13/2005,18.52
二,04/12/2005,18.99
一,04/11/2005,18.9
五,04/08/2005,19.15
四,04/07/2005,19.2
三,04/06/2005,18.83
二,04/05/2005,18.88
一,04/04/2005,19.16
五,04/01/2005,19.4
四,03/31/2005,19.55
三,03/30/2005,18.92
二,03/29/2005,18.48
一,03/28/2005,19.07
四,03/24/2005,19.83
三,03/23/2005,19.46
二,03/22/2005,19.47
一,03/21/2005,19.83
五,03/18/2005,19.73
四,03/17/2005,19.21
三,03/16/2005,19.01
二,03/15/2005,18.56
一,03/14/2005,18.83
五,03/11/2005,18.47
四,03/10/2005,19.08
三,03/09/2005,19.2
二,03/08/2005,19.15
一,03/07/2005,18.83
五,03/04/2005,18.96
四,03/03/2005,18.38
三,03/02/2005,18.41
二,03/01/2005,18.02
一,02/28/2005,17.97
五,02/25/2005,17.7
四,02/24/2005,17.25
三,02/23/2005,16.75
二,02/22/2005,17.17
五,02/18/2005,17.55
四,02/17/2005,17.68
三,02/16/2005,17.35
二,02/15/2005,17.49
一,02/14/2005,17.06
五,02/11/2005,17.28
四,02/10/2005,17.25
三,02/09/2005,17.25
二,02/08/2005,17.32
一,02/07/2005,17.48
五,02/04/2005,17.68
四,02/03/2005,17.07
三,02/02/2005,17.04
二,02/01/2005,16.96
一,01/31/2005,16.92
五,01/28/2005,17.0
四,01/27/2005,17.24
三,01/26/2005,17.01
二,01/25/2005,16.99
一,01/24/2005,16.88
五,01/21/2005,17.35
四,01/20/2005,17.35
三,01/19/2005,17.22
二,01/18/2005,18.35
五,01/14/2005,17.82
四,01/13/2005,17.9
三,01/12/2005,17.48
二,01/11/2005,17.18
一,01/10/2005,17.19
五,01/07/2005,16.66
四,01/06/2005,16.81
三,01/05/2005,16.9
二,01/04/2005,17.07
一,01/03/2005,17.39
五,12/31/2004,17.27
四,12/30/2004,17.19
三,12/29/2004,16.94
二,12/28/2004,16.62
一,12/27/2004,16.62
四,12/23/2004,16.59
三,12/22/2004,16.52
二,12/21/2004,16.42
一,12/20/2004,16.29
五,12/17/2004,16.73
四,12/16/2004,16.76
三,12/15/2004,16.85
二,12/14/2004,16.81
一,12/13/2004,16.78
五,12/10/2004,16.7
四,12/09/2004,16.94
三,12/08/2004,17.0
二,12/07/2004,16.46
一,12/06/2004,17.0
五,12/03/2004,16.55
四,12/02/2004,16.88
三,12/01/2004,16.47
二,11/30/2004,14.98
一,11/29/2004,14.66
五,11/26/2004,14.78
三,11/24/2004,14.67
二,11/23/2004,14.08
一,11/22/2004,14.01
五,11/19/2004,13.89
四,11/18/2004,14.05
三,11/17/2004,14.19
二,11/16/2004,14.0
一,11/15/2004,14.39
五,11/12/2004,14.19
四,11/11/2004,13.66
三,11/10/2004,13.18
二,11/09/2004,13.67
一,11/08/2004,13.58
五,11/05/2004,13.3
四,11/04/2004,12.83
三,11/03/2004,12.64
二,11/02/2004,12.7
一,11/01/2004,12.7
五,10/29/2004,12.64
四,10/28/2004,12.56
三,10/27/2004,12.9
二,10/26/2004,12.61
一,10/25/2004,12.61
五,10/22/2004,12.9
四,10/21/2004,13.24
三,10/20/2004,13.71
二,10/19/2004,14.23
一,10/18/2004,14.0
五,10/15/2004,13.23
四,10/14/2004,13.23
三,10/13/2004,13.66
二,10/12/2004,13.66
一,10/11/2004,14.05
五,10/08/2004,13.95
四,10/07/2004,14.0
三,10/06/2004,14.3
二,10/05/2004,14.2
一,10/04/2004,14.22
五,10/01/2004,13.88
四,09/30/2004,13.52
三,09/29/2004,13.46
二,09/28/2004,13.1
一,09/27/2004,12.84
五,09/24/2004,13.02
四,09/23/2004,13.36
三,09/22/2004,13.2
二,09/21/2004,13.65
一,09/20/2004,14.03
五,09/17/2004,13.79
四,09/16/2004,13.61
三,09/15/2004,13.34
二,09/14/2004,13.56
一,09/13/2004,13.37
五,09/10/2004,13.28
四,09/09/2004,12.48
三,09/08/2004,12.46
二,09/07/2004,12.32
五,09/03/2004,11.87
四,09/02/2004,11.94
三,09/01/2004,11.5
二,08/31/2004,10.93
一,08/30/2004,10.95
五,08/27/2004,11.05
四,08/26/2004,11.07
三,08/25/2004,11.28
二,08/24/2004,11.2
一,08/23/2004,11.38
五,08/20/2004,11.67
四,08/19/2004,11.23
三,08/18/2004,11.14
二,08/17/2004,10.72
一,08/16/2004,10.7
五,08/13/2004,10.28
四,08/12/2004,10.31
三,08/11/2004,10.73
二,08/10/2004,10.94
一,08/09/2004,10.53
五,08/06/2004,10.8
四,08/05/2004,11.09
三,08/04/2004,11.08
二,08/03/2004,10.99
一,08/02/2004,11.43
五,07/30/2004,11.47
四,07/29/2004,11.58
三,07/28/2004,11.41
二,07/27/2004,11.65
一,07/26/2004,11.54
五,07/23/2004,11.92
四,07/22/2004,11.93
三,07/21/2004,11.91
二,07/20/2004,14.3
一,07/19/2004,13.85
五,07/16/2004,12.7
四,07/15/2004,12.65
三,07/14/2004,12.5
二,07/13/2004,13.32
一,07/12/2004,13.51
五,07/09/2004,13.54
四,07/08/2004,13.37
三,07/07/2004,13.78
二,07/06/2004,13.67
五,07/02/2004,14.21
四,07/01/2004,14.25
三,06/30/2004,14.43
二,06/29/2004,14.01
一,06/28/2004,13.81
五,06/25/2004,13.98
四,06/24/2004,14.03
三,06/23/2004,14.31
二,06/22/2004,13.94
一,06/21/2004,14.0
五,06/18/2004,14.02
四,06/17/2004,13.95
三,06/16/2004,13.85
二,06/15/2004,13.9
一,06/14/2004,13.61
四,06/10/2004,13.57
三,06/09/2004,13.04
二,06/08/2004,13.08
一,06/07/2004,13.05
五,06/04/2004,12.81
四,06/03/2004,12.6
三,06/02/2004,12.21
二,06/01/2004,12.68
五,05/28/2004,12.3
四,05/27/2004,12.84
三,05/26/2004,13.34
二,05/25/2004,13.01
一,05/24/2004,12.53
五,05/21/2004,12.2
四,05/20/2004,12.06
三,05/19/2004,12.08
二,05/18/2004,12.04
一,05/17/2004,11.8
五,05/14/2004,12.0
四,05/13/2004,12.33
三,05/12/2004,12.31
二,05/11/2004,12.4
一,05/10/2004,11.99
五,05/07/2004,12.04
四,05/06/2004,11.73
三,05/05/2004,12.17
二,05/04/2004,12.29
一,05/03/2004,12.4
五,04/30/2004,12.51
四,04/29/2004,12.67
三,04/28/2004,12.84
二,04/27/2004,12.54
一,04/26/2004,12.56
五,04/23/2004,12.73
四,04/22/2004,12.7
三,04/21/2004,13.83
二,04/20/2004,14.52
一,04/19/2004,14.79
五,04/16/2004,14.93
四,04/15/2004,15.13
三,04/14/2004,15.3
二,04/13/2004,15.42
一,04/12/2004,15.15
四,04/08/2004,15.2
三,04/07/2004,14.98
二,04/06/2004,15.59
一,04/05/2004,15.66
五,04/02/2004,16.11
四,04/01/2004,16.24
三,03/31/2004,16.13
二,03/30/2004,16.42
一,03/29/2004,16.34
五,03/26/2004,16.0
四,03/25/2004,15.98
三,03/24/2004,15.73
二,03/23/2004,15.3
一,03/22/2004,15.42
五,03/19/2004,15.94
四,03/18/2004,16.1
三,03/17/2004,16.17
二,03/16/2004,15.8
一,03/15/2004,15.55
五,03/12/2004,15.8
四,03/11/2004,15.37
三,03/10/2004,15.64
二,03/09/2004,15.67
一,03/08/2004,15.95
五,03/05/2004,16.4
四,03/04/2004,16.59
三,03/03/2004,16.67
二,03/02/2004,16.73
一,03/01/2004,17.38
五,02/27/2004,17.3
四,02/26/2004,17.31
三,02/25/2004,16.9
二,02/24/2004,16.7
一,02/23/2004,16.61
五,02/20/2004,17.5
四,02/19/2004,17.81
三,02/18/2004,17.27
二,02/17/2004,17.25
五,02/13/2004,17.55
四,02/12/2004,16.9
三,02/11/2004,16.94
二,02/10/2004,16.6
一,02/09/2004,16.65
五,02/06/2004,17.32
四,02/05/2004,16.84
三,02/04/2004,16.1
二,02/03/2004,16.3
一,02/02/2004,16.1
五,01/30/2004,16.3
四,01/29/2004,16.43
三,01/28/2004,16.55
二,01/27/2004,16.51
一,01/26/2004,16.25
五,01/23/2004,16.08
四,01/22/2004,16.26
三,01/21/2004,16.1
二,01/20/2004,20.32
五,01/16/2004,19.92
四,01/15/2004,19.27
三,01/14/2004,20.0
二,01/13/2004,20.95
一,01/12/2004,20.9
五,01/09/2004,20.43
四,01/08/2004,21.51
三,01/07/2004,20.63
二,01/06/2004,20.3
一,01/05/2004,19.93
五,01/02/2004,19.31
三,12/31/2003,18.9
二,12/30/2003,18.85
一,12/29/2003,18.98
五,12/26/2003,18.5
三,12/24/2003,18.55
二,12/23/2003,18.3
一,12/22/2003,17.77
五,12/19/2003,17.63
四,12/18/2003,17.75
三,12/17/2003,17.5
二,12/16/2003,17.61
一,12/15/2003,17.46
五,12/12/2003,18.75
四,12/11/2003,19.15
三,12/10/2003,17.88
二,12/09/2003,18.7
一,12/08/2003,19.6
五,12/05/2003,19.6
四,12/04/2003,18.8
三,12/03/2003,18.96
二,12/02/2003,19.7
一,12/01/2003,19.81
五,11/28/2003,19.75
三,11/26/2003,19.76
二,11/25/2003,19.32
一,11/24/2003,19.64
五,11/21/2003,19.0
四,11/20/2003,19.0
三,11/19/2003,19.44
二,11/18/2003,19.58
一,11/17/2003,20.0
五,11/14/2003,19.91
四,11/13/2003,21.26
三,11/12/2003,20.95
二,11/11/2003,19.48
一,11/10/2003,20.26
五,11/07/2003,21.74
四,11/06/2003,23.39
三,11/05/2003,22.7
二,11/04/2003,22.48
一,11/03/2003,23.15
五,10/31/2003,22.98
四,10/30/2003,23.4
三,10/29/2003,24.8
二,10/28/2003,22.9
一,10/27/2003,21.0
五,10/24/2003,22.25
四,10/23/2003,22.2
三,10/22/2003,22.28
二,10/21/2003,29.5
一,10/20/2003,29.3
五,10/17/2003,29.62
四,10/16/2003,30.35
三,10/15/2003,30.5
二,10/14/2003,30.6
一,10/13/2003,29.95
五,10/10/2003,29.78
四,10/09/2003,29.27
三,10/08/2003,28.64
二,10/07/2003,29.0
一,10/06/2003,28.0
五,10/03/2003,27.72
四,10/02/2003,27.92
三,10/01/2003,28.1
二,09/30/2003,27.2
一,09/29/2003,27.16
五,09/26/2003,25.95
四,09/25/2003,25.9
三,09/24/2003,26.48
二,09/23/2003,27.34
一,09/22/2003,26.49
五,09/19/2003,26.81
四,09/18/2003,26.28
三,09/17/2003,25.51
二,09/16/2003,24.95
一,09/15/2003,23.29
五,09/12/2003,23.45
四,09/11/2003,23.73
三,09/10/2003,24.78
二,09/09/2003,25.16
一,09/08/2003,25.25
五,09/05/2003,23.96
四,09/04/2003,24.6
三,09/03/2003,24.4
二,09/02/2003,24.55
五,08/29/2003,23.01
四,08/28/2003,23.76
三,08/27/2003,23.72
二,08/26/2003,22.01
一,08/25/2003,21.8
五,08/22/2003,21.94
四,08/21/2003,22.07
三,08/20/2003,21.78
二,08/19/2003,21.99
一,08/18/2003,21.45
五,08/15/2003,20.7
四,08/14/2003,20.7
三,08/13/2003,21.7
二,08/12/2003,22.3
一,08/11/2003,22.17
五,08/08/2003,21.8
四,08/07/2003,21.47
三,08/06/2003,21.64
二,08/05/2003,21.0
一,08/04/2003,21.05
五,08/01/2003,21.18
四,07/31/2003,21.8
三,07/30/2003,20.86
二,07/29/2003,20.5
一,07/28/2003,20.48
五,07/25/2003,18.89
四,07/24/2003,18.93
三,07/23/2003,19.5
二,07/22/2003,19.92
一,07/21/2003,19.75
五,07/18/2003,20.03
四,07/17/2003,21.02
三,07/16/2003,21.56
二,07/15/2003,20.65
一,07/14/2003,21.0
五,07/11/2003,20.35
四,07/10/2003,19.8
三,07/09/2003,20.23
二,07/08/2003,20.44
一,07/07/2003,20.35
四,07/03/2003,19.5
三,07/02/2003,19.62
二,07/01/2003,18.19
一,06/30/2003,17.65
五,06/27/2003,18.18
四,06/26/2003,18.38
三,06/25/2003,17.24
二,06/24/2003,16.85
一,06/23/2003,16.97
五,06/20/2003,17.31
四,06/19/2003,17.34
三,06/18/2003,17.62
二,06/17/2003,17.25
一,06/16/2003,17.0
五,06/13/2003,15.96
四,06/12/2003,15.6
三,06/11/2003,15.25
二,06/10/2003,15.02
一,06/09/2003,15.35
五,06/06/2003,15.4
四,06/05/2003,15.97
三,06/04/2003,14.97
二,06/03/2003,14.86
一,06/02/2003,15.54
五,05/30/2003,15.15
四,05/29/2003,15.15
三,05/28/2003,14.84
二,05/27/2003,13.95
五,05/23/2003,13.32
四,05/22/2003,13.43
三,05/21/2003,13.28
二,05/20/2003,13.1
一,05/19/2003,13.35
五,05/16/2003,13.55
四,05/15/2003,13.4
三,05/14/2003,13.65
二,05/13/2003,13.93
一,05/12/2003,13.36
五,05/09/2003,12.59
四,05/08/2003,12.72
三,05/07/2003,12.7
二,05/06/2003,12.5
一,05/05/2003,12.54
五,05/02/2003,12.29
四,05/01/2003,12.25
三,04/30/2003,12.09
二,04/29/2003,12.04
一,04/28/2003,11.48
五,04/25/2003,11.36
四,04/24/2003,11.5
三,04/23/2003,11.75
二,04/22/2003,12.35
一,04/21/2003,12.26
四,04/17/2003,12.25
三,04/16/2003,11.9
二,04/15/2003,11.45
一,04/14/2003,11.05
五,04/11/2003,10.95
四,04/10/2003,10.83
三,04/09/2003,10.72
二,04/08/2003,10.52
一,04/07/2003,10.31
五,04/04/2003,10.27
四,04/03/2003,10.72
三,04/02/2003,10.74
二,04/01/2003,10.57
一,03/31/2003,10.32
五,03/28/2003,10.35
四,03/27/2003,10.88
三,03/26/2003,10.1
二,03/25/2003,10.0
一,03/24/2003,9.55
五,03/21/2003,9.8
四,03/20/2003,9.44
三,03/19/2003,9.34
二,03/18/2003,9.54
一,03/17/2003,9.35
五,03/14/2003,8.96
四,03/13/2003,9.05
三,03/12/2003,9.03
二,03/11/2003,9.55
一,03/10/2003,9.76
五,03/07/2003,9.7
四,03/06/2003,9.58
三,03/05/2003,9.29
二,03/04/2003,9.27
一,03/03/2003,9.3
五,02/28/2003,9.27
四,02/27/2003,9.45
三,02/26/2003,9.52
二,02/25/2003,9.68
一,02/24/2003,9.0
五,02/21/2003,9.2
四,02/20/2003,9.01
三,02/19/2003,8.99
二,02/18/2003,8.74
五,02/14/2003,8.4
四,02/13/2003,8.06
三,02/12/2003,8.34
二,02/11/2003,8.93
一,02/10/2003,8.7
五,02/07/2003,9.0
四,02/06/2003,9.05
三,02/05/2003,9.05
二,02/04/2003,9.05
一,02/03/2003,9.17
五,01/31/2003,9.18
四,01/30/2003,9.4
三,01/29/2003,9.73
二,01/28/2003,9.4
一,01/27/2003,9.35
五,01/24/2003,9.95
四,01/23/2003,10.0
三,01/22/2003,9.52
二,01/21/2003,10.24
五,01/17/2003,10.8
四,01/16/2003,11.01
三,01/15/2003,10.77
二,01/14/2003,10.25
一,01/13/2003,10.23
五,01/10/2003,11.1
四,01/09/2003,12.6
三,01/08/2003,12.2
二,01/07/2003,12.25
一,01/06/2003,11.43
五,01/03/2003,10.75
四,01/02/2003,10.5
二,12/31/2002,10.73
一,12/30/2002,10.47
五,12/27/2002,10.13
四,12/26/2002,10.03
二,12/24/2002,10.24
一,12/23/2002,10.4
五,12/20/2002,10.81
四,12/19/2002,10.76
三,12/18/2002,11.2
二,12/17/2002,11.5
一,12/16/2002,11.61
五,12/13/2002,11.42
四,12/12/2002,11.18
三,12/11/2002,11.5
二,12/10/2002,12.0
一,12/09/2002,
五,12/06/2002,
四,12/05/2002,
三,12/04/2002,
二,12/03/2002,
一,12/02/2002,
五,11/29/2002,
三,11/27/2002,
二,11/26/2002,
一,11/25/2002,
五,11/22/2002,
四,11/21/2002,
三,11/20/2002,
二,11/19/2002,
一,11/18/2002,
五,11/15/2002,
四,11/14/2002,
三,11/13/2002,
二,11/12/2002,
一,11/11/2002,
五,11/08/2002,
四,11/07/2002,
三,11/06/2002,
二,11/05/2002,
一,11/04/2002,
五,11/01/2002,
四,10/31/2002,
三,10/30/2002,
二,10/29/2002,
一,10/28/2002,
五,10/25/2002,
四,10/24/2002,
三,10/23/2002,
二,10/22/2002,
一,10/21/2002,
五,10/18/2002,
四,10/17/2002,
三,10/16/2002,
二,10/15/2002,
一,10/14/2002,
五,10/11/2002,
四,10/10/2002,
三,10/09/2002,
二,10/08/2002,
一,10/07/2002,
五,10/04/2002,
四,10/03/2002,
三,10/02/2002,
二,10/01/2002,
一,09/30/2002,
五,09/27/2002,
四,09/26/2002,
三,09/25/2002,
二,09/24/2002,
一,09/23/2002,
五,09/20/2002,
四,09/19/2002,
三,09/18/2002,
二,09/17/2002,
一,09/16/2002,
五,09/13/2002,
四,09/12/2002,
三,09/11/2002,
二,09/10/2002,
一,09/09/2002,
五,09/06/2002,
四,09/05/2002,
三,09/04/2002,
二,09/03/2002,
五,08/30/2002,
四,08/29/2002,
三,08/28/2002,
二,08/27/2002,
一,08/26/2002,
五,08/23/2002,
四,08/22/2002,
三,08/21/2002,
二,08/20/2002,
一,08/19/2002,
五,08/16/2002,
四,08/15/2002,
三,08/14/2002,
二,08/13/2002,
一,08/12/2002,
五,08/09/2002,
四,08/08/2002,
三,08/07/2002,
二,08/06/2002,
一,08/05/2002,
五,08/02/2002,
四,08/01/2002,
三,07/31/2002,
二,07/30/2002,
一,07/29/2002,
五,07/26/2002,
四,07/25/2002,
三,07/24/2002,
二,07/23/2002,
一,07/22/2002,
五,07/19/2002,
四,07/18/2002,
三,07/17/2002,
二,07/16/2002,
一,07/15/2002,
五,07/12/2002,
四,07/11/2002,
三,07/10/2002,
二,07/09/2002,
一,07/08/2002,
五,07/05/2002,
三,07/03/2002,
二,07/02/2002,
一,07/01/2002,
五,06/28/2002,
四,06/27/2002,
三,06/26/2002,
二,06/25/2002,
一,06/24/2002,
五,06/21/2002,
四,06/20/2002,
三,06/19/2002,
二,06/18/2002,
一,06/17/2002,
五,06/14/2002,
四,06/13/2002,
三,06/12/2002,
二,06/11/2002,
一,06/10/2002,
五,06/07/2002,
四,06/06/2002,
三,06/05/2002,
二,06/04/2002,
一,06/03/2002,
五,05/31/2002,
四,05/30/2002,
三,05/29/2002,
二,05/28/2002,
五,05/24/2002,
四,05/23/2002,
三,05/22/2002,
二,05/21/2002,
一,05/20/2002,
五,05/17/2002,
四,05/16/2002,
三,05/15/2002,
二,05/14/2002,
一,05/13/2002,
五,05/10/2002,
四,05/09/2002,
三,05/08/2002,
二,05/07/2002,
一,05/06/2002,
五,05/03/2002,
四,05/02/2002,
三,05/01/2002,
二,04/30/2002,
一,04/29/2002,
五,04/26/2002,
四,04/25/2002,
三,04/24/2002,
二,04/23/2002,
一,04/22/2002,
五,04/19/2002,
四,04/18/2002,
三,04/17/2002,
二,04/16/2002,
一,04/15/2002,
五,04/12/2002,
四,04/11/2002,
三,04/10/2002,
二,04/09/2002,
一,04/08/2002,
五,04/05/2002,
四,04/04/2002,
三,04/03/2002,
二,04/02/2002,
一,04/01/2002,
四,03/28/2002,
三,03/27/2002,
二,03/26/2002,
一,03/25/2002,
五,03/22/2002,
四,03/21/2002,
三,03/20/2002,
二,03/19/2002,
一,03/18/2002,
五,03/15/2002,
四,03/14/2002,
三,03/13/2002,
二,03/12/2002,
一,03/11/2002,
五,03/08/2002,
四,03/07/2002,
三,03/06/2002,
二,03/05/2002,
一,03/04/2002,
五,03/01/2002,
四,02/28/2002,
三,02/27/2002,
二,02/26/2002,
一,02/25/2002,
五,02/22/2002,
四,02/21/2002,
三,02/20/2002,
二,02/19/2002,
五,02/15/2002,
四,02/14/2002,
三,02/13/2002,
二,02/12/2002,
一,02/11/2002,
五,02/08/2002,
四,02/07/2002,
三,02/06/2002,
二,02/05/2002,
一,02/04/2002,
五,02/01/2002,
四,01/31/2002,
三,01/30/2002,
二,01/29/2002,
一,01/28/2002,
五,01/25/2002,
四,01/24/2002,
三,01/23/2002,
二,01/22/2002,
五,01/18/2002,
四,01/17/2002,
三,01/16/2002,
二,01/15/2002,
一,01/14/2002,
五,01/11/2002,
四,01/10/2002,
三,01/09/2002,
二,01/08/2002,
一,01/07/2002,
五,01/04/2002,
四,01/03/2002,
三,01/02/2002,
一,12/31/2001,
五,12/28/2001,
四,12/27/2001,
三,12/26/2001,
一,12/24/2001,
五,12/21/2001,
四,12/20/2001,
三,12/19/2001,
二,12/18/2001,
一,12/17/2001,
五,12/14/2001,
四,12/13/2001,
三,12/12/2001,
二,12/11/2001,
一,12/10/2001,
五,12/07/2001,
四,12/06/2001,
三,12/05/2001,
二,12/04/2001,
一,12/03/2001,
五,11/30/2001,
四,11/29/2001,
三,11/28/2001,
二,11/27/2001,
一,11/26/2001,
五,11/23/2001,
三,11/21/2001,
二,11/20/2001,
一,11/19/2001,
五,11/16/2001,
四,11/15/2001,
三,11/14/2001,
二,11/13/2001,
一,11/12/2001,
五,11/09/2001,
四,11/08/2001,
三,11/07/2001,
二,11/06/2001,
一,11/05/2001,
五,11/02/2001,
四,11/01/2001,
三,10/31/2001,
二,10/30/2001,
一,10/29/2001,
五,10/26/2001,
四,10/25/2001,
三,10/24/2001,
二,10/23/2001,
一,10/22/2001,
五,10/19/2001,
四,10/18/2001,
三,10/17/2001,
二,10/16/2001,
一,10/15/2001,
五,10/12/2001,
四,10/11/2001,
三,10/10/2001,
二,10/09/2001,
一,10/08/2001,
五,10/05/2001,
四,10/04/2001,
三,10/03/2001,
二,10/02/2001,
一,10/01/2001,
五,09/28/2001,
四,09/27/2001,
三,09/26/2001,
二,09/25/2001,
一,09/24/2001,
五,09/21/2001,
四,09/20/2001,
三,09/19/2001,
二,09/18/2001,
一,09/17/2001,
二,09/11/2001,
一,09/10/2001,
五,09/07/2001,
四,09/06/2001,
三,09/05/2001,
二,09/04/2001,
五,08/31/2001,
四,08/30/2001,
三,08/29/2001,
二,08/28/2001,
一,08/27/2001,
五,08/24/2001,
四,08/23/2001,
三,08/22/2001,
二,08/21/2001,
一,08/20/2001,
五,08/17/2001,
四,08/16/2001,
三,08/15/2001,
二,08/14/2001,
一,08/13/2001,
五,08/10/2001,
四,08/09/2001,
三,08/08/2001,
二,08/07/2001,
一,08/06/2001,
五,08/03/2001,
四,08/02/2001,
三,08/01/2001,
二,07/31/2001,
一,07/30/2001,
五,07/27/2001,
四,07/26/2001,
三,07/25/2001,
二,07/24/2001,
一,07/23/2001,
五,07/20/2001,
四,07/19/2001,
三,07/18/2001,
二,07/17/2001,
一,07/16/2001,
五,07/13/2001,
四,07/12/2001,
三,07/11/2001,
二,07/10/2001,
一,07/09/2001,
五,07/06/2001,
四,07/05/2001,
二,07/03/2001,
一,07/02/2001,
五,06/29/2001,
四,06/28/2001,
三,06/27/2001,
二,06/26/2001,
一,06/25/2001,
五,06/22/2001,
四,06/21/2001,
三,06/20/2001,
二,06/19/2001,
一,06/18/2001,
五,06/15/2001,
四,06/14/2001,
三,06/13/2001,
二,06/12/2001,
一,06/11/2001,
五,06/08/2001,
四,06/07/2001,
三,06/06/2001,
二,06/05/2001,
一,06/04/2001,
五,06/01/2001,
四,05/31/2001,
三,05/30/2001,
二,05/29/2001,
五,05/25/2001,
四,05/24/2001,
三,05/23/2001,
二,05/22/2001,
一,05/21/2001,
五,05/18/2001,
四,05/17/2001,
三,05/16/2001,
二,05/15/2001,
一,05/14/2001,
五,05/11/2001,
四,05/10/2001,
三,05/09/2001,
二,05/08/2001,
一,05/07/2001,
五,05/04/2001,
四,05/03/2001,
三,05/02/2001,
二,05/01/2001,
一,04/30/2001,
五,04/27/2001,
四,04/26/2001,
三,04/25/2001,
二,04/24/2001,
一,04/23/2001,
五,04/20/2001,
四,04/19/2001,
三,04/18/2001,
二,04/17/2001,
一,04/16/2001,
四,04/12/2001,
三,04/11/2001,
二,04/10/2001,
一,04/09/2001,
五,04/06/2001,
四,04/05/2001,
三,04/04/2001,
二,04/03/2001,
一,04/02/2001,
五,03/30/2001,
四,03/29/2001,
三,03/28/2001,
二,03/27/2001,
一,03/26/2001,
五,03/23/2001,
四,03/22/2001,
三,03/21/2001,
二,03/20/2001,
一,03/19/2001,
五,03/16/2001,
四,03/15/2001,
三,03/14/2001,
二,03/13/2001,
一,03/12/2001,
五,03/09/2001,
四,03/08/2001,
三,03/07/2001,
二,03/06/2001,
一,03/05/2001,
五,03/02/2001,
四,03/01/2001,
三,02/28/2001,
二,02/27/2001,
一,02/26/2001,
五,02/23/2001,
四,02/22/2001,
三,02/21/2001,
二,02/20/2001,
五,02/16/2001,
四,02/15/2001,
三,02/14/2001,
二,02/13/2001,
一,02/12/2001,
五,02/09/2001,
四,02/08/2001,
三,02/07/2001,
二,02/06/2001,
一,02/05/2001,
五,02/02/2001,
四,02/01/2001,
三,01/31/2001,
二,01/30/2001,
一,01/29/2001,
五,01/26/2001,
四,01/25/2001,
三,01/24/2001,
二,01/23/2001,
一,01/22/2001,
五,01/19/2001,
四,01/18/2001,
三,01/17/2001,
二,01/16/2001,
五,01/12/2001,
四,01/11/2001,
三,01/10/2001,
二,01/09/2001,
一,01/08/2001,
五,01/05/2001,
四,01/04/2001,
三,01/03/2001,
二,01/02/2001,
五,12/29/2000,
四,12/28/2000,
三,12/27/2000,
二,12/26/2000,
五,12/22/2000,
四,12/21/2000,
三,12/20/2000,
二,12/19/2000,
一,12/18/2000,
五,12/15/2000,
四,12/14/2000,
三,12/13/2000,
二,12/12/2000,
一,12/11/2000,
五,12/08/2000,
四,12/07/2000,
三,12/06/2000,
二,12/05/2000,
一,12/04/2000,
五,12/01/2000,
四,11/30/2000,
三,11/29/2000,
二,11/28/2000,
一,11/27/2000,
五,11/24/2000,
三,11/22/2000,
二,11/21/2000,
一,11/20/2000,
五,11/17/2000,
四,11/16/2000,
三,11/15/2000,
二,11/14/2000,
一,11/13/2000,
五,11/10/2000,
四,11/09/2000,
三,11/08/2000,
二,11/07/2000,
一,11/06/2000,
五,11/03/2000,
四,11/02/2000,
三,11/01/2000,
二,10/31/2000,
一,10/30/2000,
五,10/27/2000,
四,10/26/2000,
三,10/25/2000,
二,10/24/2000,
一,10/23/2000,
五,10/20/2000,
四,10/19/2000,
三,10/18/2000,
二,10/17/2000,
一,10/16/2000,
五,10/13/2000,
四,10/12/2000,
三,10/11/2000,
二,10/10/2000,
一,10/09/2000,
五,10/06/2000,
四,10/05/2000,
三,10/04/2000,
二,10/03/2000,
一,10/02/2000,
五,09/29/2000,
四,09/28/2000,
三,09/27/2000,
二,09/26/2000,
一,09/25/2000,
五,09/22/2000,
四,09/21/2000,
三,09/20/2000,
二,09/19/2000,
一,09/18/2000,
五,09/15/2000,
四,09/14/2000,
三,09/13/2000,
二,09/12/2000,
一,09/11/2000,
五,09/08/2000,
四,09/07/2000,
三,09/06/2000,
二,09/05/2000,
五,09/01/2000,
四,08/31/2000,
三,08/30/2000,
二,08/29/2000,
一,08/28/2000,
五,08/25/2000,
四,08/24/2000,
三,08/23/2000,
二,08/22/2000,
一,08/21/2000,
五,08/18/2000,
四,08/17/2000,
三,08/16/2000,
二,08/15/2000,
一,08/14/2000,
五,08/11/2000,
四,08/10/2000,
三,08/09/2000,
二,08/08/2000,
一,08/07/2000,
五,08/04/2000,
四,08/03/2000,
三,08/02/2000,
二,08/01/2000,
一,07/31/2000,
五,07/28/2000,
四,07/27/2000,
三,07/26/2000,
二,07/25/2000,
一,07/24/2000,
五,07/21/2000,
四,07/20/2000,
三,07/19/2000,
二,07/18/2000,
一,07/17/2000,
五,07/14/2000,
四,07/13/2000,
三,07/12/2000,
二,07/11/2000,
一,07/10/2000,
五,07/07/2000,
四,07/06/2000,
三,07/05/2000,
一,07/03/2000,
五,06/30/2000,
四,06/29/2000,
三,06/28/2000,
二,06/27/2000,
一,06/26/2000,
五,06/23/2000,
四,06/22/2000,
三,06/21/2000,
二,06/20/2000,
一,06/19/2000,
五,06/16/2000,
四,06/15/2000,
三,06/14/2000,
二,06/13/2000,
一,06/12/2000,
五,06/09/2000,
四,06/08/2000,
三,06/07/2000,
二,06/06/2000,
一,06/05/2000,
五,06/02/2000,
四,06/01/2000,
三,05/31/2000,
二,05/30/2000,
五,05/26/2000,
四,05/25/2000,
三,05/24/2000,
二,05/23/2000,
一,05/22/2000,
五,05/19/2000,
四,05/18/2000,
三,05/17/2000,
二,05/16/2000,
一,05/15/2000,
五,05/12/2000,
四,05/11/2000,
三,05/10/2000,
二,05/09/2000,
一,05/08/2000,
五,05/05/2000,
四,05/04/2000,
三,05/03/2000,
二,05/02/2000,
一,05/01/2000,
五,04/28/2000,
四,04/27/2000,
三,04/26/2000,
二,04/25/2000,
一,04/24/2000,
四,04/20/2000,
三,04/19/2000,
二,04/18/2000,
一,04/17/2000,
五,04/14/2000,
四,04/13/2000,
三,04/12/2000,
二,04/11/2000,
一,04/10/2000,
五,04/07/2000,
四,04/06/2000,
三,04/05/2000,
二,04/04/2000,
一,04/03/2000,
五,03/31/2000,
四,03/30/2000,
三,03/29/2000,
二,03/28/2000,
一,03/27/2000,
五,03/24/2000,
四,03/23/2000,
三,03/22/2000,
二,03/21/2000,
一,03/20/2000,
五,03/17/2000,
四,03/16/2000,
三,03/15/2000,
二,03/14/2000,
一,03/13/2000,
五,03/10/2000,
四,03/09/2000,
三,03/08/2000,
二,03/07/2000,
一,03/06/2000,
五,03/03/2000,
四,03/02/2000,
三,03/01/2000,
二,02/29/2000,
一,02/28/2000,
五,02/25/2000,
四,02/24/2000,
三,02/23/2000,
二,02/22/2000,
五,02/18/2000,
四,02/17/2000,
三,02/16/2000,
二,02/15/2000,
一,02/14/2000,
五,02/11/2000,
四,02/10/2000,
三,02/09/2000,
二,02/08/2000,
一,02/07/2000,
五,02/04/2000,
四,02/03/2000,
三,02/02/2000,
二,02/01/2000,
一,01/31/2000,
五,01/28/2000,
四,01/27/2000,
三,01/26/2000,
二,01/25/2000,
一,01/24/2000,
五,01/21/2000,
四,01/20/2000,
三,01/19/2000,
二,01/18/2000,
五,01/14/2000,
四,01/13/2000,
三,01/12/2000,
二,01/11/2000,
一,01/10/2000,
五,01/07/2000,
四,01/06/2000,
三,01/05/2000,
二,01/04/2000,
一,01/03/2000,
五,12/31/1999,
四,12/30/1999,
三,12/29/1999,
二,12/28/1999,
一,12/27/1999,
四,12/23/1999,
三,12/22/1999,
二,12/21/1999,
一,12/20/1999,
五,12/17/1999,
四,12/16/1999,
三,12/15/1999,
二,12/14/1999,
一,12/13/1999,
五,12/10/1999,
四,12/09/1999,
三,12/08/1999,
二,12/07/1999,
一,12/06/1999,
五,12/03/1999,
四,12/02/1999,
三,12/01/1999,
二,11/30/1999,
一,11/29/1999,
五,11/26/1999,
三,11/24/1999,
二,11/23/1999,
一,11/22/1999,
五,11/19/1999,
四,11/18/1999,
三,11/17/1999,
二,11/16/1999,
一,11/15/1999,
五,11/12/1999,
四,11/11/1999,
三,11/10/1999,
二,11/09/1999,
一,11/08/1999,
五,11/05/1999,
四,11/04/1999,
三,11/03/1999,
二,11/02/1999,
一,11/01/1999,
五,10/29/1999,
四,10/28/1999,
三,10/27/1999,
二,10/26/1999,
一,10/25/1999,
五,10/22/1999,
四,10/21/1999,
三,10/20/1999,
二,10/19/1999,
一,10/18/1999,
五,10/15/1999,
四,10/14/1999,
三,10/13/1999,
二,10/12/1999,
一,10/11/1999,
五,10/08/1999,
四,10/07/1999,
三,10/06/1999,
二,10/05/1999,
一,10/04/1999,
五,10/01/1999,
四,09/30/1999,
三,09/29/1999,
二,09/28/1999,
一,09/27/1999,
五,09/24/1999,
四,09/23/1999,
三,09/22/1999,
二,09/21/1999,
一,09/20/1999,
五,09/17/1999,
四,09/16/1999,
三,09/15/1999,
二,09/14/1999,
一,09/13/1999,
五,09/10/1999,
四,09/09/1999,
三,09/08/1999,
二,09/07/1999,
五,09/03/1999,
四,09/02/1999,
三,09/01/1999,
二,08/31/1999,
一,08/30/1999,
五,08/27/1999,
四,08/26/1999,
三,08/25/1999,
二,08/24/1999,
一,08/23/1999,
五,08/20/1999,
四,08/19/1999,
三,08/18/1999,
二,08/17/1999,
一,08/16/1999,
五,08/13/1999,
四,08/12/1999,
三,08/11/1999,
二,08/10/1999,
一,08/09/1999,
五,08/06/1999,
四,08/05/1999,
三,08/04/1999,
二,08/03/1999,
一,08/02/1999,
五,07/30/1999,
四,07/29/1999,
三,07/28/1999,
二,07/27/1999,
一,07/26/1999,
五,07/23/1999,
四,07/22/1999,
三,07/21/1999,
二,07/20/1999,
一,07/19/1999,
五,07/16/1999,
四,07/15/1999,
三,07/14/1999,
二,07/13/1999,
一,07/12/1999,
五,07/09/1999,
四,07/08/1999,
三,07/07/1999,
二,07/06/1999,
五,07/02/1999,
四,07/01/1999,
三,06/30/1999,
二,06/29/1999,
一,06/28/1999,
五,06/25/1999,
四,06/24/1999,
三,06/23/1999,
二,06/22/1999,
一,06/21/1999,
五,06/18/1999,
四,06/17/1999,
三,06/16/1999,
二,06/15/1999,
一,06/14/1999,
五,06/11/1999,
四,06/10/1999,
三,06/09/1999,
二,06/08/1999,
一,06/07/1999,
五,06/04/1999,
四,06/03/1999,
三,06/02/1999,
二,06/01/1999,
五,05/28/1999,
四,05/27/1999,
三,05/26/1999,
二,05/25/1999,
一,05/24/1999,
五,05/21/1999,
四,05/20/1999,
三,05/19/1999,
二,05/18/1999,
一,05/17/1999,
五,05/14/1999,
四,05/13/1999,
三,05/12/1999,
二,05/11/1999,
一,05/10/1999,
五,05/07/1999,
四,05/06/1999,
三,05/05/1999,
二,05/04/1999,
一,05/03/1999,
五,04/30/1999,
四,04/29/1999,
三,04/28/1999,
二,04/27/1999,
一,04/26/1999,
五,04/23/1999,
四,04/22/1999,
三,04/21/1999,
二,04/20/1999,
一,04/19/1999,
五,04/16/1999,
四,04/15/1999,
三,04/14/1999,
二,04/13/1999,
一,04/12/1999,
五,04/09/1999,
四,04/08/1999,
三,04/07/1999,
二,04/06/1999,
一,04/05/1999,
四,04/01/1999,
三,03/31/1999,
二,03/30/1999,
一,03/29/1999,
五,03/26/1999,
四,03/25/1999,
三,03/24/1999,
二,03/23/1999,
一,03/22/1999,
五,03/19/1999,
四,03/18/1999,
三,03/17/1999,
二,03/16/1999,
一,03/15/1999,
五,03/12/1999,
四,03/11/1999,
三,03/10/1999,
二,03/09/1999,
一,03/08/1999,
五,03/05/1999,
四,03/04/1999,
三,03/03/1999,
二,03/02/1999,
一,03/01/1999,
五,02/26/1999,
四,02/25/1999,
三,02/24/1999,
二,02/23/1999,
一,02/22/1999,
五,02/19/1999,
四,02/18/1999,
三,02/17/1999,
二,02/16/1999,
五,02/12/1999,
四,02/11/1999,
三,02/10/1999,
二,02/09/1999,
一,02/08/1999,
五,02/05/1999,
四,02/04/1999,
三,02/03/1999,
二,02/02/1999,
一,02/01/1999,
五,01/29/1999,
四,01/28/1999,
三,01/27/1999,
二,01/26/1999,
一,01/25/1999,
五,01/22/1999,
四,01/21/1999,
三,01/20/1999,
二,01/19/1999,
五,01/15/1999,
四,01/14/1999,
三,01/13/1999,
二,01/12/1999,
一,01/11/1999,
五,01/08/1999,
四,01/07/1999,
三,01/06/1999,
二,01/05/1999,
一,01/04/1999,
四,12/31/1998,
三,12/30/1998,
二,12/29/1998,
一,12/28/1998,
四,12/24/1998,
三,12/23/1998,
二,12/22/1998,
一,12/21/1998,
五,12/18/1998,
四,12/17/1998,
三,12/16/1998,
二,12/15/1998,
一,12/14/1998,
五,12/11/1998,
四,12/10/1998,
三,12/09/1998,
二,12/08/1998,
一,12/07/1998,
五,12/04/1998,
四,12/03/1998,
三,12/02/1998,
二,12/01/1998,
一,11/30/1998,
五,11/27/1998,
三,11/25/1998,
二,11/24/1998,
一,11/23/1998,
五,11/20/1998,
四,11/19/1998,
三,11/18/1998,
二,11/17/1998,
一,11/16/1998,
五,11/13/1998,
四,11/12/1998,
三,11/11/1998,
二,11/10/1998,
一,11/09/1998,
五,11/06/1998,
四,11/05/1998,
三,11/04/1998,
二,11/03/1998,
一,11/02/1998,
五,10/30/1998,
四,10/29/1998,
三,10/28/1998,
二,10/27/1998,
一,10/26/1998,
五,10/23/1998,
四,10/22/1998,
三,10/21/1998,
二,10/20/1998,
一,10/19/1998,
五,10/16/1998,
四,10/15/1998,
三,10/14/1998,
二,10/13/1998,
一,10/12/1998,
五,10/09/1998,
四,10/08/1998,
三,10/07/1998,
二,10/06/1998,
一,10/05/1998,
五,10/02/1998,
四,10/01/1998,
三,09/30/1998,
二,09/29/1998,
一,09/28/1998,
五,09/25/1998,
四,09/24/1998,
三,09/23/1998,
二,09/22/1998,
一,09/21/1998,
五,09/18/1998,
四,09/17/1998,
三,09/16/1998,
二,09/15/1998,
一,09/14/1998,
五,09/11/1998,
四,09/10/1998,
三,09/09/1998,
二,09/08/1998,
五,09/04/1998,
四,09/03/1998,
三,09/02/1998,
二,09/01/1998,
一,08/31/1998,
五,08/28/1998,
四,08/27/1998,
三,08/26/1998,
二,08/25/1998,
一,08/24/1998,
五,08/21/1998,
四,08/20/1998,
三,08/19/1998,
二,08/18/1998,
一,08/17/1998,
五,08/14/1998,
四,08/13/1998,
三,08/12/1998,
二,08/11/1998,
一,08/10/1998,
五,08/07/1998,
四,08/06/1998,
三,08/05/1998,
二,08/04/1998,
一,08/03/1998,
五,07/31/1998,
四,07/30/1998,
三,07/29/1998,
二,07/28/1998,
一,07/27/1998,
五,07/24/1998,
四,07/23/1998,
三,07/22/1998,
二,07/21/1998,
一,07/20/1998,
五,07/17/1998,
四,07/16/1998,
三,07/15/1998,
二,07/14/1998,
一,07/13/1998,
五,07/10/1998,
四,07/09/1998,
三,07/08/1998,
二,07/07/1998,
一,07/06/1998,
四,07/02/1998,
三,07/01/1998,
二,06/30/1998,
一,06/29/1998,
五,06/26/1998,
四,06/25/1998,
三,06/24/1998,
二,06/23/1998,
一,06/22/1998,
五,06/19/1998,
四,06/18/1998,
三,06/17/1998,
二,06/16/1998,
一,06/15/1998,
五,06/12/1998,
四,06/11/1998,
三,06/10/1998,
二,06/09/1998,
一,06/08/1998,
五,06/05/1998,
四,06/04/1998,
三,06/03/1998,
二,06/02/1998,
一,06/01/1998,
五,05/29/1998,
四,05/28/1998,
三,05/27/1998,
二,05/26/1998,
五,05/22/1998,
四,05/21/1998,
三,05/20/1998,
二,05/19/1998,
一,05/18/1998,
五,05/15/1998,
四,05/14/1998,
三,05/13/1998,
二,05/12/1998,
一,05/11/1998,
五,05/08/1998,
四,05/07/1998,
三,05/06/1998,
二,05/05/1998,
一,05/04/1998,
五,05/01/1998,
四,04/30/1998,
三,04/29/1998,
二,04/28/1998,
一,04/27/1998,
五,04/24/1998,
四,04/23/1998,
三,04/22/1998,
二,04/21/1998,
一,04/20/1998,
五,04/17/1998,
四,04/16/1998,
三,04/15/1998,
二,04/14/1998,
一,04/13/1998,
四,04/09/1998,
三,04/08/1998,
二,04/07/1998,
一,04/06/1998,
五,04/03/1998,
四,04/02/1998,
三,04/01/1998,
二,03/31/1998,
一,03/30/1998,
五,03/27/1998,
四,03/26/1998,
三,03/25/1998,
二,03/24/1998,
一,03/23/1998,
五,03/20/1998,
四,03/19/1998,
三,03/18/1998,
二,03/17/1998,
一,03/16/1998,
五,03/13/1998,
四,03/12/1998,
三,03/11/1998,
二,03/10/1998,
一,03/09/1998,
五,03/06/1998,
四,03/05/1998,
三,03/04/1998,
二,03/03/1998,
一,03/02/1998,
五,02/27/1998,
四,02/26/1998,
三,02/25/1998,
二,02/24/1998,
一,02/23/1998,
五,02/20/1998,
四,02/19/1998,
三,02/18/1998,
二,02/17/1998,
五,02/13/1998,
四,02/12/1998,
三,02/11/1998,
二,02/10/1998,
一,02/09/1998,
五,02/06/1998,
四,02/05/1998,
三,02/04/1998,
二,02/03/1998,
一,02/02/1998,
五,01/30/1998,
四,01/29/1998,
三,01/28/1998,
二,01/27/1998,
一,01/26/1998,
五,01/23/1998,
四,01/22/1998,
三,01/21/1998,
二,01/20/1998,
五,01/16/1998,
四,01/15/1998,
三,01/14/1998,
二,01/13/1998,
一,01/12/1998,
五,01/09/1998,
四,01/08/1998,
三,01/07/1998,
二,01/06/1998,
一,01/05/1998,
五,01/02/1998,
三,12/31/1997,
二,12/30/1997,
一,12/29/1997,
五,12/26/1997,
三,12/24/1997,
二,12/23/1997,
一,12/22/1997,
五,12/19/1997,
四,12/18/1997,
三,12/17/1997,
二,12/16/1997,
一,12/15/1997,
五,12/12/1997,
四,12/11/1997,
三,12/10/1997,
二,12/09/1997,
一,12/08/1997,
五,12/05/1997,
四,12/04/1997,
三,12/03/1997,
二,12/02/1997,
一,12/01/1997,
五,11/28/1997,
三,11/26/1997,
二,11/25/1997,
一,11/24/1997,
五,11/21/1997,
四,11/20/1997,
三,11/19/1997,
二,11/18/1997,
一,11/17/1997,
五,11/14/1997,
四,11/13/1997,
三,11/12/1997,
二,11/11/1997,
一,11/10/1997,
五,11/07/1997,
四,11/06/1997,
三,11/05/1997,
二,11/04/1997,
一,11/03/1997,
五,10/31/1997,
四,10/30/1997,
三,10/29/1997,
二,10/28/1997,
一,10/27/1997,
五,10/24/1997,
四,10/23/1997,
三,10/22/1997,
二,10/21/1997,
一,10/20/1997,
五,10/17/1997,
四,10/16/1997,
三,10/15/1997,
二,10/14/1997,
一,10/13/1997,
五,10/10/1997,
四,10/09/1997,
三,10/08/1997,
二,10/07/1997,
一,10/06/1997,
五,10/03/1997,
四,10/02/1997,
三,10/01/1997,
二,09/30/1997,
一,09/29/1997,
五,09/26/1997,
四,09/25/1997,
三,09/24/1997,
二,09/23/1997,
一,09/22/1997,
五,09/19/1997,
四,09/18/1997,
三,09/17/1997,
二,09/16/1997,
一,09/15/1997,
五,09/12/1997,
四,09/11/1997,
三,09/10/1997,
二,09/09/1997,
一,09/08/1997,
五,09/05/1997,
四,09/04/1997,
三,09/03/1997,
二,09/02/1997,
五,08/29/1997,
四,08/28/1997,
三,08/27/1997,
二,08/26/1997,
一,08/25/1997,
五,08/22/1997,
四,08/21/1997,
三,08/20/1997,
二,08/19/1997,
一,08/18/1997,
五,08/15/1997,
四,08/14/1997,
三,08/13/1997,
二,08/12/1997,
一,08/11/1997,
五,08/08/1997,
四,08/07/1997,
三,08/06/1997,
二,08/05/1997,
一,08/04/1997,
五,08/01/1997,
四,07/31/1997,
三,07/30/1997,
二,07/29/1997,
一,07/28/1997,
五,07/25/1997,
四,07/24/1997,
三,07/23/1997,
二,07/22/1997,
一,07/21/1997,
五,07/18/1997,
四,07/17/1997,
三,07/16/1997,
二,07/15/1997,
一,07/14/1997,
五,07/11/1997,
四,07/10/1997,
三,07/09/1997,
二,07/08/1997,
一,07/07/1997,
四,07/03/1997,
三,07/02/1997,
二,07/01/1997,
一,06/30/1997,
五,06/27/1997,
四,06/26/1997,
三,06/25/1997,
二,06/24/1997,
一,06/23/1997,
五,06/20/1997,
四,06/19/1997,
三,06/18/1997,
二,06/17/1997,
一,06/16/1997,
五,06/13/1997,
四,06/12/1997,
三,06/11/1997,
二,06/10/1997,
一,06/09/1997,
五,06/06/1997,
四,06/05/1997,
三,06/04/1997,
二,06/03/1997,
一,06/02/1997,
五,05/30/1997,
四,05/29/1997,
三,05/28/1997,
二,05/27/1997,
五,05/23/1997,
四,05/22/1997,
三,05/21/1997,
二,05/20/1997,
一,05/19/1997,
五,05/16/1997,
四,05/15/1997,
三,05/14/1997,
二,05/13/1997,
一,05/12/1997,
五,05/09/1997,
四,05/08/1997,
三,05/07/1997,
二,05/06/1997,
一,05/05/1997,
五,05/02/1997,
四,05/01/1997,
三,04/30/1997,
二,04/29/1997,
一,04/28/1997,
五,04/25/1997,
四,04/24/1997,
三,04/23/1997,
二,04/22/1997,
一,04/21/1997,
五,04/18/1997,
四,04/17/1997,
三,04/16/1997,
二,04/15/1997,
一,04/14/1997,
五,04/11/1997,
四,04/10/1997,
三,04/09/1997,
二,04/08/1997,
一,04/07/1997,
五,04/04/1997,
四,04/03/1997,
三,04/02/1997,
二,04/01/1997,
一,03/31/1997,
四,03/27/1997,
三,03/26/1997,
二,03/25/1997,
一,03/24/1997,
五,03/21/1997,
四,03/20/1997,
三,03/19/1997,
二,03/18/1997,
一,03/17/1997,
五,03/14/1997,
四,03/13/1997,
三,03/12/1997,
二,03/11/1997,
一,03/10/1997,
五,03/07/1997,
四,03/06/1997,
三,03/05/1997,
二,03/04/1997,
一,03/03/1997,
五,02/28/1997,
四,02/27/1997,
三,02/26/1997,
二,02/25/1997,
一,02/24/1997,
五,02/21/1997,
四,02/20/1997,
三,02/19/1997,
二,02/18/1997,
五,02/14/1997,
四,02/13/1997,
三,02/12/1997,
二,02/11/1997,
一,02/10/1997,
五,02/07/1997,
四,02/06/1997,
三,02/05/1997,
二,02/04/1997,
一,02/03/1997,
五,01/31/1997,
四,01/30/1997,
三,01/29/1997,
二,01/28/1997,
一,01/27/1997,
五,01/24/1997,
四,01/23/1997,
三,01/22/1997,
二,01/21/1997,
一,01/20/1997,
五,01/17/1997,
四,01/16/1997,
三,01/15/1997,
二,01/14/1997,
一,01/13/1997,
五,01/10/1997,
四,01/09/1997,
三,01/08/1997,
二,01/07/1997,
一,01/06/1997,
五,01/03/1997,
四,01/02/1997,
二,12/31/1996,
一,12/30/1996,
五,12/27/1996,
四,12/26/1996,
二,12/24/1996,
一,12/23/1996,
五,12/20/1996,
四,12/19/1996,
三,12/18/1996,
二,12/17/1996,
一,12/16/1996,
五,12/13/1996,
四,12/12/1996,
三,12/11/1996,
二,12/10/1996,
一,12/09/1996,
五,12/06/1996,
四,12/05/1996,
三,12/04/1996,
二,12/03/1996,
一,12/02/1996,
五,11/29/1996,
三,11/27/1996,
二,11/26/1996,
一,11/25/1996,
五,11/22/1996,
四,11/21/1996,
三,11/20/1996,
二,11/19/1996,
一,11/18/1996,
五,11/15/1996,
四,11/14/1996,
三,11/13/1996,
二,11/12/1996,
一,11/11/1996,
五,11/08/1996,
四,11/07/1996,
三,11/06/1996,
二,11/05/1996,
一,11/04/1996,
五,11/01/1996,
四,10/31/1996,
三,10/30/1996,
二,10/29/1996,
一,10/28/1996,
五,10/25/1996,
四,10/24/1996,
三,10/23/1996,
二,10/22/1996,
一,10/21/1996,
五,10/18/1996,
四,10/17/1996,
三,10/16/1996,
二,10/15/1996,
一,10/14/1996,
五,10/11/1996,
四,10/10/1996,
三,10/09/1996,
二,10/08/1996,
一,10/07/1996,
五,10/04/1996,
四,10/03/1996,
三,10/02/1996,
二,10/01/1996,
一,09/30/1996,
五,09/27/1996,
四,09/26/1996,
三,09/25/1996,
二,09/24/1996,
一,09/23/1996,
五,09/20/1996,
四,09/19/1996,
三,09/18/1996,
二,09/17/1996,
一,09/16/1996,
五,09/13/1996,
四,09/12/1996,
三,09/11/1996,
二,09/10/1996,
一,09/09/1996,
五,09/06/1996,
四,09/05/1996,
三,09/04/1996,
二,09/03/1996,
五,08/30/1996,
四,08/29/1996,
三,08/28/1996,
二,08/27/1996,
一,08/26/1996,
五,08/23/1996,
四,08/22/1996,
三,08/21/1996,
二,08/20/1996,
一,08/19/1996,
五,08/16/1996,
四,08/15/1996,
三,08/14/1996,
二,08/13/1996,
一,08/12/1996,
五,08/09/1996,
四,08/08/1996,
三,08/07/1996,
二,08/06/1996,
一,08/05/1996,
五,08/02/1996,
四,08/01/1996,
三,07/31/1996,
二,07/30/1996,
一,07/29/1996,
五,07/26/1996,
四,07/25/1996,
三,07/24/1996,
二,07/23/1996,
一,07/22/1996,
五,07/19/1996,
四,07/18/1996,
三,07/17/1996,
二,07/16/1996,
一,07/15/1996,
五,07/12/1996,
四,07/11/1996,
三,07/10/1996,
二,07/09/1996,
一,07/08/1996,
五,07/05/1996,
三,07/03/1996,
二,07/02/1996,
一,07/01/1996,
五,06/28/1996,
四,06/27/1996,
三,06/26/1996,
二,06/25/1996,
一,06/24/1996,
五,06/21/1996,
四,06/20/1996,
三,06/19/1996,
二,06/18/1996,
一,06/17/1996,
五,06/14/1996,
四,06/13/1996,
三,06/12/1996,
二,06/11/1996,
一,06/10/1996,
五,06/07/1996,
四,06/06/1996,
三,06/05/1996,
二,06/04/1996,
一,06/03/1996,
五,05/31/1996,
四,05/30/1996,
三,05/29/1996,
二,05/28/1996,
五,05/24/1996,
四,05/23/1996,
三,05/22/1996,
二,05/21/1996,
一,05/20/1996,
五,05/17/1996,
四,05/16/1996,
三,05/15/1996,
二,05/14/1996,
一,05/13/1996,
五,05/10/1996,
四,05/09/1996,
三,05/08/1996,
二,05/07/1996,
一,05/06/1996,
五,05/03/1996,
四,05/02/1996,
三,05/01/1996,
二,04/30/1996,
一,04/29/1996,
