四,04/26/2018,127.08
三,04/25/2018,121.21
二,04/24/2018,121.27
一,04/23/2018,124.46
五,04/20/2018,124.2
四,04/19/2018,123.96
三,04/18/2018,124.48
二,04/17/2018,123.8
一,04/16/2018,121.88
五,04/13/2018,120.75
四,04/12/2018,121.07
三,04/11/2018,119.78
二,04/10/2018,120.72
一,04/09/2018,118.79
五,04/06/2018,117.7
四,04/05/2018,121.19
三,04/04/2018,119.81
二,04/03/2018,119.2
一,04/02/2018,118.39
四,03/29/2018,119.62
三,03/28/2018,116.99
二,03/27/2018,117.4
一,03/26/2018,120.64
五,03/23/2018,117.0
四,03/22/2018,119.99
三,03/21/2018,123.22
二,03/20/2018,124.91
一,03/19/2018,123.21
五,03/16/2018,124.53
四,03/15/2018,123.41
三,03/14/2018,122.58
二,03/13/2018,123.2
一,03/12/2018,124.24
五,03/09/2018,124.51
四,03/08/2018,122.22
三,03/07/2018,121.85
二,03/06/2018,121.06
一,03/05/2018,121.88
五,03/02/2018,120.77
四,03/01/2018,120.4
三,02/28/2018,122.94
二,02/27/2018,123.37
一,02/26/2018,124.59
五,02/23/2018,122.93
四,02/22/2018,120.38
三,02/21/2018,120.43
二,02/20/2018,122.01
五,02/16/2018,121.85
四,02/15/2018,122.28
三,02/14/2018,120.83
二,02/13/2018,118.35
一,02/12/2018,118.47
五,02/09/2018,116.32
四,02/08/2018,113.86
三,02/07/2018,119.65
二,02/06/2018,119.97
一,02/05/2018,116.27
五,02/02/2018,120.91
四,02/01/2018,125.72
三,01/31/2018,124.23
二,01/30/2018,123.55
一,01/29/2018,124.84
五,01/26/2018,126.32
四,01/25/2018,125.22
三,01/24/2018,124.55
二,01/23/2018,124.65
一,01/22/2018,124.33
五,01/19/2018,122.7
四,01/18/2018,123.11
三,01/17/2018,121.98
二,01/16/2018,120.39
五,01/12/2018,120.09
四,01/11/2018,119.84
三,01/10/2018,118.98
二,01/09/2018,119.11
一,01/08/2018,119.34
五,01/05/2018,118.86
四,01/04/2018,116.08
三,01/03/2018,115.65
二,01/02/2018,114.51
五,12/29/2017,114.02
四,12/28/2017,114.35
三,12/27/2017,114.02
二,12/26/2017,112.99
五,12/22/2017,112.69
四,12/21/2017,112.41
三,12/20/2017,112.12
二,12/19/2017,112.14
一,12/18/2017,113.55
五,12/15/2017,113.82
四,12/14/2017,112.92
三,12/13/2017,113.31
二,12/12/2017,113.46
一,12/11/2017,112.37
五,12/08/2017,112.6
四,12/07/2017,111.4
三,12/06/2017,109.74
二,12/05/2017,108.58
一,12/04/2017,107.43
五,12/01/2017,110.73
四,11/30/2017,112.59
三,11/29/2017,109.86
二,11/28/2017,113.36
一,11/27/2017,112.38
五,11/24/2017,111.97
三,11/22/2017,110.82
二,11/21/2017,111.45
一,11/20/2017,109.95
五,11/17/2017,109.82
四,11/16/2017,111.02
三,11/15/2017,110.25
二,11/14/2017,111.98
一,11/13/2017,111.4
五,11/10/2017,111.88
四,11/09/2017,112.14
三,11/08/2017,112.47
二,11/07/2017,112.09
一,11/06/2017,111.92
五,11/03/2017,111.36
四,11/02/2017,110.98
三,11/01/2017,111.07
二,10/31/2017,109.98
一,10/30/2017,110.04
五,10/27/2017,109.71
四,10/26/2017,109.8
三,10/25/2017,109.49
二,10/24/2017,108.41
一,10/23/2017,107.53
五,10/20/2017,107.55
四,10/19/2017,107.02
三,10/18/2017,107.8
二,10/17/2017,107.54
一,10/16/2017,108.3
五,10/13/2017,108.66
四,10/12/2017,108.11
三,10/11/2017,108.44
二,10/10/2017,107.31
一,10/09/2017,107.01
五,10/06/2017,106.73
四,10/05/2017,106.24
三,10/04/2017,105.31
二,10/03/2017,105.59
一,10/02/2017,105.44
五,09/29/2017,105.24
四,09/28/2017,104.58
三,09/27/2017,103.89
二,09/26/2017,102.94
一,09/25/2017,103.02
五,09/22/2017,105.56
四,09/21/2017,105.31
三,09/20/2017,104.97
二,09/19/2017,105.41
一,09/18/2017,104.83
五,09/15/2017,105.3
四,09/14/2017,106.08
三,09/13/2017,105.83
二,09/12/2017,106.21
一,09/11/2017,106.15
五,09/08/2017,104.43
四,09/07/2017,104.56
三,09/06/2017,103.18
二,09/05/2017,103.01
五,09/01/2017,103.9
四,08/31/2017,103.52
三,08/30/2017,103.73
二,08/29/2017,103.77
一,08/28/2017,103.78
五,08/25/2017,103.35
四,08/24/2017,103.22
三,08/23/2017,103.18
二,08/22/2017,104.07
一,08/21/2017,103.22
五,08/18/2017,102.51
四,08/17/2017,102.16
三,08/16/2017,103.32
二,08/15/2017,102.63
一,08/14/2017,101.87
五,08/11/2017,100.09
四,08/10/2017,99.49
三,08/09/2017,100.97
二,08/08/2017,101.28
一,08/07/2017,101.49
五,08/04/2017,100.89
四,08/03/2017,100.59
三,08/02/2017,101.28
二,08/01/2017,100.87
一,07/31/2017,99.56
五,07/28/2017,99.15
四,07/27/2017,99.57
三,07/26/2017,100.85
二,07/25/2017,99.99
一,07/24/2017,100.37
五,07/21/2017,99.6
四,07/20/2017,98.11
三,07/19/2017,98.25
二,07/18/2017,97.58
一,07/17/2017,96.83
五,07/14/2017,96.93
四,07/13/2017,95.94
三,07/12/2017,96.18
二,07/11/2017,95.41
一,07/10/2017,95.09
五,07/07/2017,93.92
四,07/06/2017,93.25
三,07/05/2017,94.01
一,07/03/2017,93.35
五,06/30/2017,93.78
四,06/29/2017,94.42
三,06/28/2017,96.23
二,06/27/2017,94.9
一,06/26/2017,95.22
五,06/23/2017,95.58
四,06/22/2017,93.95
三,06/21/2017,94.54
二,06/20/2017,94.38
一,06/19/2017,94.79
五,06/16/2017,94.17
四,06/15/2017,94.17
三,06/14/2017,95.32
二,06/13/2017,95.08
一,06/12/2017,93.5
五,06/09/2017,94.56
四,06/08/2017,96.09
三,06/07/2017,96.09
二,06/06/2017,95.79
一,06/05/2017,96.55
五,06/02/2017,96.15
四,06/01/2017,95.4
三,05/31/2017,95.23
二,05/30/2017,94.72
五,05/26/2017,94.67
四,05/25/2017,95.04
三,05/24/2017,94.81
二,05/23/2017,93.86
一,05/22/2017,93.31
五,05/19/2017,92.48
四,05/18/2017,91.71
三,05/17/2017,91.76
二,05/16/2017,93.15
一,05/15/2017,93.23
五,05/12/2017,92.73
四,05/11/2017,92.1
三,05/10/2017,92.25
二,05/09/2017,92.0
一,05/08/2017,91.92
五,05/05/2017,92.09
四,05/04/2017,92.62
三,05/03/2017,92.44
二,05/02/2017,92.54
一,05/01/2017,91.26
五,04/28/2017,91.22
四,04/27/2017,91.6
三,04/26/2017,91.82
二,04/25/2017,92.11
一,04/24/2017,91.85
五,04/21/2017,91.15
四,04/20/2017,91.15
三,04/19/2017,89.75
二,04/18/2017,89.73
一,04/17/2017,89.81
四,04/13/2017,88.87
三,04/12/2017,88.68
二,04/11/2017,88.85
一,04/10/2017,88.86
五,04/07/2017,88.74
四,04/06/2017,89.09
三,04/05/2017,89.03
二,04/04/2017,88.78
一,04/03/2017,89.36
五,03/31/2017,88.87
四,03/30/2017,89.01
三,03/29/2017,89.18
二,03/28/2017,89.12
一,03/27/2017,88.95
五,03/24/2017,89.19
四,03/23/2017,88.86
三,03/22/2017,88.52
二,03/21/2017,88.06
一,03/20/2017,89.18
五,03/17/2017,90.24
四,03/16/2017,90.04
三,03/15/2017,89.92
二,03/14/2017,89.55
一,03/13/2017,90.11
五,03/10/2017,89.73
四,03/09/2017,89.11
三,03/08/2017,88.96
二,03/07/2017,89.06
一,03/06/2017,88.94
五,03/03/2017,88.79
四,03/02/2017,88.53
三,03/01/2017,88.99
二,02/28/2017,87.94
一,02/27/2017,88.0
五,02/24/2017,88.43
四,02/23/2017,88.18
三,02/22/2017,87.8
二,02/21/2017,87.92
五,02/17/2017,87.46
四,02/16/2017,87.41
三,02/15/2017,87.54
二,02/14/2017,86.85
一,02/13/2017,86.44
五,02/10/2017,85.9
四,02/09/2017,85.58
三,02/08/2017,85.09
二,02/07/2017,85.78
一,02/06/2017,85.83
五,02/03/2017,86.08
四,02/02/2017,82.3
三,02/01/2017,82.44
二,01/31/2017,82.71
一,01/30/2017,83.7
五,01/27/2017,83.77
四,01/26/2017,83.24
三,01/25/2017,83.9
二,01/24/2017,83.23
一,01/23/2017,82.15
五,01/20/2017,81.84
四,01/19/2017,81.73
三,01/18/2017,81.59
二,01/17/2017,81.26
五,01/13/2017,81.17
四,01/12/2017,81.37
三,01/11/2017,81.8
二,01/10/2017,81.31
一,01/09/2017,81.75
五,01/06/2017,82.21
四,01/05/2017,81.09
三,01/04/2017,80.15
二,01/03/2017,79.5
五,12/30/2016,78.02
四,12/29/2016,78.33
三,12/28/2016,78.3
二,12/27/2016,78.35
五,12/23/2016,78.15
四,12/22/2016,77.9
三,12/21/2016,78.14
二,12/20/2016,78.36
一,12/19/2016,78.1
五,12/16/2016,78.35
四,12/15/2016,79.5
三,12/14/2016,79.13
二,12/13/2016,79.2
一,12/12/2016,78.5
五,12/09/2016,79.14
四,12/08/2016,79.28
三,12/07/2016,79.31
二,12/06/2016,77.11
一,12/05/2016,77.31
五,12/02/2016,75.72
四,12/01/2016,75.43
三,11/30/2016,77.32
二,11/29/2016,79.15
一,11/28/2016,79.08
五,11/25/2016,80.13
三,11/23/2016,79.57
二,11/22/2016,79.93
一,11/21/2016,81.69
五,11/18/2016,80.82
四,11/17/2016,81.07
三,11/16/2016,80.08
二,11/15/2016,78.57
一,11/14/2016,78.38
五,11/11/2016,81.88
四,11/10/2016,81.87
三,11/09/2016,83.24
二,11/08/2016,82.88
一,11/07/2016,82.51
五,11/04/2016,80.36
四,11/03/2016,80.65
三,11/02/2016,80.58
二,11/01/2016,81.62
一,10/31/2016,82.51
五,10/28/2016,82.22
四,10/27/2016,81.92
三,10/26/2016,81.75
二,10/25/2016,82.03
一,10/24/2016,83.17
五,10/21/2016,82.35
四,10/20/2016,82.5
三,10/19/2016,82.81
二,10/18/2016,81.58
一,10/17/2016,82.15
五,10/14/2016,82.45
四,10/13/2016,81.87
三,10/12/2016,82.25
二,10/11/2016,82.04
一,10/10/2016,83.12
五,10/07/2016,82.88
四,10/06/2016,83.36
三,10/05/2016,83.35
二,10/04/2016,82.73
一,10/03/2016,82.86
五,09/30/2016,82.7
四,09/29/2016,81.92
三,09/28/2016,82.97
二,09/27/2016,82.16
一,09/26/2016,81.81
五,09/23/2016,82.54
四,09/22/2016,83.36
三,09/21/2016,83.22
二,09/20/2016,82.48
一,09/19/2016,82.51
五,09/16/2016,82.07
四,09/15/2016,82.01
三,09/14/2016,81.49
二,09/13/2016,81.89
一,09/12/2016,82.97
五,09/09/2016,81.33
四,09/08/2016,82.97
三,09/07/2016,83.24
二,09/06/2016,82.53
五,09/02/2016,82.0
四,09/01/2016,81.3
三,08/31/2016,80.9
二,08/30/2016,81.17
一,08/29/2016,80.87
五,08/26/2016,80.57
四,08/25/2016,80.32
三,08/24/2016,80.29
二,08/23/2016,80.8
一,08/22/2016,81.06
五,08/19/2016,80.47
四,08/18/2016,80.27
三,08/17/2016,80.84
二,08/16/2016,80.81
一,08/15/2016,80.91
五,08/12/2016,80.02
四,08/11/2016,80.12
三,08/10/2016,79.68
二,08/09/2016,80.06
一,08/08/2016,79.95
五,08/05/2016,80.14
四,08/04/2016,79.48
三,08/03/2016,78.71
二,08/02/2016,78.28
一,08/01/2016,78.26
五,07/29/2016,78.05
四,07/28/2016,79.19
三,07/27/2016,78.53
二,07/26/2016,78.49
一,07/25/2016,78.94
五,07/22/2016,79.91
四,07/21/2016,78.79
三,07/20/2016,79.36
二,07/19/2016,78.72
一,07/18/2016,78.31
五,07/15/2016,78.3
四,07/14/2016,78.14
三,07/13/2016,77.46
二,07/12/2016,77.48
一,07/11/2016,76.52
五,07/08/2016,76.42
四,07/07/2016,74.51
三,07/06/2016,74.06
二,07/05/2016,74.67
五,07/01/2016,74.48
四,06/30/2016,74.17
三,06/29/2016,76.74
二,06/28/2016,75.16
一,06/27/2016,73.34
五,06/24/2016,75.05
四,06/23/2016,78.23
三,06/22/2016,76.53
二,06/21/2016,77.33
一,06/20/2016,77.34
五,06/17/2016,76.99
四,06/16/2016,78.35
三,06/15/2016,78.17
二,06/14/2016,78.57
一,06/13/2016,78.4
五,06/10/2016,80.18
四,06/09/2016,81.26
三,06/08/2016,81.65
二,06/07/2016,80.6
一,06/06/2016,80.54
五,06/03/2016,79.94
四,06/02/2016,79.95
三,06/01/2016,79.22
二,05/31/2016,78.94
五,05/27/2016,79.66
四,05/26/2016,79.0
三,05/25/2016,79.06
二,05/24/2016,79.38
一,05/23/2016,77.21
五,05/20/2016,77.67
四,05/19/2016,76.88
三,05/18/2016,77.43
二,05/17/2016,76.79
一,05/16/2016,77.8
五,05/13/2016,76.83
四,05/12/2016,77.89
三,05/11/2016,77.3
二,05/10/2016,79.2
一,05/09/2016,78.22
五,05/06/2016,77.72
四,05/05/2016,77.36
三,05/04/2016,77.07
二,05/03/2016,77.19
一,05/02/2016,78.46
五,04/29/2016,77.24
四,04/28/2016,77.68
三,04/27/2016,78.76
二,04/26/2016,78.53
一,04/25/2016,78.14
五,04/22/2016,79.11
四,04/21/2016,80.79
三,04/20/2016,81.15
二,04/19/2016,80.75
一,04/18/2016,81.45
五,04/15/2016,80.08
四,04/14/2016,80.33
三,04/13/2016,79.71
二,04/12/2016,78.52
一,04/11/2016,77.82
五,04/08/2016,78.03
四,04/07/2016,77.58
三,04/06/2016,78.21
二,04/05/2016,76.97
一,04/04/2016,77.83
五,04/01/2016,77.59
四,03/31/2016,76.48
三,03/30/2016,76.78
二,03/29/2016,75.38
一,03/28/2016,74.08
四,03/24/2016,74.14
三,03/23/2016,73.91
二,03/22/2016,72.96
一,03/21/2016,73.77
五,03/18/2016,73.78
四,03/17/2016,73.14
三,03/16/2016,72.37
二,03/15/2016,71.91
一,03/14/2016,71.49
五,03/11/2016,71.63
四,03/10/2016,70.22
三,03/09/2016,70.68
二,03/08/2016,70.62
一,03/07/2016,71.94
五,03/04/2016,73.9
四,03/03/2016,73.91
三,03/02/2016,74.3
二,03/01/2016,74.64
一,02/29/2016,72.39
五,02/26/2016,72.73
四,02/25/2016,73.27
三,02/24/2016,71.85
二,02/23/2016,72.15
一,02/22/2016,73.06
五,02/19/2016,71.53
四,02/18/2016,71.24
三,02/17/2016,72.03
二,02/16/2016,71.1
五,02/12/2016,70.42
四,02/11/2016,68.47
三,02/10/2016,70.15
二,02/09/2016,68.33
一,02/08/2016,67.77
五,02/05/2016,71.54
四,02/04/2016,73.68
三,02/03/2016,74.38
二,02/02/2016,73.4
一,02/01/2016,74.38
五,01/29/2016,74.49
四,01/28/2016,69.33
三,01/27/2016,70.91
二,01/26/2016,71.88
一,01/25/2016,71.74
五,01/22/2016,72.7
四,01/21/2016,71.56
三,01/20/2016,70.68
二,01/19/2016,71.39
五,01/15/2016,71.83
四,01/14/2016,73.8
三,01/13/2016,73.1
二,01/12/2016,74.76
一,01/11/2016,73.92
五,01/08/2016,72.88
四,01/07/2016,73.79
三,01/06/2016,75.27
二,01/05/2016,76.27
一,01/04/2016,75.7
四,12/31/2015,77.55
三,12/30/2015,78.35
二,12/29/2015,79.21
一,12/28/2015,78.53
四,12/24/2015,78.26
三,12/23/2015,78.56
二,12/22/2015,77.38
一,12/21/2015,77.17
五,12/18/2015,76.32
四,12/17/2015,78.69
三,12/16/2015,79.86
二,12/15/2015,78.62
一,12/14/2015,76.87
五,12/11/2015,76.11
四,12/10/2015,78.12
三,12/09/2015,77.88
二,12/08/2015,79.07
一,12/07/2015,79.55
五,12/04/2015,80.4
四,12/03/2015,78.29
三,12/02/2015,79.04
二,12/01/2015,79.91
一,11/30/2015,79.01
五,11/27/2015,79.84
三,11/25/2015,79.56
二,11/24/2015,79.79
一,11/23/2015,80.11
五,11/20/2015,80.19
四,11/19/2015,80.15
三,11/18/2015,80.46
二,11/17/2015,78.83
一,11/16/2015,78.9
五,11/13/2015,78.11
四,11/12/2015,78.31
三,11/11/2015,79.18
二,11/10/2015,79.48
一,11/09/2015,78.04
五,11/06/2015,78.75
四,11/05/2015,79.26
三,11/04/2015,78.35
二,11/03/2015,77.9
一,11/02/2015,75.22
五,10/30/2015,77.58
四,10/29/2015,78.51
三,10/28/2015,78.87
二,10/27/2015,77.52
一,10/26/2015,78.18
五,10/23/2015,77.07
四,10/22/2015,76.42
三,10/21/2015,75.46
二,10/20/2015,76.28
一,10/19/2015,76.99
五,10/16/2015,76.0
四,10/15/2015,75.34
三,10/14/2015,74.2
二,10/13/2015,75.0
一,10/12/2015,74.99
五,10/09/2015,73.98
四,10/08/2015,73.9
三,10/07/2015,73.22
二,10/06/2015,72.08
一,10/05/2015,72.23
五,10/02/2015,70.67
四,10/01/2015,69.99
三,09/30/2015,69.66
二,09/29/2015,68.53
一,09/28/2015,67.2
五,09/25/2015,70.69
四,09/24/2015,70.24
三,09/23/2015,70.95
二,09/22/2015,70.25
一,09/21/2015,70.78
五,09/18/2015,69.79
四,09/17/2015,70.96
三,09/16/2015,70.99
二,09/15/2015,70.51
一,09/14/2015,70.01
五,09/11/2015,70.76
四,09/10/2015,70.23
三,09/09/2015,69.6
二,09/08/2015,70.53
五,09/04/2015,69.16
四,09/03/2015,70.4
三,09/02/2015,69.62
二,09/01/2015,68.96
一,08/31/2015,71.3
五,08/28/2015,72.46
四,08/27/2015,72.4
三,08/26/2015,70.69
二,08/25/2015,66.97
一,08/24/2015,68.36
五,08/21/2015,71.19
四,08/20/2015,73.95
三,08/19/2015,74.4
二,08/18/2015,74.47
一,08/17/2015,74.41
五,08/14/2015,74.22
四,08/13/2015,73.93
三,08/12/2015,73.54
二,08/11/2015,73.36
一,08/10/2015,74.38
五,08/07/2015,74.21
四,08/06/2015,73.58
三,08/05/2015,74.98
二,08/04/2015,75.27
一,08/03/2015,75.77
五,07/31/2015,75.34
四,07/30/2015,76.38
三,07/29/2015,76.01
二,07/28/2015,74.74
一,07/27/2015,73.86
五,07/24/2015,74.8
四,07/23/2015,71.75
三,07/22/2015,71.97
二,07/21/2015,72.02
一,07/20/2015,72.7
五,07/17/2015,70.88
四,07/16/2015,70.57
三,07/15/2015,70.02
二,07/14/2015,70.1
一,07/13/2015,69.52
五,07/10/2015,68.42
四,07/09/2015,67.05
三,07/08/2015,66.73
二,07/07/2015,67.77
一,07/06/2015,68.12
四,07/02/2015,68.24
三,07/01/2015,67.85
二,06/30/2015,67.15
一,06/29/2015,66.72
五,06/26/2015,68.75
四,06/25/2015,68.62
三,06/24/2015,68.86
二,06/23/2015,69.42
一,06/22/2015,69.09
五,06/19/2015,68.69
四,06/18/2015,69.5
三,06/17/2015,68.75
二,06/16/2015,69.01
一,06/15/2015,68.57
五,06/12/2015,69.33
四,06/11/2015,69.64
三,06/10/2015,69.63
二,06/09/2015,67.95
一,06/08/2015,67.68
五,06/05/2015,68.37
四,06/04/2015,68.21
三,06/03/2015,68.95
二,06/02/2015,69.04
一,06/01/2015,69.11
五,05/29/2015,68.68
四,05/28/2015,69.56
三,05/27/2015,69.49
二,05/26/2015,68.54
五,05/22/2015,69.62
四,05/21/2015,69.37
三,05/20/2015,69.78
二,05/19/2015,70.16
一,05/18/2015,70.0
五,05/15/2015,69.57
四,05/14/2015,70.0
三,05/13/2015,68.65
二,05/12/2015,68.69
一,05/11/2015,69.02
五,05/08/2015,69.47
四,05/07/2015,66.58
三,05/06/2015,65.67
二,05/05/2015,65.96
一,05/04/2015,65.58
五,05/01/2015,65.77
四,04/30/2015,66.05
三,04/29/2015,67.34
二,04/28/2015,66.77
一,04/27/2015,67.1
五,04/24/2015,67.48
四,04/23/2015,67.72
三,04/22/2015,68.01
二,04/21/2015,65.35
一,04/20/2015,64.72
五,04/17/2015,64.52
四,04/16/2015,65.65
三,04/15/2015,65.68
二,04/14/2015,65.53
一,04/13/2015,65.61
五,04/10/2015,66.34
四,04/09/2015,66.44
三,04/08/2015,66.5
二,04/07/2015,65.8
一,04/06/2015,65.2
四,04/02/2015,65.29
三,04/01/2015,65.18
二,03/31/2015,65.41
一,03/30/2015,65.66
五,03/27/2015,65.54
四,03/26/2015,65.59
三,03/25/2015,65.73
二,03/24/2015,67.1
一,03/23/2015,67.08
五,03/20/2015,67.41
四,03/19/2015,66.81
三,03/18/2015,66.9175
二,03/17/2015,66.125
一,03/16/2015,67.255
五,03/13/2015,66.2575
四,03/12/2015,67.395
三,03/11/2015,66.1875
二,03/10/2015,66.3
一,03/09/2015,67.855
五,03/06/2015,67.335
四,03/05/2015,68.5325
三,03/04/2015,68.4375
二,03/03/2015,68.825
一,03/02/2015,69.5725
五,02/27/2015,67.8275
四,02/26/2015,68.4375
三,02/25/2015,68.2525
二,02/24/2015,68.1175
一,02/23/2015,68.2525
五,02/20/2015,68.25
四,02/19/2015,67.275
三,02/18/2015,67.28
二,02/17/2015,67.7175
五,02/13/2015,67.4075
四,02/12/2015,67.7275
三,02/11/2015,66.4975
二,02/10/2015,66.1375
一,02/09/2015,66.365
五,02/06/2015,66.855
四,02/05/2015,67.95
三,02/04/2015,66.2225
二,02/03/2015,64.9475
一,02/02/2015,63.835
五,01/30/2015,63.7275
四,01/29/2015,62.0
三,01/28/2015,61.59
二,01/27/2015,62.7475
一,01/26/2015,64.1325
五,01/23/2015,64.5725
四,01/22/2015,64.4
三,01/21/2015,64.32
二,01/20/2015,64.21
五,01/16/2015,63.7375
四,01/15/2015,63.2825
三,01/14/2015,63.89
二,01/13/2015,65.195
一,01/12/2015,65.005
五,01/09/2015,65.1325
四,01/08/2015,66.1125
三,01/07/2015,65.2375
二,01/06/2015,64.375
一,01/05/2015,64.7925
五,01/02/2015,66.255
三,12/31/2014,65.55
二,12/30/2014,66.1375
一,12/29/2014,66.3575
五,12/26/2014,66.655
三,12/24/2014,66.9075
二,12/23/2014,66.315
一,12/22/2014,66.0525
五,12/19/2014,65.4175
四,12/18/2014,66.04
三,12/17/2014,64.77
二,12/16/2014,63.3525
一,12/15/2014,64.175
五,12/12/2014,64.195
四,12/11/2014,65.78
三,12/10/2014,65.43
二,12/09/2014,66.035
一,12/08/2014,65.775
五,12/05/2014,65.8375
四,12/04/2014,65.285
三,12/03/2014,65.4
二,12/02/2014,65.0025
一,12/01/2014,64.5375
五,11/28/2014,64.5475
三,11/26/2014,64.315
二,11/25/2014,64.315
一,11/24/2014,63.655
五,11/21/2014,63.555
四,11/20/2014,62.9175
三,11/19/2014,62.465
二,11/18/2014,62.4325
一,11/17/2014,62.45
五,11/14/2014,62.21
四,11/13/2014,62.73
三,11/12/2014,62.9875
二,11/11/2014,62.4325
一,11/10/2014,62.5525
五,11/07/2014,63.1075
四,11/06/2014,62.5225
三,11/05/2014,62.3825
二,11/04/2014,60.7425
一,11/03/2014,60.385
五,10/31/2014,60.3575
四,10/30/2014,59.1625
三,10/29/2014,53.665
二,10/28/2014,54.1775
一,10/27/2014,53.3525
五,10/24/2014,53.37
四,10/23/2014,53.57
三,10/22/2014,52.73
二,10/21/2014,53.3275
一,10/20/2014,51.9625
五,10/17/2014,51.5
四,10/16/2014,50.75
三,10/15/2014,50.0625
二,10/14/2014,50.68
一,10/13/2014,51.07
五,10/10/2014,51.245
四,10/09/2014,51.9275
三,10/08/2014,53.09
二,10/07/2014,52.0125
一,10/06/2014,52.9475
五,10/03/2014,52.9975
四,10/02/2014,52.43
三,10/01/2014,52.5025
二,09/30/2014,53.3425
一,09/29/2014,52.7325
五,09/26/2014,52.985
四,09/25/2014,52.6775
三,09/24/2014,53.6025
二,09/23/2014,53.115
一,09/22/2014,53.47
五,09/19/2014,54.0625
四,09/18/2014,54.11
三,09/17/2014,53.8825
二,09/16/2014,54.325
一,09/15/2014,53.66
五,09/12/2014,53.51
四,09/11/2014,53.7375
三,09/10/2014,54.22
二,09/09/2014,53.57
一,09/08/2014,53.9425
五,09/05/2014,53.5525
四,09/04/2014,53.565
三,09/03/2014,53.725
二,09/02/2014,53.6825
五,08/29/2014,53.13
四,08/28/2014,53.65
三,08/27/2014,54.2825
二,08/26/2014,54.1825
一,08/25/2014,54.005
五,08/22/2014,54.0225
四,08/21/2014,53.9375
三,08/20/2014,54.05
二,08/19/2014,53.75
一,08/18/2014,53.58
五,08/15/2014,52.5475
四,08/14/2014,53.13
三,08/13/2014,52.8575
二,08/12/2014,52.575
一,08/11/2014,52.645
五,08/08/2014,52.615
四,08/07/2014,52.26
三,08/06/2014,52.6725
二,08/05/2014,52.635
一,08/04/2014,53.04
五,08/01/2014,52.9525
四,07/31/2014,52.7525
三,07/30/2014,53.515
二,07/29/2014,53.375
一,07/28/2014,53.555
五,07/25/2014,53.6925
四,07/24/2014,55.685
三,07/23/2014,55.3
二,07/22/2014,55.315
一,07/21/2014,54.805
五,07/18/2014,55.05
四,07/17/2014,54.47
三,07/16/2014,55.6675
二,07/15/2014,55.445
一,07/14/2014,55.2575
五,07/11/2014,54.25
四,07/10/2014,53.885
三,07/09/2014,54.04
二,07/08/2014,53.815
一,07/07/2014,54.185
四,07/03/2014,54.1275
三,07/02/2014,53.71
二,07/01/2014,53.5625
一,06/30/2014,52.6775
五,06/27/2014,52.32
四,06/26/2014,52.24
三,06/25/2014,52.265
二,06/24/2014,51.9475
一,06/23/2014,52.3675
五,06/20/2014,52.3725
四,06/19/2014,52.58
三,06/18/2014,52.8125
二,06/17/2014,52.7025
一,06/16/2014,52.56
五,06/13/2014,52.8225
四,06/12/2014,52.9425
三,06/11/2014,53.17
二,06/10/2014,53.5625
一,06/09/2014,53.145
五,06/06/2014,53.25
四,06/05/2014,53.055
三,06/04/2014,52.8575
二,06/03/2014,52.83
一,06/02/2014,53.38
五,05/30/2014,53.7075
四,05/29/2014,53.6675
三,05/28/2014,53.45
二,05/27/2014,53.625
五,05/23/2014,53.0175
四,05/22/2014,52.3425
三,05/21/2014,52.525
二,05/20/2014,51.98
一,05/19/2014,52.59
五,05/16/2014,52.4525
四,05/15/2014,51.8625
三,05/14/2014,52.465
二,05/13/2014,53.015
一,05/12/2014,52.925
五,05/09/2014,52.7025
四,05/08/2014,52.725
三,05/07/2014,52.175
二,05/06/2014,51.34
一,05/05/2014,51.7825
五,05/02/2014,51.105
四,05/01/2014,51.5225
三,04/30/2014,50.6525
二,04/29/2014,50.6675
一,04/28/2014,50.355
五,04/25/2014,49.7325
四,04/24/2014,52.35
三,04/23/2014,52.205
二,04/22/2014,52.4925
一,04/21/2014,52.2825
四,04/17/2014,51.9875
三,04/16/2014,52.34
二,04/15/2014,51.0125
一,04/14/2014,50.2525
五,04/11/2014,49.1575
四,04/10/2014,50.3875
三,04/09/2014,51.885
二,04/08/2014,50.6475
一,04/07/2014,50.8525
五,04/04/2014,51.925
四,04/03/2014,53.7525
三,04/02/2014,53.665
二,04/01/2014,53.675
一,03/31/2014,53.965
五,03/28/2014,53.0225
四,03/27/2014,53.9425
三,03/26/2014,53.92
二,03/25/2014,54.6
一,03/24/2014,55.1875
五,03/21/2014,55.8425
四,03/20/2014,55.455
三,03/19/2014,55.955
二,03/18/2014,56.6025
一,03/17/2014,55.945
五,03/14/2014,55.1925
四,03/13/2014,55.195
三,03/12/2014,56.525
二,03/11/2014,56.795
一,03/10/2014,56.375
五,03/07/2014,56.39
四,03/06/2014,55.965
三,03/05/2014,55.7025
二,03/04/2014,56.375
一,03/03/2014,55.36
五,02/28/2014,56.485
四,02/27/2014,56.57
三,02/26/2014,56.5275
二,02/25/2014,56.7775
一,02/24/2014,56.5475
五,02/21/2014,55.84
四,02/20/2014,55.865
三,02/19/2014,55.97
二,02/18/2014,56.515
五,02/14/2014,56.5
四,02/13/2014,56.0125
三,02/12/2014,56.0425
二,02/11/2014,55.5825
一,02/10/2014,55.1375
五,02/07/2014,55.445
四,02/06/2014,54.7525
三,02/05/2014,53.9025
二,02/04/2014,53.635
一,02/03/2014,53.3675
五,01/31/2014,53.8575
四,01/30/2014,55.22
三,01/29/2014,54.28
二,01/28/2014,55.24
一,01/27/2014,54.055
五,01/24/2014,55.3125
四,01/23/2014,57.0625
三,01/22/2014,58.2475
二,01/21/2014,57.9825
五,01/17/2014,58.045
四,01/16/2014,55.4425
三,01/15/2014,55.94
二,01/14/2014,55.6625
一,01/13/2014,54.725
五,01/10/2014,55.2825
四,01/09/2014,55.4775
三,01/08/2014,55.555
二,01/07/2014,55.3775
一,01/06/2014,54.9575
五,01/03/2014,55.29
四,01/02/2014,55.2525
二,12/31/2013,55.67
一,12/30/2013,55.2275
五,12/27/2013,54.9175
四,12/26/2013,55.05
二,12/24/2013,54.6825
一,12/23/2013,54.5075
五,12/20/2013,53.9925
四,12/19/2013,54.02
三,12/18/2013,53.8375
二,12/17/2013,53.3125
一,12/16/2013,51.9375
五,12/13/2013,51.84
四,12/12/2013,50.86
三,12/11/2013,51.415
二,12/10/2013,49.8575
一,12/09/2013,50.3975
五,12/06/2013,50.4675
四,12/05/2013,50.4275
三,12/04/2013,50.685
二,12/03/2013,50.4375
一,12/02/2013,51.2825
五,11/29/2013,50.865
三,11/27/2013,50.9975
二,11/26/2013,50.88
一,11/25/2013,50.4825
五,11/22/2013,50.53
四,11/21/2013,50.4025
三,11/20/2013,49.53
二,11/19/2013,49.3475
一,11/18/2013,49.975
五,11/15/2013,50.5
四,11/14/2013,50.0375
三,11/13/2013,49.945
二,11/12/2013,49.5675
一,11/11/2013,49.8175
五,11/08/2013,49.5725
四,11/07/2013,49.025
三,11/06/2013,49.755
二,11/05/2013,49.3425
一,11/04/2013,49.105
五,11/01/2013,49.79
四,10/31/2013,49.1675
三,10/30/2013,50.955
二,10/29/2013,51.06
一,10/28/2013,50.77
五,10/25/2013,50.765
四,10/24/2013,50.7275
三,10/23/2013,49.7225
二,10/22/2013,49.995
一,10/21/2013,50.01
五,10/18/2013,50.1125
四,10/17/2013,49.57
三,10/16/2013,48.9075
二,10/15/2013,47.8425
一,10/14/2013,48.36
五,10/11/2013,48.05
四,10/10/2013,47.2575
三,10/09/2013,45.9625
二,10/08/2013,45.6325
一,10/07/2013,46.5825
五,10/04/2013,47.62
四,10/03/2013,47.1625
三,10/02/2013,47.955
二,10/01/2013,48.305
一,09/30/2013,47.775
五,09/27/2013,48.2625
四,09/26/2013,48.39
三,09/25/2013,47.89
二,09/24/2013,48.335
一,09/23/2013,49.06
五,09/20/2013,49.7075
四,09/19/2013,48.6775
三,09/18/2013,48.4125
二,09/17/2013,47.9
一,09/16/2013,47.345
五,09/13/2013,47.25
四,09/12/2013,46.265
三,09/11/2013,46.5775
二,09/10/2013,46.1475
一,09/09/2013,44.6375
五,09/06/2013,44.1675
四,09/05/2013,44.0525
三,09/04/2013,44.0475
二,09/03/2013,44.255
五,08/30/2013,43.605
四,08/29/2013,43.8425
三,08/28/2013,43.8025
二,08/27/2013,43.5425
一,08/26/2013,43.75
五,08/23/2013,44.775
四,08/22/2013,44.73
三,08/21/2013,44.5975
二,08/20/2013,43.305
一,08/19/2013,43.745
五,08/16/2013,43.2825
四,08/15/2013,43.4825
三,08/14/2013,44.5875
二,08/13/2013,44.8075
一,08/12/2013,44.94
五,08/09/2013,44.9525
四,08/08/2013,45.195
三,08/07/2013,45.3475
二,08/06/2013,45.7225
一,08/05/2013,46.135
五,08/02/2013,46.0
四,08/01/2013,44.7925
三,07/31/2013,44.2525
二,07/30/2013,47.86
一,07/29/2013,47.9925
五,07/26/2013,48.3
四,07/25/2013,48.6525
三,07/24/2013,46.6875
二,07/23/2013,47.145
一,07/22/2013,47.805
五,07/19/2013,47.48
四,07/18/2013,47.7525
三,07/17/2013,47.41
二,07/16/2013,47.345
一,07/15/2013,47.5625
五,07/12/2013,47.68
四,07/11/2013,47.49
三,07/10/2013,46.675
二,07/09/2013,46.8
一,07/08/2013,47.025
五,07/05/2013,47.6975
三,07/03/2013,46.76
二,07/02/2013,46.31
一,07/01/2013,46.305
五,06/28/2013,45.6875
四,06/27/2013,46.065
三,06/26/2013,45.6625
二,06/25/2013,45.1175
一,06/24/2013,44.5675
五,06/21/2013,44.875
四,06/20/2013,44.615
三,06/19/2013,45.6575
二,06/18/2013,46.0025
一,06/17/2013,45.5875
五,06/14/2013,45.2325
四,06/13/2013,45.5625
三,06/12/2013,44.7875
二,06/11/2013,44.915
一,06/10/2013,45.5825
五,06/07/2013,44.985
四,06/06/2013,44.8375
三,06/05/2013,44.305
二,06/04/2013,45.05
一,06/03/2013,45.0475
五,05/31/2013,44.535
四,05/30/2013,45.2575
三,05/29/2013,44.535
二,05/28/2013,45.0075
五,05/24/2013,45.1125
四,05/23/2013,44.525
三,05/22/2013,45.035
二,05/21/2013,45.3875
一,05/20/2013,45.4025
五,05/17/2013,46.1425
四,05/16/2013,44.95
三,05/15/2013,45.44
二,05/14/2013,45.08
一,05/13/2013,44.7325
五,05/10/2013,44.6875
四,05/09/2013,44.645
三,05/08/2013,44.815
二,05/07/2013,44.9475
一,05/06/2013,44.7225
五,05/03/2013,44.885
四,05/02/2013,43.85
三,05/01/2013,41.505
二,04/30/2013,42.115
一,04/29/2013,41.975
五,04/26/2013,41.8075
四,04/25/2013,42.19
三,04/24/2013,41.765
二,04/23/2013,41.415
一,04/22/2013,40.8825
五,04/19/2013,40.99
四,04/18/2013,40.3525
三,04/17/2013,40.5575
二,04/16/2013,41.1775
一,04/15/2013,40.3225
五,04/12/2013,41.4375
四,04/11/2013,41.905
三,04/10/2013,41.7475
二,04/09/2013,41.1875
一,04/08/2013,41.5725
五,04/05/2013,41.29
四,04/04/2013,41.62
三,04/03/2013,41.1875
二,04/02/2013,41.9875
一,04/01/2013,41.8375
四,03/28/2013,42.46
三,03/27/2013,42.165
二,03/26/2013,41.865
一,03/25/2013,41.0
五,03/22/2013,40.0225
四,03/21/2013,39.45
三,03/20/2013,39.8325
二,03/19/2013,39.0
一,03/18/2013,39.5175
五,03/15/2013,39.6375
四,03/14/2013,40.165
三,03/13/2013,39.8425
二,03/12/2013,39.95
一,03/11/2013,40.295
五,03/08/2013,40.1675
四,03/07/2013,40.1275
三,03/06/2013,40.265
二,03/05/2013,40.0725
一,03/04/2013,39.875
五,03/01/2013,39.52
四,02/28/2013,39.66
三,02/27/2013,39.9675
二,02/26/2013,39.4575
一,02/25/2013,38.9725
五,02/22/2013,39.8575
四,02/21/2013,39.36
三,02/20/2013,38.855
二,02/19/2013,39.4025
五,02/15/2013,39.4975
四,02/14/2013,38.995
三,02/13/2013,38.6925
二,02/12/2013,39.2
一,02/11/2013,39.0825
五,02/08/2013,39.45
四,02/07/2013,39.265
三,02/06/2013,40.205
二,02/05/2013,39.8825
一,02/04/2013,39.1625
五,02/01/2013,39.64
四,01/31/2013,39.4775
三,01/30/2013,38.7525
二,01/29/2013,39.165
一,01/28/2013,39.0875
五,01/25/2013,39.96
四,01/24/2013,39.89
三,01/23/2013,39.7625
二,01/22/2013,39.7625
五,01/18/2013,39.5675
四,01/17/2013,39.97
三,01/16/2013,40.05
二,01/15/2013,40.1125
一,01/14/2013,40.1625
五,01/11/2013,40.29
四,01/10/2013,40.1275
三,01/09/2013,40.4475
二,01/08/2013,39.84
一,01/07/2013,39.4725
五,01/04/2013,39.1925
四,01/03/2013,38.875
三,01/02/2013,38.845
一,12/31/2012,37.895
五,12/28/2012,37.1625
四,12/27/2012,37.35
三,12/26/2012,37.44
一,12/24/2012,37.795
五,12/21/2012,37.6925
四,12/20/2012,38.115
三,12/19/2012,37.29
二,12/18/2012,37.68
一,12/17/2012,37.2825
五,12/14/2012,36.705
四,12/13/2012,36.8
三,12/12/2012,36.97
二,12/11/2012,37.225
一,12/10/2012,37.165
五,12/07/2012,37.1375
四,12/06/2012,37.1175
三,12/05/2012,37.015
二,12/04/2012,36.8975
一,12/03/2012,37.16
五,11/30/2012,37.4275
四,11/29/2012,37.045
三,11/28/2012,36.8225
二,11/27/2012,36.695
一,11/26/2012,36.8125
五,11/23/2012,37.03
三,11/21/2012,36.665
二,11/20/2012,36.585
一,11/19/2012,36.4125
五,11/16/2012,35.6775
四,11/15/2012,35.0
三,11/14/2012,34.9875
二,11/13/2012,35.6125
一,11/12/2012,35.81
五,11/09/2012,35.7325
四,11/08/2012,35.515
三,11/07/2012,35.64
二,11/06/2012,35.965
一,11/05/2012,35.375
五,11/02/2012,35.85
四,11/01/2012,35.97
三,10/31/2012,34.69
五,10/26/2012,34.5775
四,10/25/2012,34.3875
三,10/24/2012,34.1225
二,10/23/2012,34.16
一,10/22/2012,34.75
五,10/19/2012,34.9925
四,10/18/2012,35.47
三,10/17/2012,35.64
二,10/16/2012,35.29
一,10/15/2012,34.9725
五,10/12/2012,34.78
四,10/11/2012,34.7625
三,10/10/2012,34.355
二,10/09/2012,34.185
一,10/08/2012,34.6775
五,10/05/2012,35.065
四,10/04/2012,34.9175
三,10/03/2012,34.63
二,10/02/2012,34.0
一,10/01/2012,34.1825
五,09/28/2012,33.57
四,09/27/2012,33.4775
三,09/26/2012,33.13
二,09/25/2012,33.64
一,09/24/2012,33.435
五,09/21/2012,33.75
四,09/20/2012,33.6525
三,09/19/2012,33.6975
二,09/18/2012,33.415
一,09/17/2012,33.4675
五,09/14/2012,33.5625
四,09/13/2012,33.745
三,09/12/2012,33.365
二,09/11/2012,32.8725
一,09/10/2012,32.17
五,09/07/2012,32.4275
四,09/06/2012,32.375
三,09/05/2012,31.9025
二,09/04/2012,32.13
五,08/31/2012,32.0625
四,08/30/2012,31.675
三,08/29/2012,32.005
二,08/28/2012,31.85
一,08/27/2012,31.915
五,08/24/2012,31.665
四,08/23/2012,31.7875
三,08/22/2012,32.025
二,08/21/2012,31.88
一,08/20/2012,32.04
五,08/17/2012,32.1725
四,08/16/2012,32.42
三,08/15/2012,32.265
二,08/14/2012,32.4725
一,08/13/2012,32.08
五,08/10/2012,32.2725
四,08/09/2012,32.1275
三,08/08/2012,32.7875
二,08/07/2012,32.6
一,08/06/2012,32.7575
五,08/03/2012,32.745
四,08/02/2012,32.3175
三,08/01/2012,31.865
二,07/31/2012,32.2675
一,07/30/2012,32.71
五,07/27/2012,32.285
四,07/26/2012,31.6925
三,07/25/2012,30.55
二,07/24/2012,30.6625
一,07/23/2012,31.1175
五,07/20/2012,31.4375
四,07/19/2012,31.3475
三,07/18/2012,31.955
二,07/17/2012,32.0575
一,07/16/2012,31.7875
五,07/13/2012,31.0225
四,07/12/2012,30.66
三,07/11/2012,30.185
二,07/10/2012,30.57
一,07/09/2012,30.9125
五,07/06/2012,31.32
四,07/05/2012,31.7525
二,07/03/2012,31.585
一,07/02/2012,31.655
五,06/29/2012,30.9075
四,06/28/2012,30.38
三,06/27/2012,30.86
二,06/26/2012,30.79
一,06/25/2012,30.3175
五,06/22/2012,31.2375
四,06/21/2012,29.87
三,06/20/2012,30.6475
二,06/19/2012,30.3375
一,06/18/2012,30.025
五,06/15/2012,29.6
四,06/14/2012,29.1225
三,06/13/2012,28.725
二,06/12/2012,29.29
一,06/11/2012,29.0875
五,06/08/2012,29.145
四,06/07/2012,29.2025
三,06/06/2012,29.085
二,06/05/2012,28.4525
一,06/04/2012,28.54
五,06/01/2012,28.0625
四,05/31/2012,28.8
三,05/30/2012,29.3725
二,05/29/2012,30.07
五,05/25/2012,29.8425
四,05/24/2012,29.9425
三,05/23/2012,29.7925
二,05/22/2012,29.5975
一,05/21/2012,29.055
五,05/18/2012,28.16
四,05/17/2012,28.7525
三,05/16/2012,29.3825
二,05/15/2012,29.1525
一,05/14/2012,29.18
五,05/11/2012,29.48
四,05/10/2012,29.5425
三,05/09/2012,29.355
二,05/08/2012,29.535
一,05/07/2012,29.6275
五,05/04/2012,29.4475
四,05/03/2012,29.1025
三,05/02/2012,30.5475
二,05/01/2012,30.7725
一,04/30/2012,30.745
五,04/27/2012,30.88
四,04/26/2012,30.7975
三,04/25/2012,30.4475
二,04/24/2012,29.7325
一,04/23/2012,29.525
五,04/20/2012,30.2525
四,04/19/2012,30.2975
三,04/18/2012,30.445
二,04/17/2012,30.52
一,04/16/2012,30.2075
五,04/13/2012,30.79
四,04/12/2012,30.255
三,04/11/2012,29.345
二,04/10/2012,29.185
一,04/09/2012,29.875
四,04/05/2012,30.2525
三,04/04/2012,29.745
二,04/03/2012,30.09
一,04/02/2012,29.745
五,03/30/2012,29.5
四,03/29/2012,29.75
三,03/28/2012,29.8375
二,03/27/2012,29.9525
一,03/26/2012,30.015
五,03/23/2012,29.695
四,03/22/2012,29.32
三,03/21/2012,29.1875
二,03/20/2012,29.13
一,03/19/2012,29.71
五,03/16/2012,29.17
四,03/15/2012,29.25
三,03/14/2012,29.1875
二,03/13/2012,29.3175
一,03/12/2012,29.1325
五,03/09/2012,29.2925
四,03/08/2012,29.4925
三,03/07/2012,28.91
二,03/06/2012,28.71
一,03/05/2012,29.06
五,03/02/2012,29.04
四,03/01/2012,29.295
三,02/29/2012,29.0925
二,02/28/2012,29.7375
一,02/27/2012,29.215
五,02/24/2012,29.385
四,02/23/2012,29.12
三,02/22/2012,29.09
二,02/21/2012,28.55
五,02/17/2012,28.7525
四,02/16/2012,28.45
三,02/15/2012,28.775
二,02/14/2012,28.81
一,02/13/2012,28.1775
五,02/10/2012,28.475
四,02/09/2012,28.105
三,02/08/2012,27.0875
二,02/07/2012,26.745
一,02/06/2012,26.84
五,02/03/2012,26.7575
四,02/02/2012,26.515
三,02/01/2012,25.6275
二,01/31/2012,25.16
一,01/30/2012,24.97
五,01/27/2012,25.2625
四,01/26/2012,25.215
三,01/25/2012,25.14
二,01/24/2012,25.2525
一,01/23/2012,24.9
五,01/20/2012,25.145
四,01/19/2012,25.5925
三,01/18/2012,25.945
二,01/17/2012,25.6325
五,01/13/2012,25.185
四,01/12/2012,25.335
三,01/11/2012,24.7775
二,01/10/2012,24.95
一,01/09/2012,24.975
五,01/06/2012,25.1775
四,01/05/2012,25.4775
三,01/04/2012,25.2875
二,01/03/2012,25.7475
五,12/30/2011,25.3825
四,12/29/2011,25.7875
三,12/28/2011,25.18
二,12/27/2011,25.4775
五,12/23/2011,25.62
四,12/22/2011,25.135
三,12/21/2011,25.18
二,12/20/2011,25.3375
一,12/19/2011,24.645
五,12/16/2011,24.36
四,12/15/2011,23.955
三,12/14/2011,24.09
二,12/13/2011,23.9775
一,12/12/2011,24.23
五,12/09/2011,24.2975
四,12/08/2011,23.95
三,12/07/2011,24.2675
二,12/06/2011,23.8425
一,12/05/2011,24.015
五,12/02/2011,24.3
四,12/01/2011,24.44
三,11/30/2011,24.2425
二,11/29/2011,23.225
一,11/28/2011,23.3675
五,11/25/2011,22.255
三,11/23/2011,22.3225
二,11/22/2011,22.71
一,11/21/2011,22.8025
五,11/18/2011,22.7025
四,11/17/2011,22.85
三,11/16/2011,23.35
二,11/15/2011,23.9075
一,11/14/2011,23.455
五,11/11/2011,23.79
四,11/10/2011,23.26
三,11/09/2011,23.2825
二,11/08/2011,23.635
一,11/07/2011,23.24
五,11/04/2011,23.16
四,11/03/2011,23.295
三,11/02/2011,22.875
二,11/01/2011,22.5075
一,10/31/2011,23.315
五,10/28/2011,23.775
四,10/27/2011,23.6
三,10/26/2011,23.005
二,10/25/2011,22.67
一,10/24/2011,23.5525
五,10/21/2011,23.3575
四,10/20/2011,22.8375
三,10/19/2011,22.52
二,10/18/2011,23.4775
一,10/17/2011,22.7975
五,10/14/2011,23.48
四,10/13/2011,23.15
三,10/12/2011,22.7925
二,10/11/2011,22.6275
一,10/10/2011,22.3125
五,10/07/2011,21.5625
四,10/06/2011,21.7825
三,10/05/2011,21.2475
二,10/04/2011,21.195
一,10/03/2011,21.065
五,09/30/2011,21.43
四,09/29/2011,21.9225
三,09/28/2011,21.9075
二,09/27/2011,22.37
一,09/26/2011,22.57
五,09/23/2011,22.52
四,09/22/2011,22.075
三,09/21/2011,22.855
二,09/20/2011,23.21
一,09/19/2011,22.5075
五,09/16/2011,22.7125
四,09/15/2011,22.625
三,09/14/2011,22.395
二,09/13/2011,21.9425
一,09/12/2011,21.8625
五,09/09/2011,21.5875
四,09/08/2011,21.865
三,09/07/2011,22.12
二,09/06/2011,21.465
五,09/02/2011,21.3875
四,09/01/2011,21.9325
三,08/31/2011,21.97
二,08/30/2011,21.9825
一,08/29/2011,21.645
五,08/26/2011,21.4625
四,08/25/2011,21.0275
三,08/24/2011,21.595
二,08/23/2011,20.9425
一,08/22/2011,19.9475
五,08/19/2011,19.9
四,08/18/2011,20.0725
三,08/17/2011,20.9975
二,08/16/2011,21.4575
一,08/15/2011,21.4675
五,08/12/2011,20.9575
四,08/11/2011,21.13
三,08/10/2011,19.82
二,08/09/2011,20.69
一,08/08/2011,19.81
五,08/05/2011,20.8525
四,08/04/2011,21.2475
三,08/03/2011,21.87
二,08/02/2011,20.89
一,08/01/2011,21.42
五,07/29/2011,21.385
四,07/28/2011,21.73
三,07/27/2011,21.9375
二,07/26/2011,22.3
一,07/25/2011,22.27
五,07/22/2011,22.38
四,07/21/2011,22.0125
三,07/20/2011,22.16
二,07/19/2011,22.3025
一,07/18/2011,22.0175
五,07/15/2011,22.1875
四,07/14/2011,21.985
三,07/13/2011,22.185
二,07/12/2011,21.925
一,07/11/2011,21.975
五,07/08/2011,22.4325
四,07/07/2011,22.5375
三,07/06/2011,22.05
二,07/05/2011,22.08
五,07/01/2011,21.9925
四,06/30/2011,21.065
三,06/29/2011,21.6425
二,06/28/2011,18.82
一,06/27/2011,18.4725
五,06/24/2011,18.3425
四,06/23/2011,18.8275
三,06/22/2011,18.665
二,06/21/2011,18.7475
一,06/20/2011,18.5125
五,06/17/2011,18.6075
四,06/16/2011,18.72
三,06/15/2011,18.71
二,06/14/2011,18.9825
一,06/13/2011,18.715
五,06/10/2011,18.6725
四,06/09/2011,19.1075
三,06/08/2011,19.1775
二,06/07/2011,19.955
一,06/06/2011,19.55
五,06/03/2011,19.7825
四,06/02/2011,20.175
三,06/01/2011,19.795
二,05/31/2011,20.265
五,05/27/2011,19.95
四,05/26/2011,19.8225
三,05/25/2011,19.6875
二,05/24/2011,19.4
一,05/23/2011,19.23
五,05/20/2011,19.5575
四,05/19/2011,19.91
三,05/18/2011,20.0025
二,05/17/2011,20.15
一,05/16/2011,19.985
五,05/13/2011,19.9775
四,05/12/2011,19.9825
三,05/11/2011,19.835
二,05/10/2011,20.0875
一,05/09/2011,19.965
五,05/06/2011,19.8525
四,05/05/2011,19.675
三,05/04/2011,19.9425
二,05/03/2011,20.0
一,05/02/2011,19.785
五,04/29/2011,19.53
四,04/28/2011,19.415
三,04/27/2011,19.7225
二,04/26/2011,19.6925
一,04/25/2011,19.44
四,04/21/2011,19.4425
三,04/20/2011,19.3425
二,04/19/2011,18.98
一,04/18/2011,18.92
五,04/15/2011,19.1175
四,04/14/2011,19.0775
三,04/13/2011,19.375
二,04/12/2011,19.2575
一,04/11/2011,19.4275
五,04/08/2011,19.18
四,04/07/2011,19.1025
三,04/06/2011,19.0
二,04/05/2011,18.905
一,04/04/2011,18.81
五,04/01/2011,18.555
四,03/31/2011,18.405
三,03/30/2011,18.5575
二,03/29/2011,18.05
一,03/28/2011,18.1875
五,03/25/2011,18.0225
四,03/24/2011,18.165
三,03/23/2011,17.9975
二,03/22/2011,17.9
一,03/21/2011,17.99
五,03/18/2011,17.855
四,03/17/2011,17.8575
三,03/16/2011,17.74
二,03/15/2011,17.8
一,03/14/2011,17.965
五,03/11/2011,18.1275
四,03/10/2011,17.85
三,03/09/2011,18.4275
二,03/08/2011,18.5425
一,03/07/2011,18.5375
五,03/04/2011,18.6725
四,03/03/2011,18.9575
三,03/02/2011,18.4925
二,03/01/2011,18.175
一,02/28/2011,18.2625
五,02/25/2011,18.67
四,02/24/2011,18.4775
三,02/23/2011,18.22
二,02/22/2011,18.435
五,02/18/2011,18.9575
四,02/17/2011,19.035
三,02/16/2011,18.99
二,02/15/2011,18.9025
一,02/14/2011,18.935
五,02/11/2011,18.7325
四,02/10/2011,18.685
三,02/09/2011,18.32
二,02/08/2011,18.6425
一,02/07/2011,18.4825
五,02/04/2011,18.225
四,02/03/2011,17.9075
三,02/02/2011,18.0225
二,02/01/2011,17.675
一,01/31/2011,17.4625
五,01/28/2011,17.365
四,01/27/2011,17.65
三,01/26/2011,17.75
二,01/25/2011,17.895
一,01/24/2011,17.9475
五,01/21/2011,17.5375
四,01/20/2011,17.6725
三,01/19/2011,17.28
二,01/18/2011,17.8025
五,01/14/2011,17.78
四,01/13/2011,17.785
三,01/12/2011,18.1525
二,01/11/2011,17.97
一,01/10/2011,17.9525
五,01/07/2011,18.24
四,01/06/2011,18.2925
三,01/05/2011,18.0225
二,01/04/2011,17.65
一,01/03/2011,17.63
五,12/31/2010,17.595
四,12/30/2010,17.5725
三,12/29/2010,17.65
二,12/28/2010,17.6825
一,12/27/2010,17.7025
四,12/23/2010,17.1825
三,12/22/2010,17.1375
二,12/21/2010,17.0125
一,12/20/2010,16.9975
五,12/17/2010,16.725
四,12/16/2010,16.7975
三,12/15/2010,19.235
二,12/14/2010,20.16
一,12/13/2010,20.2225
五,12/10/2010,20.05
四,12/09/2010,19.78
三,12/08/2010,19.485
二,12/07/2010,19.22
一,12/06/2010,19.5775
五,12/03/2010,19.3375
四,12/02/2010,19.25
三,12/01/2010,18.805
二,11/30/2010,18.4625
一,11/29/2010,18.5475
五,11/26/2010,18.87
三,11/24/2010,18.955
二,11/23/2010,18.6625
一,11/22/2010,18.865
五,11/19/2010,19.2625
四,11/18/2010,19.235
三,11/17/2010,18.9325
二,11/16/2010,18.7475
一,11/15/2010,19.09
五,11/12/2010,19.235
四,11/11/2010,19.805
三,11/10/2010,19.8225
二,11/09/2010,19.58
一,11/08/2010,19.6775
五,11/05/2010,19.95
四,11/04/2010,19.9975
三,11/03/2010,19.75
二,11/02/2010,19.605
一,11/01/2010,19.33
五,10/29/2010,19.54
四,10/28/2010,19.1125
三,10/27/2010,19.98
二,10/26/2010,20.0075
一,10/25/2010,20.1575
五,10/22/2010,19.8225
四,10/21/2010,19.8
三,10/20/2010,19.88
二,10/19/2010,19.3875
一,10/18/2010,19.59
五,10/15/2010,19.4
四,10/14/2010,19.2925
三,10/13/2010,19.235
二,10/12/2010,18.5625
一,10/11/2010,18.5725
五,10/08/2010,18.5
四,10/07/2010,18.4025
三,10/06/2010,18.5575
二,10/05/2010,18.7475
一,10/04/2010,18.31
五,10/01/2010,18.33
四,09/30/2010,18.565
三,09/29/2010,18.6025
二,09/28/2010,18.3175
一,09/27/2010,18.25
五,09/24/2010,18.0925
四,09/23/2010,17.745
三,09/22/2010,17.655
二,09/21/2010,17.485
一,09/20/2010,17.5775
五,09/17/2010,17.1225
四,09/16/2010,17.095
三,09/15/2010,17.2325
二,09/14/2010,16.78
一,09/13/2010,16.37
五,09/10/2010,17.0225
四,09/09/2010,16.695
三,09/08/2010,17.1375
二,09/07/2010,17.875
五,09/03/2010,18.125
四,09/02/2010,17.995
三,09/01/2010,17.6325
二,08/31/2010,17.245
一,08/30/2010,17.385
五,08/27/2010,17.7775
四,08/26/2010,17.4775
三,08/25/2010,17.715
二,08/24/2010,17.665
一,08/23/2010,17.53
五,08/20/2010,17.525
四,08/19/2010,17.9075
三,08/18/2010,18.22
二,08/17/2010,18.34
一,08/16/2010,18.2075
五,08/13/2010,18.055
四,08/12/2010,18.245
三,08/11/2010,18.3775
二,08/10/2010,18.8175
一,08/09/2010,18.685
五,08/06/2010,18.035
四,08/05/2010,17.875
三,08/04/2010,18.1125
二,08/03/2010,18.25
一,08/02/2010,18.0575
五,07/30/2010,18.3375
四,07/29/2010,17.995
三,07/28/2010,18.795
二,07/27/2010,19.1525
一,07/26/2010,19.02
五,07/23/2010,18.8975
四,07/22/2010,18.615
三,07/21/2010,18.09
二,07/20/2010,18.4
一,07/19/2010,17.805
五,07/16/2010,17.8625
四,07/15/2010,18.82
三,07/14/2010,19.07
二,07/13/2010,19.1475
一,07/12/2010,19.1275
五,07/09/2010,19.345
四,07/08/2010,18.77
三,07/07/2010,18.705
二,07/06/2010,18.0675
五,07/02/2010,18.295
四,07/01/2010,18.215
三,06/30/2010,17.6875
二,06/29/2010,17.8625
一,06/28/2010,18.805
五,06/25/2010,19.165
四,06/24/2010,19.12
三,06/23/2010,19.44
二,06/22/2010,19.69
一,06/21/2010,20.225
五,06/18/2010,19.26
四,06/17/2010,19.56
三,06/16/2010,19.2925
二,06/15/2010,19.2325
一,06/14/2010,18.445
五,06/11/2010,19.02
四,06/10/2010,19.3625
三,06/09/2010,18.45
二,06/08/2010,18.3375
一,06/07/2010,17.9725
五,06/04/2010,18.0325
四,06/03/2010,18.21
三,06/02/2010,17.8125
二,06/01/2010,17.8725
五,05/28/2010,18.115
四,05/27/2010,18.4225
三,05/26/2010,18.35
二,05/25/2010,18.2425
一,05/24/2010,18.6375
五,05/21/2010,18.55
四,05/20/2010,18.205
三,05/19/2010,18.2425
二,05/18/2010,17.5225
一,05/17/2010,18.6775
五,05/14/2010,19.315
四,05/13/2010,21.4325
三,05/12/2010,21.42
二,05/11/2010,21.04
一,05/10/2010,21.4975
五,05/07/2010,20.5725
四,05/06/2010,20.73
三,05/05/2010,21.6075
二,05/04/2010,22.0925
一,05/03/2010,22.3175
五,04/30/2010,22.5575
四,04/29/2010,23.205
三,04/28/2010,23.4025
二,04/27/2010,23.2375
一,04/26/2010,24.0
五,04/23/2010,24.1475
四,04/22/2010,23.785
三,04/21/2010,23.2825
二,04/20/2010,23.5125
一,04/19/2010,23.28
五,04/16/2010,23.4625
四,04/15/2010,23.6125
三,04/14/2010,23.565
二,04/13/2010,23.1975
一,04/12/2010,23.2975
五,04/09/2010,23.13
四,04/08/2010,22.8725
三,04/07/2010,22.6775
二,04/06/2010,23.1
一,04/05/2010,23.1175
四,04/01/2010,23.1375
三,03/31/2010,22.7575
二,03/30/2010,22.75
一,03/29/2010,22.56
五,03/26/2010,22.5625
四,03/25/2010,22.6025
三,03/24/2010,22.1875
二,03/23/2010,22.495
一,03/22/2010,22.31
五,03/19/2010,22.21
四,03/18/2010,22.5325
三,03/17/2010,22.8775
二,03/16/2010,22.9125
一,03/15/2010,23.1025
五,03/12/2010,23.3125
四,03/11/2010,23.185
三,03/10/2010,22.88
二,03/09/2010,22.5375
一,03/08/2010,22.6575
五,03/05/2010,22.1275
四,03/04/2010,21.76
三,03/03/2010,21.7
二,03/02/2010,21.6125
一,03/01/2010,21.705
五,02/26/2010,21.32
四,02/25/2010,21.3075
三,02/24/2010,21.4075
二,02/23/2010,21.53
一,02/22/2010,21.7275
五,02/19/2010,21.7025
四,02/18/2010,21.74
三,02/17/2010,21.605
二,02/16/2010,21.47
五,02/12/2010,21.195
四,02/11/2010,21.285
三,02/10/2010,20.91
二,02/09/2010,20.8175
一,02/08/2010,20.7625
五,02/05/2010,20.64
四,02/04/2010,20.7625
三,02/03/2010,20.88
二,02/02/2010,21.0025
一,02/01/2010,20.915
五,01/29/2010,20.5075
四,01/28/2010,20.6625
三,01/27/2010,20.9775
二,01/26/2010,20.2875
一,01/25/2010,20.5075
五,01/22/2010,20.6825
四,01/21/2010,21.1125
三,01/20/2010,21.855
二,01/19/2010,21.9625
五,01/15/2010,21.535
四,01/14/2010,21.86
三,01/13/2010,21.785
二,01/12/2010,21.585
一,01/11/2010,21.6875
五,01/08/2010,21.75
四,01/07/2010,21.69
三,01/06/2010,21.49
二,01/05/2010,21.7825
一,01/04/2010,22.035
四,12/31/2009,21.865
三,12/30/2009,22.035
二,12/29/2009,22.005
一,12/28/2009,21.69
四,12/24/2009,21.5725
三,12/23/2009,21.5375
二,12/22/2009,21.575
一,12/21/2009,21.8775
五,12/18/2009,22.2425
四,12/17/2009,21.7575
三,12/16/2009,21.7575
二,12/15/2009,21.535
一,12/14/2009,21.1925
五,12/11/2009,20.335
四,12/10/2009,20.58
三,12/09/2009,20.4375
二,12/08/2009,19.9975
一,12/07/2009,19.9825
五,12/04/2009,20.0675
四,12/03/2009,20.0075
三,12/02/2009,20.555
二,12/01/2009,20.7425
一,11/30/2009,20.25
五,11/27/2009,20.0825
三,11/25/2009,20.4475
二,11/24/2009,20.155
一,11/23/2009,20.11
五,11/20/2009,20.0
四,11/19/2009,20.045
三,11/18/2009,20.0975
二,11/17/2009,20.1375
一,11/16/2009,19.8875
五,11/13/2009,20.0
四,11/12/2009,19.98
三,11/11/2009,20.205
二,11/10/2009,20.275
一,11/09/2009,20.29
五,11/06/2009,19.9175
四,11/05/2009,19.8975
三,11/04/2009,19.5775
二,11/03/2009,19.4125
一,11/02/2009,19.3225
五,10/30/2009,18.94
四,10/29/2009,19.32
三,10/28/2009,19.1425
二,10/27/2009,18.475
一,10/26/2009,18.195
五,10/23/2009,18.53
四,10/22/2009,18.9225
三,10/21/2009,18.7975
二,10/20/2009,18.7625
一,10/19/2009,18.7375
五,10/16/2009,18.5725
四,10/15/2009,18.77
三,10/14/2009,18.7
二,10/13/2009,18.6675
一,10/12/2009,18.425
五,10/09/2009,18.235
四,10/08/2009,17.9325
三,10/07/2009,17.715
二,10/06/2009,17.065
一,10/05/2009,17.04
五,10/02/2009,16.9475
四,10/01/2009,17.28
三,09/30/2009,17.2775
二,09/29/2009,17.3925
一,09/28/2009,17.785
五,09/25/2009,17.665
四,09/24/2009,18.3825
三,09/23/2009,18.48
二,09/22/2009,18.6025
一,09/21/2009,18.3475
五,09/18/2009,18.4475
四,09/17/2009,18.455
三,09/16/2009,18.5225
二,09/15/2009,18.3
一,09/14/2009,18.2175
五,09/11/2009,18.0725
四,09/10/2009,18.0775
三,09/09/2009,17.62
二,09/08/2009,17.7375
五,09/04/2009,17.59
四,09/03/2009,17.7275
三,09/02/2009,17.525
二,09/01/2009,17.545
一,08/31/2009,17.775
五,08/28/2009,17.625
四,08/27/2009,17.4275
三,08/26/2009,17.55
二,08/25/2009,17.245
一,08/24/2009,16.9875
五,08/21/2009,17.25
四,08/20/2009,16.9525
三,08/19/2009,16.8
二,08/18/2009,16.7525
一,08/17/2009,16.6075
五,08/14/2009,16.95
四,08/13/2009,17.17
三,08/12/2009,17.1125
二,08/11/2009,17.1525
一,08/10/2009,17.22
五,08/07/2009,17.2925
四,08/06/2009,17.1625
三,08/05/2009,17.095
二,08/04/2009,17.275
一,08/03/2009,17.2775
五,07/31/2009,16.365
四,07/30/2009,16.8025
三,07/29/2009,16.695
二,07/28/2009,16.575
一,07/27/2009,17.0475
五,07/24/2009,16.8225
四,07/23/2009,16.7975
三,07/22/2009,16.7125
二,07/21/2009,16.7875
一,07/20/2009,16.78
五,07/17/2009,16.025
四,07/16/2009,16.1025
三,07/15/2009,15.6625
二,07/14/2009,15.0725
一,07/13/2009,15.0875
五,07/10/2009,14.965
四,07/09/2009,15.11
三,07/08/2009,14.8725
二,07/07/2009,14.9275
一,07/06/2009,15.1675
四,07/02/2009,15.02
三,07/01/2009,15.2
二,06/30/2009,15.565
一,06/29/2009,15.745
五,06/26/2009,15.955
四,06/25/2009,15.4875
三,06/24/2009,15.2725
二,06/23/2009,15.6675
一,06/22/2009,15.31
五,06/19/2009,15.3425
四,06/18/2009,15.3525
三,06/17/2009,15.3375
二,06/16/2009,15.615
一,06/15/2009,16.1075
五,06/12/2009,16.09
四,06/11/2009,16.68
三,06/10/2009,17.3175
二,06/09/2009,17.1575
一,06/08/2009,17.45
五,06/05/2009,17.32
四,06/04/2009,17.38
三,06/03/2009,17.0575
二,06/02/2009,16.7025
一,06/01/2009,16.665
五,05/29/2009,16.9275
四,05/28/2009,16.625
三,05/27/2009,16.48
二,05/26/2009,16.6925
五,05/22/2009,16.4375
四,05/21/2009,16.57
三,05/20/2009,16.24
二,05/19/2009,16.2
一,05/18/2009,16.6025
五,05/15/2009,16.2675
四,05/14/2009,16.13
三,05/13/2009,16.1175
二,05/12/2009,16.305
一,05/11/2009,16.4825
五,05/08/2009,17.1075
四,05/07/2009,16.3825
三,05/06/2009,16.5475
二,05/05/2009,16.8475
一,05/04/2009,17.05
五,05/01/2009,16.2525
四,04/30/2009,16.24
三,04/29/2009,15.8775
二,04/28/2009,15.1775
一,04/27/2009,14.7175
五,04/24/2009,15.095
四,04/23/2009,14.5575
三,04/22/2009,14.3775
二,04/21/2009,14.6575
一,04/20/2009,13.75
五,04/17/2009,14.5
四,04/16/2009,14.5175
三,04/15/2009,14.7775
二,04/14/2009,14.5825
一,04/13/2009,15.2775
四,04/09/2009,14.6975
三,04/08/2009,14.455
二,04/07/2009,14.2875
一,04/06/2009,14.7825
五,04/03/2009,15.02
四,04/02/2009,13.8975
三,04/01/2009,13.5725
二,03/31/2009,13.9
一,03/30/2009,13.375
五,03/27/2009,13.5625
四,03/26/2009,13.875
三,03/25/2009,13.1875
二,03/24/2009,13.4
一,03/23/2009,13.885
五,03/20/2009,13.1325
四,03/19/2009,13.1725
三,03/18/2009,14.0775
二,03/17/2009,13.8225
一,03/16/2009,13.0425
五,03/13/2009,13.0125
四,03/12/2009,13.5225
三,03/11/2009,12.8425
二,03/10/2009,13.2175
一,03/09/2009,12.45
五,03/06/2009,12.5475
四,03/05/2009,13.355
三,03/04/2009,13.8225
二,03/03/2009,13.59
一,03/02/2009,13.54
五,02/27/2009,14.1775
四,02/26/2009,14.015
三,02/25/2009,13.855
二,02/24/2009,14.0875
一,02/23/2009,13.5625
五,02/20/2009,13.915
四,02/19/2009,13.9075
三,02/18/2009,14.0375
二,02/17/2009,13.5625
五,02/13/2009,13.9875
四,02/12/2009,14.1
三,02/11/2009,13.74
二,02/10/2009,13.4625
一,02/09/2009,13.83
五,02/06/2009,13.8525
四,02/05/2009,13.435
三,02/04/2009,12.2825
二,02/03/2009,12.0975
一,02/02/2009,12.4925
五,01/30/2009,12.3375
四,01/29/2009,11.5675
三,01/28/2009,11.805
二,01/27/2009,11.0375
一,01/26/2009,10.6475
五,01/23/2009,11.08
四,01/22/2009,11.045
三,01/21/2009,11.045
二,01/20/2009,10.605
五,01/16/2009,11.8525
四,01/15/2009,12.345
三,01/14/2009,12.7425
二,01/13/2009,13.285
一,01/12/2009,13.24
五,01/09/2009,13.905
四,01/08/2009,13.94
三,01/07/2009,14.09
二,01/06/2009,14.4025
一,01/05/2009,13.455
五,01/02/2009,13.36
三,12/31/2008,13.1125
二,12/30/2008,12.7475
一,12/29/2008,13.0425
五,12/26/2008,13.3125
三,12/24/2008,13.2225
二,12/23/2008,13.4125
一,12/22/2008,13.4375
五,12/19/2008,13.7425
四,12/18/2008,13.675
三,12/17/2008,13.84
二,12/16/2008,13.6925
一,12/15/2008,13.1875
五,12/12/2008,13.2375
四,12/11/2008,13.0225
三,12/10/2008,13.29
二,12/09/2008,13.3825
一,12/08/2008,14.04
五,12/05/2008,13.295
四,12/04/2008,12.7025
三,12/03/2008,13.11
二,12/02/2008,12.42
一,12/01/2008,12.0125
五,11/28/2008,13.14
三,11/26/2008,13.0
二,11/25/2008,12.3825
一,11/24/2008,12.43
五,11/21/2008,11.595
四,11/20/2008,12.035
三,11/19/2008,12.895
二,11/18/2008,13.66
一,11/17/2008,13.19
五,11/14/2008,13.56
四,11/13/2008,13.61
三,11/12/2008,12.9375
二,11/11/2008,13.4475
一,11/10/2008,12.9975
五,11/07/2008,13.375
四,11/06/2008,12.8825
三,11/05/2008,14.1175
二,11/04/2008,14.9525
一,11/03/2008,13.1225
五,10/31/2008,13.8375
四,10/30/2008,13.5625
三,10/29/2008,12.6725
二,10/28/2008,12.4925
一,10/27/2008,11.6475
五,10/24/2008,11.995
四,10/23/2008,12.08
三,10/22/2008,12.1275
二,10/21/2008,12.675
一,10/20/2008,13.0025
五,10/17/2008,13.055
四,10/16/2008,13.2675
三,10/15/2008,12.4375
二,10/14/2008,14.4025
一,10/13/2008,14.7175
五,10/10/2008,13.0
四,10/09/2008,12.4625
三,10/08/2008,13.1575
二,10/07/2008,12.7875
一,10/06/2008,13.845
五,10/03/2008,14.21
四,10/02/2008,14.3975
三,10/01/2008,15.3275
二,09/30/2008,15.3475
一,09/29/2008,14.45
五,09/26/2008,15.51
四,09/25/2008,16.15
三,09/24/2008,16.42
二,09/23/2008,16.725
一,09/22/2008,16.295
五,09/19/2008,17.3925
四,09/18/2008,16.725
三,09/17/2008,16.0225
二,09/16/2008,16.5875
一,09/15/2008,17.345
五,09/12/2008,17.9125
四,09/11/2008,17.7375
三,09/10/2008,17.26
二,09/09/2008,16.8725
一,09/08/2008,17.525
五,09/05/2008,17.94
四,09/04/2008,17.625
三,09/03/2008,18.2625
二,09/02/2008,18.7475
五,08/29/2008,18.975
四,08/28/2008,18.9125
三,08/27/2008,18.6125
二,08/26/2008,18.335
一,08/25/2008,18.33
五,08/22/2008,18.5225
四,08/21/2008,18.595
三,08/20/2008,18.6425
二,08/19/2008,18.435
一,08/18/2008,18.735
五,08/15/2008,18.9475
四,08/14/2008,18.945
三,08/13/2008,18.4825
二,08/12/2008,18.2
一,08/11/2008,18.6975
五,08/08/2008,18.15
四,08/07/2008,17.375
三,08/06/2008,17.87
二,08/05/2008,18.4
一,08/04/2008,18.125
五,08/01/2008,17.9325
四,07/31/2008,18.265
三,07/30/2008,19.6125
二,07/29/2008,18.9925
一,07/28/2008,17.6375
五,07/25/2008,17.99
四,07/24/2008,17.52
三,07/23/2008,18.3125
二,07/22/2008,18.5125
一,07/21/2008,17.975
五,07/18/2008,18.35
四,07/17/2008,18.765
三,07/16/2008,18.0575
二,07/15/2008,17.105
一,07/14/2008,18.145
五,07/11/2008,18.6375
四,07/10/2008,19.3125
三,07/09/2008,18.9675
二,07/08/2008,19.765
一,07/07/2008,18.905
四,07/03/2008,19.5175
三,07/02/2008,19.855
二,07/01/2008,20.3525
一,06/30/2008,20.3275
五,06/27/2008,20.65
四,06/26/2008,19.775
三,06/25/2008,20.515
二,06/24/2008,20.665
一,06/23/2008,20.265
五,06/20/2008,20.8925
四,06/19/2008,21.0675
三,06/18/2008,20.965
二,06/17/2008,21.1675
一,06/16/2008,20.8175
五,06/13/2008,20.3825
四,06/12/2008,19.89
三,06/11/2008,19.435
二,06/10/2008,20.0775
一,06/09/2008,20.535
五,06/06/2008,20.9125
四,06/05/2008,21.81
三,06/04/2008,21.37
二,06/03/2008,21.89
一,06/02/2008,21.5175
五,05/30/2008,21.59
四,05/29/2008,21.3125
三,05/28/2008,20.48
二,05/27/2008,19.685
五,05/23/2008,19.0875
四,05/22/2008,19.3275
三,05/21/2008,20.2125
二,05/20/2008,20.685
一,05/19/2008,20.83
五,05/16/2008,20.5925
四,05/15/2008,20.5625
三,05/14/2008,20.5575
二,05/13/2008,20.595
一,05/12/2008,20.475
五,05/09/2008,20.715
四,05/08/2008,21.825
三,05/07/2008,22.125
二,05/06/2008,21.8825
一,05/05/2008,21.265
五,05/02/2008,20.6875
四,05/01/2008,21.35
三,04/30/2008,20.8625
二,04/29/2008,20.22
一,04/28/2008,18.9075
五,04/25/2008,18.775
四,04/24/2008,18.075
三,04/23/2008,17.52
二,04/22/2008,17.57
一,04/21/2008,17.7425
五,04/18/2008,17.25
四,04/17/2008,16.76
三,04/16/2008,16.535
二,04/15/2008,16.0875
一,04/14/2008,16.42
五,04/11/2008,16.5275
四,04/10/2008,16.5275
三,04/09/2008,16.4475
二,04/08/2008,17.0225
一,04/07/2008,16.26
五,04/04/2008,16.12
四,04/03/2008,16.375
三,04/02/2008,15.58
二,04/01/2008,15.4025
一,03/31/2008,15.59
五,03/28/2008,15.69
四,03/27/2008,15.7275
三,03/26/2008,15.99
二,03/25/2008,15.8125
一,03/24/2008,14.9325
四,03/20/2008,16.0875
三,03/19/2008,14.125
二,03/18/2008,11.0
一,03/17/2008,
五,03/14/2008,
四,03/13/2008,
三,03/12/2008,
二,03/11/2008,
一,03/10/2008,
五,03/07/2008,
四,03/06/2008,
三,03/05/2008,
二,03/04/2008,
一,03/03/2008,
五,02/29/2008,
四,02/28/2008,
三,02/27/2008,
二,02/26/2008,
一,02/25/2008,
五,02/22/2008,
四,02/21/2008,
三,02/20/2008,
二,02/19/2008,
五,02/15/2008,
四,02/14/2008,
三,02/13/2008,
二,02/12/2008,
一,02/11/2008,
五,02/08/2008,
四,02/07/2008,
三,02/06/2008,
二,02/05/2008,
一,02/04/2008,
五,02/01/2008,
四,01/31/2008,
三,01/30/2008,
二,01/29/2008,
一,01/28/2008,
五,01/25/2008,
四,01/24/2008,
三,01/23/2008,
二,01/22/2008,
五,01/18/2008,
四,01/17/2008,
三,01/16/2008,
二,01/15/2008,
一,01/14/2008,
五,01/11/2008,
四,01/10/2008,
三,01/09/2008,
二,01/08/2008,
一,01/07/2008,
五,01/04/2008,
四,01/03/2008,
三,01/02/2008,
一,12/31/2007,
五,12/28/2007,
四,12/27/2007,
三,12/26/2007,
一,12/24/2007,
五,12/21/2007,
四,12/20/2007,
三,12/19/2007,
二,12/18/2007,
一,12/17/2007,
五,12/14/2007,
四,12/13/2007,
三,12/12/2007,
二,12/11/2007,
一,12/10/2007,
五,12/07/2007,
四,12/06/2007,
三,12/05/2007,
二,12/04/2007,
一,12/03/2007,
五,11/30/2007,
四,11/29/2007,
三,11/28/2007,
二,11/27/2007,
一,11/26/2007,
五,11/23/2007,
三,11/21/2007,
二,11/20/2007,
一,11/19/2007,
五,11/16/2007,
四,11/15/2007,
三,11/14/2007,
二,11/13/2007,
一,11/12/2007,
五,11/09/2007,
四,11/08/2007,
三,11/07/2007,
二,11/06/2007,
一,11/05/2007,
五,11/02/2007,
四,11/01/2007,
三,10/31/2007,
二,10/30/2007,
一,10/29/2007,
五,10/26/2007,
四,10/25/2007,
三,10/24/2007,
二,10/23/2007,
一,10/22/2007,
五,10/19/2007,
四,10/18/2007,
三,10/17/2007,
二,10/16/2007,
一,10/15/2007,
五,10/12/2007,
四,10/11/2007,
三,10/10/2007,
二,10/09/2007,
一,10/08/2007,
五,10/05/2007,
四,10/04/2007,
三,10/03/2007,
二,10/02/2007,
一,10/01/2007,
五,09/28/2007,
四,09/27/2007,
三,09/26/2007,
二,09/25/2007,
一,09/24/2007,
五,09/21/2007,
四,09/20/2007,
三,09/19/2007,
二,09/18/2007,
一,09/17/2007,
五,09/14/2007,
四,09/13/2007,
三,09/12/2007,
二,09/11/2007,
一,09/10/2007,
五,09/07/2007,
四,09/06/2007,
三,09/05/2007,
二,09/04/2007,
五,08/31/2007,
四,08/30/2007,
三,08/29/2007,
二,08/28/2007,
一,08/27/2007,
五,08/24/2007,
四,08/23/2007,
三,08/22/2007,
二,08/21/2007,
一,08/20/2007,
五,08/17/2007,
四,08/16/2007,
三,08/15/2007,
二,08/14/2007,
一,08/13/2007,
五,08/10/2007,
四,08/09/2007,
三,08/08/2007,
二,08/07/2007,
一,08/06/2007,
五,08/03/2007,
四,08/02/2007,
三,08/01/2007,
二,07/31/2007,
一,07/30/2007,
五,07/27/2007,
四,07/26/2007,
三,07/25/2007,
二,07/24/2007,
一,07/23/2007,
五,07/20/2007,
四,07/19/2007,
三,07/18/2007,
二,07/17/2007,
一,07/16/2007,
五,07/13/2007,
四,07/12/2007,
三,07/11/2007,
二,07/10/2007,
一,07/09/2007,
五,07/06/2007,
四,07/05/2007,
二,07/03/2007,
一,07/02/2007,
五,06/29/2007,
四,06/28/2007,
三,06/27/2007,
二,06/26/2007,
一,06/25/2007,
五,06/22/2007,
四,06/21/2007,
三,06/20/2007,
二,06/19/2007,
一,06/18/2007,
五,06/15/2007,
四,06/14/2007,
三,06/13/2007,
二,06/12/2007,
一,06/11/2007,
五,06/08/2007,
四,06/07/2007,
三,06/06/2007,
二,06/05/2007,
一,06/04/2007,
五,06/01/2007,
四,05/31/2007,
三,05/30/2007,
二,05/29/2007,
五,05/25/2007,
四,05/24/2007,
三,05/23/2007,
二,05/22/2007,
一,05/21/2007,
五,05/18/2007,
四,05/17/2007,
三,05/16/2007,
二,05/15/2007,
一,05/14/2007,
五,05/11/2007,
四,05/10/2007,
三,05/09/2007,
二,05/08/2007,
一,05/07/2007,
五,05/04/2007,
四,05/03/2007,
三,05/02/2007,
二,05/01/2007,
一,04/30/2007,
五,04/27/2007,
四,04/26/2007,
三,04/25/2007,
二,04/24/2007,
一,04/23/2007,
五,04/20/2007,
四,04/19/2007,
三,04/18/2007,
二,04/17/2007,
一,04/16/2007,
五,04/13/2007,
四,04/12/2007,
三,04/11/2007,
二,04/10/2007,
一,04/09/2007,
四,04/05/2007,
三,04/04/2007,
二,04/03/2007,
一,04/02/2007,
五,03/30/2007,
四,03/29/2007,
三,03/28/2007,
二,03/27/2007,
一,03/26/2007,
五,03/23/2007,
四,03/22/2007,
三,03/21/2007,
二,03/20/2007,
一,03/19/2007,
五,03/16/2007,
四,03/15/2007,
三,03/14/2007,
二,03/13/2007,
一,03/12/2007,
五,03/09/2007,
四,03/08/2007,
三,03/07/2007,
二,03/06/2007,
一,03/05/2007,
五,03/02/2007,
四,03/01/2007,
三,02/28/2007,
二,02/27/2007,
一,02/26/2007,
五,02/23/2007,
四,02/22/2007,
三,02/21/2007,
二,02/20/2007,
五,02/16/2007,
四,02/15/2007,
三,02/14/2007,
二,02/13/2007,
一,02/12/2007,
五,02/09/2007,
四,02/08/2007,
三,02/07/2007,
二,02/06/2007,
一,02/05/2007,
五,02/02/2007,
四,02/01/2007,
三,01/31/2007,
二,01/30/2007,
一,01/29/2007,
五,01/26/2007,
四,01/25/2007,
三,01/24/2007,
二,01/23/2007,
一,01/22/2007,
五,01/19/2007,
四,01/18/2007,
三,01/17/2007,
二,01/16/2007,
五,01/12/2007,
四,01/11/2007,
三,01/10/2007,
二,01/09/2007,
一,01/08/2007,
五,01/05/2007,
四,01/04/2007,
三,01/03/2007,
五,12/29/2006,
四,12/28/2006,
三,12/27/2006,
二,12/26/2006,
五,12/22/2006,
四,12/21/2006,
三,12/20/2006,
二,12/19/2006,
一,12/18/2006,
五,12/15/2006,
四,12/14/2006,
三,12/13/2006,
二,12/12/2006,
一,12/11/2006,
五,12/08/2006,
四,12/07/2006,
三,12/06/2006,
二,12/05/2006,
一,12/04/2006,
五,12/01/2006,
四,11/30/2006,
三,11/29/2006,
二,11/28/2006,
一,11/27/2006,
五,11/24/2006,
三,11/22/2006,
二,11/21/2006,
一,11/20/2006,
五,11/17/2006,
四,11/16/2006,
三,11/15/2006,
二,11/14/2006,
一,11/13/2006,
五,11/10/2006,
四,11/09/2006,
三,11/08/2006,
二,11/07/2006,
一,11/06/2006,
五,11/03/2006,
四,11/02/2006,
三,11/01/2006,
二,10/31/2006,
一,10/30/2006,
五,10/27/2006,
四,10/26/2006,
三,10/25/2006,
二,10/24/2006,
一,10/23/2006,
五,10/20/2006,
四,10/19/2006,
三,10/18/2006,
二,10/17/2006,
一,10/16/2006,
五,10/13/2006,
四,10/12/2006,
三,10/11/2006,
二,10/10/2006,
一,10/09/2006,
五,10/06/2006,
四,10/05/2006,
三,10/04/2006,
二,10/03/2006,
一,10/02/2006,
五,09/29/2006,
四,09/28/2006,
三,09/27/2006,
二,09/26/2006,
一,09/25/2006,
五,09/22/2006,
四,09/21/2006,
三,09/20/2006,
二,09/19/2006,
一,09/18/2006,
五,09/15/2006,
四,09/14/2006,
三,09/13/2006,
二,09/12/2006,
一,09/11/2006,
五,09/08/2006,
四,09/07/2006,
三,09/06/2006,
二,09/05/2006,
五,09/01/2006,
四,08/31/2006,
三,08/30/2006,
二,08/29/2006,
一,08/28/2006,
五,08/25/2006,
四,08/24/2006,
三,08/23/2006,
二,08/22/2006,
一,08/21/2006,
五,08/18/2006,
四,08/17/2006,
三,08/16/2006,
二,08/15/2006,
一,08/14/2006,
五,08/11/2006,
四,08/10/2006,
三,08/09/2006,
二,08/08/2006,
一,08/07/2006,
五,08/04/2006,
四,08/03/2006,
三,08/02/2006,
二,08/01/2006,
一,07/31/2006,
五,07/28/2006,
四,07/27/2006,
三,07/26/2006,
二,07/25/2006,
一,07/24/2006,
五,07/21/2006,
四,07/20/2006,
三,07/19/2006,
二,07/18/2006,
一,07/17/2006,
五,07/14/2006,
四,07/13/2006,
三,07/12/2006,
二,07/11/2006,
一,07/10/2006,
五,07/07/2006,
四,07/06/2006,
三,07/05/2006,
一,07/03/2006,
五,06/30/2006,
四,06/29/2006,
三,06/28/2006,
二,06/27/2006,
一,06/26/2006,
五,06/23/2006,
四,06/22/2006,
三,06/21/2006,
二,06/20/2006,
一,06/19/2006,
五,06/16/2006,
四,06/15/2006,
三,06/14/2006,
二,06/13/2006,
一,06/12/2006,
五,06/09/2006,
四,06/08/2006,
三,06/07/2006,
二,06/06/2006,
一,06/05/2006,
五,06/02/2006,
四,06/01/2006,
三,05/31/2006,
二,05/30/2006,
五,05/26/2006,
四,05/25/2006,
三,05/24/2006,
二,05/23/2006,
一,05/22/2006,
五,05/19/2006,
四,05/18/2006,
三,05/17/2006,
二,05/16/2006,
一,05/15/2006,
五,05/12/2006,
四,05/11/2006,
三,05/10/2006,
二,05/09/2006,
一,05/08/2006,
五,05/05/2006,
四,05/04/2006,
三,05/03/2006,
二,05/02/2006,
一,05/01/2006,
五,04/28/2006,
四,04/27/2006,
三,04/26/2006,
二,04/25/2006,
一,04/24/2006,
五,04/21/2006,
四,04/20/2006,
三,04/19/2006,
二,04/18/2006,
一,04/17/2006,
四,04/13/2006,
三,04/12/2006,
二,04/11/2006,
一,04/10/2006,
五,04/07/2006,
四,04/06/2006,
三,04/05/2006,
二,04/04/2006,
一,04/03/2006,
五,03/31/2006,
四,03/30/2006,
三,03/29/2006,
二,03/28/2006,
一,03/27/2006,
五,03/24/2006,
四,03/23/2006,
三,03/22/2006,
二,03/21/2006,
一,03/20/2006,
五,03/17/2006,
四,03/16/2006,
三,03/15/2006,
二,03/14/2006,
一,03/13/2006,
五,03/10/2006,
四,03/09/2006,
三,03/08/2006,
二,03/07/2006,
一,03/06/2006,
五,03/03/2006,
四,03/02/2006,
三,03/01/2006,
二,02/28/2006,
一,02/27/2006,
五,02/24/2006,
四,02/23/2006,
三,02/22/2006,
二,02/21/2006,
五,02/17/2006,
四,02/16/2006,
三,02/15/2006,
二,02/14/2006,
一,02/13/2006,
五,02/10/2006,
四,02/09/2006,
三,02/08/2006,
二,02/07/2006,
一,02/06/2006,
五,02/03/2006,
四,02/02/2006,
三,02/01/2006,
二,01/31/2006,
一,01/30/2006,
五,01/27/2006,
四,01/26/2006,
三,01/25/2006,
二,01/24/2006,
一,01/23/2006,
五,01/20/2006,
四,01/19/2006,
三,01/18/2006,
二,01/17/2006,
五,01/13/2006,
四,01/12/2006,
三,01/11/2006,
二,01/10/2006,
一,01/09/2006,
五,01/06/2006,
四,01/05/2006,
三,01/04/2006,
二,01/03/2006,
五,12/30/2005,
四,12/29/2005,
三,12/28/2005,
二,12/27/2005,
五,12/23/2005,
四,12/22/2005,
三,12/21/2005,
二,12/20/2005,
一,12/19/2005,
五,12/16/2005,
四,12/15/2005,
三,12/14/2005,
二,12/13/2005,
一,12/12/2005,
五,12/09/2005,
四,12/08/2005,
三,12/07/2005,
二,12/06/2005,
一,12/05/2005,
五,12/02/2005,
四,12/01/2005,
三,11/30/2005,
二,11/29/2005,
一,11/28/2005,
五,11/25/2005,
三,11/23/2005,
二,11/22/2005,
一,11/21/2005,
五,11/18/2005,
四,11/17/2005,
三,11/16/2005,
二,11/15/2005,
一,11/14/2005,
五,11/11/2005,
四,11/10/2005,
三,11/09/2005,
二,11/08/2005,
一,11/07/2005,
五,11/04/2005,
四,11/03/2005,
三,11/02/2005,
二,11/01/2005,
一,10/31/2005,
五,10/28/2005,
四,10/27/2005,
三,10/26/2005,
二,10/25/2005,
一,10/24/2005,
五,10/21/2005,
四,10/20/2005,
三,10/19/2005,
二,10/18/2005,
一,10/17/2005,
五,10/14/2005,
四,10/13/2005,
三,10/12/2005,
二,10/11/2005,
一,10/10/2005,
五,10/07/2005,
四,10/06/2005,
三,10/05/2005,
二,10/04/2005,
一,10/03/2005,
五,09/30/2005,
四,09/29/2005,
三,09/28/2005,
二,09/27/2005,
一,09/26/2005,
五,09/23/2005,
四,09/22/2005,
三,09/21/2005,
二,09/20/2005,
一,09/19/2005,
五,09/16/2005,
四,09/15/2005,
三,09/14/2005,
二,09/13/2005,
一,09/12/2005,
五,09/09/2005,
四,09/08/2005,
三,09/07/2005,
二,09/06/2005,
五,09/02/2005,
四,09/01/2005,
三,08/31/2005,
二,08/30/2005,
一,08/29/2005,
五,08/26/2005,
四,08/25/2005,
三,08/24/2005,
二,08/23/2005,
一,08/22/2005,
五,08/19/2005,
四,08/18/2005,
三,08/17/2005,
二,08/16/2005,
一,08/15/2005,
五,08/12/2005,
四,08/11/2005,
三,08/10/2005,
二,08/09/2005,
一,08/08/2005,
五,08/05/2005,
四,08/04/2005,
三,08/03/2005,
二,08/02/2005,
一,08/01/2005,
五,07/29/2005,
四,07/28/2005,
三,07/27/2005,
二,07/26/2005,
一,07/25/2005,
五,07/22/2005,
四,07/21/2005,
三,07/20/2005,
二,07/19/2005,
一,07/18/2005,
五,07/15/2005,
四,07/14/2005,
三,07/13/2005,
二,07/12/2005,
一,07/11/2005,
五,07/08/2005,
四,07/07/2005,
三,07/06/2005,
二,07/05/2005,
五,07/01/2005,
四,06/30/2005,
三,06/29/2005,
二,06/28/2005,
一,06/27/2005,
五,06/24/2005,
四,06/23/2005,
三,06/22/2005,
二,06/21/2005,
一,06/20/2005,
五,06/17/2005,
四,06/16/2005,
三,06/15/2005,
二,06/14/2005,
一,06/13/2005,
五,06/10/2005,
四,06/09/2005,
三,06/08/2005,
二,06/07/2005,
一,06/06/2005,
五,06/03/2005,
四,06/02/2005,
三,06/01/2005,
二,05/31/2005,
五,05/27/2005,
四,05/26/2005,
三,05/25/2005,
二,05/24/2005,
一,05/23/2005,
五,05/20/2005,
四,05/19/2005,
三,05/18/2005,
二,05/17/2005,
一,05/16/2005,
五,05/13/2005,
四,05/12/2005,
三,05/11/2005,
二,05/10/2005,
一,05/09/2005,
五,05/06/2005,
四,05/05/2005,
三,05/04/2005,
二,05/03/2005,
一,05/02/2005,
五,04/29/2005,
四,04/28/2005,
三,04/27/2005,
二,04/26/2005,
一,04/25/2005,
五,04/22/2005,
四,04/21/2005,
三,04/20/2005,
二,04/19/2005,
一,04/18/2005,
五,04/15/2005,
四,04/14/2005,
三,04/13/2005,
二,04/12/2005,
一,04/11/2005,
五,04/08/2005,
四,04/07/2005,
三,04/06/2005,
二,04/05/2005,
一,04/04/2005,
五,04/01/2005,
四,03/31/2005,
三,03/30/2005,
二,03/29/2005,
一,03/28/2005,
四,03/24/2005,
三,03/23/2005,
二,03/22/2005,
一,03/21/2005,
五,03/18/2005,
四,03/17/2005,
三,03/16/2005,
二,03/15/2005,
一,03/14/2005,
五,03/11/2005,
四,03/10/2005,
三,03/09/2005,
二,03/08/2005,
一,03/07/2005,
五,03/04/2005,
四,03/03/2005,
三,03/02/2005,
二,03/01/2005,
一,02/28/2005,
五,02/25/2005,
四,02/24/2005,
三,02/23/2005,
二,02/22/2005,
五,02/18/2005,
四,02/17/2005,
三,02/16/2005,
二,02/15/2005,
一,02/14/2005,
五,02/11/2005,
四,02/10/2005,
三,02/09/2005,
二,02/08/2005,
一,02/07/2005,
五,02/04/2005,
四,02/03/2005,
三,02/02/2005,
二,02/01/2005,
一,01/31/2005,
五,01/28/2005,
四,01/27/2005,
三,01/26/2005,
二,01/25/2005,
一,01/24/2005,
五,01/21/2005,
四,01/20/2005,
三,01/19/2005,
二,01/18/2005,
五,01/14/2005,
四,01/13/2005,
三,01/12/2005,
二,01/11/2005,
一,01/10/2005,
五,01/07/2005,
四,01/06/2005,
三,01/05/2005,
二,01/04/2005,
一,01/03/2005,
五,12/31/2004,
四,12/30/2004,
三,12/29/2004,
二,12/28/2004,
一,12/27/2004,
四,12/23/2004,
三,12/22/2004,
二,12/21/2004,
一,12/20/2004,
五,12/17/2004,
四,12/16/2004,
三,12/15/2004,
二,12/14/2004,
一,12/13/2004,
五,12/10/2004,
四,12/09/2004,
三,12/08/2004,
二,12/07/2004,
一,12/06/2004,
五,12/03/2004,
四,12/02/2004,
三,12/01/2004,
二,11/30/2004,
一,11/29/2004,
五,11/26/2004,
三,11/24/2004,
二,11/23/2004,
一,11/22/2004,
五,11/19/2004,
四,11/18/2004,
三,11/17/2004,
二,11/16/2004,
一,11/15/2004,
五,11/12/2004,
四,11/11/2004,
三,11/10/2004,
二,11/09/2004,
一,11/08/2004,
五,11/05/2004,
四,11/04/2004,
三,11/03/2004,
二,11/02/2004,
一,11/01/2004,
五,10/29/2004,
四,10/28/2004,
三,10/27/2004,
二,10/26/2004,
一,10/25/2004,
五,10/22/2004,
四,10/21/2004,
三,10/20/2004,
二,10/19/2004,
一,10/18/2004,
五,10/15/2004,
四,10/14/2004,
三,10/13/2004,
二,10/12/2004,
一,10/11/2004,
五,10/08/2004,
四,10/07/2004,
三,10/06/2004,
二,10/05/2004,
一,10/04/2004,
五,10/01/2004,
四,09/30/2004,
三,09/29/2004,
二,09/28/2004,
一,09/27/2004,
五,09/24/2004,
四,09/23/2004,
三,09/22/2004,
二,09/21/2004,
一,09/20/2004,
五,09/17/2004,
四,09/16/2004,
三,09/15/2004,
二,09/14/2004,
一,09/13/2004,
五,09/10/2004,
四,09/09/2004,
三,09/08/2004,
二,09/07/2004,
五,09/03/2004,
四,09/02/2004,
三,09/01/2004,
二,08/31/2004,
一,08/30/2004,
五,08/27/2004,
四,08/26/2004,
三,08/25/2004,
二,08/24/2004,
一,08/23/2004,
五,08/20/2004,
四,08/19/2004,
三,08/18/2004,
二,08/17/2004,
一,08/16/2004,
五,08/13/2004,
四,08/12/2004,
三,08/11/2004,
二,08/10/2004,
一,08/09/2004,
五,08/06/2004,
四,08/05/2004,
三,08/04/2004,
二,08/03/2004,
一,08/02/2004,
五,07/30/2004,
四,07/29/2004,
三,07/28/2004,
二,07/27/2004,
一,07/26/2004,
五,07/23/2004,
四,07/22/2004,
三,07/21/2004,
二,07/20/2004,
一,07/19/2004,
五,07/16/2004,
四,07/15/2004,
三,07/14/2004,
二,07/13/2004,
一,07/12/2004,
五,07/09/2004,
四,07/08/2004,
三,07/07/2004,
二,07/06/2004,
五,07/02/2004,
四,07/01/2004,
三,06/30/2004,
二,06/29/2004,
一,06/28/2004,
五,06/25/2004,
四,06/24/2004,
三,06/23/2004,
二,06/22/2004,
一,06/21/2004,
五,06/18/2004,
四,06/17/2004,
三,06/16/2004,
二,06/15/2004,
一,06/14/2004,
四,06/10/2004,
三,06/09/2004,
二,06/08/2004,
一,06/07/2004,
五,06/04/2004,
四,06/03/2004,
三,06/02/2004,
二,06/01/2004,
五,05/28/2004,
四,05/27/2004,
三,05/26/2004,
二,05/25/2004,
一,05/24/2004,
五,05/21/2004,
四,05/20/2004,
三,05/19/2004,
二,05/18/2004,
一,05/17/2004,
五,05/14/2004,
四,05/13/2004,
三,05/12/2004,
二,05/11/2004,
一,05/10/2004,
五,05/07/2004,
四,05/06/2004,
三,05/05/2004,
二,05/04/2004,
一,05/03/2004,
五,04/30/2004,
四,04/29/2004,
三,04/28/2004,
二,04/27/2004,
一,04/26/2004,
五,04/23/2004,
四,04/22/2004,
三,04/21/2004,
二,04/20/2004,
一,04/19/2004,
五,04/16/2004,
四,04/15/2004,
三,04/14/2004,
二,04/13/2004,
一,04/12/2004,
四,04/08/2004,
三,04/07/2004,
二,04/06/2004,
一,04/05/2004,
五,04/02/2004,
四,04/01/2004,
三,03/31/2004,
二,03/30/2004,
一,03/29/2004,
五,03/26/2004,
四,03/25/2004,
三,03/24/2004,
二,03/23/2004,
一,03/22/2004,
五,03/19/2004,
四,03/18/2004,
三,03/17/2004,
二,03/16/2004,
一,03/15/2004,
五,03/12/2004,
四,03/11/2004,
三,03/10/2004,
二,03/09/2004,
一,03/08/2004,
五,03/05/2004,
四,03/04/2004,
三,03/03/2004,
二,03/02/2004,
一,03/01/2004,
五,02/27/2004,
四,02/26/2004,
三,02/25/2004,
二,02/24/2004,
一,02/23/2004,
五,02/20/2004,
四,02/19/2004,
三,02/18/2004,
二,02/17/2004,
五,02/13/2004,
四,02/12/2004,
三,02/11/2004,
二,02/10/2004,
一,02/09/2004,
五,02/06/2004,
四,02/05/2004,
三,02/04/2004,
二,02/03/2004,
一,02/02/2004,
五,01/30/2004,
四,01/29/2004,
三,01/28/2004,
二,01/27/2004,
一,01/26/2004,
五,01/23/2004,
四,01/22/2004,
三,01/21/2004,
二,01/20/2004,
五,01/16/2004,
四,01/15/2004,
三,01/14/2004,
二,01/13/2004,
一,01/12/2004,
五,01/09/2004,
四,01/08/2004,
三,01/07/2004,
二,01/06/2004,
一,01/05/2004,
五,01/02/2004,
三,12/31/2003,
二,12/30/2003,
一,12/29/2003,
五,12/26/2003,
三,12/24/2003,
二,12/23/2003,
一,12/22/2003,
五,12/19/2003,
四,12/18/2003,
三,12/17/2003,
二,12/16/2003,
一,12/15/2003,
五,12/12/2003,
四,12/11/2003,
三,12/10/2003,
二,12/09/2003,
一,12/08/2003,
五,12/05/2003,
四,12/04/2003,
三,12/03/2003,
二,12/02/2003,
一,12/01/2003,
五,11/28/2003,
三,11/26/2003,
二,11/25/2003,
一,11/24/2003,
五,11/21/2003,
四,11/20/2003,
三,11/19/2003,
二,11/18/2003,
一,11/17/2003,
五,11/14/2003,
四,11/13/2003,
三,11/12/2003,
二,11/11/2003,
一,11/10/2003,
五,11/07/2003,
四,11/06/2003,
三,11/05/2003,
二,11/04/2003,
一,11/03/2003,
五,10/31/2003,
四,10/30/2003,
三,10/29/2003,
二,10/28/2003,
一,10/27/2003,
五,10/24/2003,
四,10/23/2003,
三,10/22/2003,
二,10/21/2003,
一,10/20/2003,
五,10/17/2003,
四,10/16/2003,
三,10/15/2003,
二,10/14/2003,
一,10/13/2003,
五,10/10/2003,
四,10/09/2003,
三,10/08/2003,
二,10/07/2003,
一,10/06/2003,
五,10/03/2003,
四,10/02/2003,
三,10/01/2003,
二,09/30/2003,
一,09/29/2003,
五,09/26/2003,
四,09/25/2003,
三,09/24/2003,
二,09/23/2003,
一,09/22/2003,
五,09/19/2003,
四,09/18/2003,
三,09/17/2003,
二,09/16/2003,
一,09/15/2003,
五,09/12/2003,
四,09/11/2003,
三,09/10/2003,
二,09/09/2003,
一,09/08/2003,
五,09/05/2003,
四,09/04/2003,
三,09/03/2003,
二,09/02/2003,
五,08/29/2003,
四,08/28/2003,
三,08/27/2003,
二,08/26/2003,
一,08/25/2003,
五,08/22/2003,
四,08/21/2003,
三,08/20/2003,
二,08/19/2003,
一,08/18/2003,
五,08/15/2003,
四,08/14/2003,
三,08/13/2003,
二,08/12/2003,
一,08/11/2003,
五,08/08/2003,
四,08/07/2003,
三,08/06/2003,
二,08/05/2003,
一,08/04/2003,
五,08/01/2003,
四,07/31/2003,
三,07/30/2003,
二,07/29/2003,
一,07/28/2003,
五,07/25/2003,
四,07/24/2003,
三,07/23/2003,
二,07/22/2003,
一,07/21/2003,
五,07/18/2003,
四,07/17/2003,
三,07/16/2003,
二,07/15/2003,
一,07/14/2003,
五,07/11/2003,
四,07/10/2003,
三,07/09/2003,
二,07/08/2003,
一,07/07/2003,
四,07/03/2003,
三,07/02/2003,
二,07/01/2003,
一,06/30/2003,
五,06/27/2003,
四,06/26/2003,
三,06/25/2003,
二,06/24/2003,
一,06/23/2003,
五,06/20/2003,
四,06/19/2003,
三,06/18/2003,
二,06/17/2003,
一,06/16/2003,
五,06/13/2003,
四,06/12/2003,
三,06/11/2003,
二,06/10/2003,
一,06/09/2003,
五,06/06/2003,
四,06/05/2003,
三,06/04/2003,
二,06/03/2003,
一,06/02/2003,
五,05/30/2003,
四,05/29/2003,
三,05/28/2003,
二,05/27/2003,
五,05/23/2003,
四,05/22/2003,
三,05/21/2003,
二,05/20/2003,
一,05/19/2003,
五,05/16/2003,
四,05/15/2003,
三,05/14/2003,
二,05/13/2003,
一,05/12/2003,
五,05/09/2003,
四,05/08/2003,
三,05/07/2003,
二,05/06/2003,
一,05/05/2003,
五,05/02/2003,
四,05/01/2003,
三,04/30/2003,
二,04/29/2003,
一,04/28/2003,
五,04/25/2003,
四,04/24/2003,
三,04/23/2003,
二,04/22/2003,
一,04/21/2003,
四,04/17/2003,
三,04/16/2003,
二,04/15/2003,
一,04/14/2003,
五,04/11/2003,
四,04/10/2003,
三,04/09/2003,
二,04/08/2003,
一,04/07/2003,
五,04/04/2003,
四,04/03/2003,
三,04/02/2003,
二,04/01/2003,
一,03/31/2003,
五,03/28/2003,
四,03/27/2003,
三,03/26/2003,
二,03/25/2003,
一,03/24/2003,
五,03/21/2003,
四,03/20/2003,
三,03/19/2003,
二,03/18/2003,
一,03/17/2003,
五,03/14/2003,
四,03/13/2003,
三,03/12/2003,
二,03/11/2003,
一,03/10/2003,
五,03/07/2003,
四,03/06/2003,
三,03/05/2003,
二,03/04/2003,
一,03/03/2003,
五,02/28/2003,
四,02/27/2003,
三,02/26/2003,
二,02/25/2003,
一,02/24/2003,
五,02/21/2003,
四,02/20/2003,
三,02/19/2003,
二,02/18/2003,
五,02/14/2003,
四,02/13/2003,
三,02/12/2003,
二,02/11/2003,
一,02/10/2003,
五,02/07/2003,
四,02/06/2003,
三,02/05/2003,
二,02/04/2003,
一,02/03/2003,
五,01/31/2003,
四,01/30/2003,
三,01/29/2003,
二,01/28/2003,
一,01/27/2003,
五,01/24/2003,
四,01/23/2003,
三,01/22/2003,
二,01/21/2003,
五,01/17/2003,
四,01/16/2003,
三,01/15/2003,
二,01/14/2003,
一,01/13/2003,
五,01/10/2003,
四,01/09/2003,
三,01/08/2003,
二,01/07/2003,
一,01/06/2003,
五,01/03/2003,
四,01/02/2003,
二,12/31/2002,
一,12/30/2002,
五,12/27/2002,
四,12/26/2002,
二,12/24/2002,
一,12/23/2002,
五,12/20/2002,
四,12/19/2002,
三,12/18/2002,
二,12/17/2002,
一,12/16/2002,
五,12/13/2002,
四,12/12/2002,
三,12/11/2002,
二,12/10/2002,
一,12/09/2002,
五,12/06/2002,
四,12/05/2002,
三,12/04/2002,
二,12/03/2002,
一,12/02/2002,
五,11/29/2002,
三,11/27/2002,
二,11/26/2002,
一,11/25/2002,
五,11/22/2002,
四,11/21/2002,
三,11/20/2002,
二,11/19/2002,
一,11/18/2002,
五,11/15/2002,
四,11/14/2002,
三,11/13/2002,
二,11/12/2002,
一,11/11/2002,
五,11/08/2002,
四,11/07/2002,
三,11/06/2002,
二,11/05/2002,
一,11/04/2002,
五,11/01/2002,
四,10/31/2002,
三,10/30/2002,
二,10/29/2002,
一,10/28/2002,
五,10/25/2002,
四,10/24/2002,
三,10/23/2002,
二,10/22/2002,
一,10/21/2002,
五,10/18/2002,
四,10/17/2002,
三,10/16/2002,
二,10/15/2002,
一,10/14/2002,
五,10/11/2002,
四,10/10/2002,
三,10/09/2002,
二,10/08/2002,
一,10/07/2002,
五,10/04/2002,
四,10/03/2002,
三,10/02/2002,
二,10/01/2002,
一,09/30/2002,
五,09/27/2002,
四,09/26/2002,
三,09/25/2002,
二,09/24/2002,
一,09/23/2002,
五,09/20/2002,
四,09/19/2002,
三,09/18/2002,
二,09/17/2002,
一,09/16/2002,
五,09/13/2002,
四,09/12/2002,
三,09/11/2002,
二,09/10/2002,
一,09/09/2002,
五,09/06/2002,
四,09/05/2002,
三,09/04/2002,
二,09/03/2002,
五,08/30/2002,
四,08/29/2002,
三,08/28/2002,
二,08/27/2002,
一,08/26/2002,
五,08/23/2002,
四,08/22/2002,
三,08/21/2002,
二,08/20/2002,
一,08/19/2002,
五,08/16/2002,
四,08/15/2002,
三,08/14/2002,
二,08/13/2002,
一,08/12/2002,
五,08/09/2002,
四,08/08/2002,
三,08/07/2002,
二,08/06/2002,
一,08/05/2002,
五,08/02/2002,
四,08/01/2002,
三,07/31/2002,
二,07/30/2002,
一,07/29/2002,
五,07/26/2002,
四,07/25/2002,
三,07/24/2002,
二,07/23/2002,
一,07/22/2002,
五,07/19/2002,
四,07/18/2002,
三,07/17/2002,
二,07/16/2002,
一,07/15/2002,
五,07/12/2002,
四,07/11/2002,
三,07/10/2002,
二,07/09/2002,
一,07/08/2002,
五,07/05/2002,
三,07/03/2002,
二,07/02/2002,
一,07/01/2002,
五,06/28/2002,
四,06/27/2002,
三,06/26/2002,
二,06/25/2002,
一,06/24/2002,
五,06/21/2002,
四,06/20/2002,
三,06/19/2002,
二,06/18/2002,
一,06/17/2002,
五,06/14/2002,
四,06/13/2002,
三,06/12/2002,
二,06/11/2002,
一,06/10/2002,
五,06/07/2002,
四,06/06/2002,
三,06/05/2002,
二,06/04/2002,
一,06/03/2002,
五,05/31/2002,
四,05/30/2002,
三,05/29/2002,
二,05/28/2002,
五,05/24/2002,
四,05/23/2002,
三,05/22/2002,
二,05/21/2002,
一,05/20/2002,
五,05/17/2002,
四,05/16/2002,
三,05/15/2002,
二,05/14/2002,
一,05/13/2002,
五,05/10/2002,
四,05/09/2002,
三,05/08/2002,
二,05/07/2002,
一,05/06/2002,
五,05/03/2002,
四,05/02/2002,
三,05/01/2002,
二,04/30/2002,
一,04/29/2002,
五,04/26/2002,
四,04/25/2002,
三,04/24/2002,
二,04/23/2002,
一,04/22/2002,
五,04/19/2002,
四,04/18/2002,
三,04/17/2002,
二,04/16/2002,
一,04/15/2002,
五,04/12/2002,
四,04/11/2002,
三,04/10/2002,
二,04/09/2002,
一,04/08/2002,
五,04/05/2002,
四,04/04/2002,
三,04/03/2002,
二,04/02/2002,
一,04/01/2002,
四,03/28/2002,
三,03/27/2002,
二,03/26/2002,
一,03/25/2002,
五,03/22/2002,
四,03/21/2002,
三,03/20/2002,
二,03/19/2002,
一,03/18/2002,
五,03/15/2002,
四,03/14/2002,
三,03/13/2002,
二,03/12/2002,
一,03/11/2002,
五,03/08/2002,
四,03/07/2002,
三,03/06/2002,
二,03/05/2002,
一,03/04/2002,
五,03/01/2002,
四,02/28/2002,
三,02/27/2002,
二,02/26/2002,
一,02/25/2002,
五,02/22/2002,
四,02/21/2002,
三,02/20/2002,
二,02/19/2002,
五,02/15/2002,
四,02/14/2002,
三,02/13/2002,
二,02/12/2002,
一,02/11/2002,
五,02/08/2002,
四,02/07/2002,
三,02/06/2002,
二,02/05/2002,
一,02/04/2002,
五,02/01/2002,
四,01/31/2002,
三,01/30/2002,
二,01/29/2002,
一,01/28/2002,
五,01/25/2002,
四,01/24/2002,
三,01/23/2002,
二,01/22/2002,
五,01/18/2002,
四,01/17/2002,
三,01/16/2002,
二,01/15/2002,
一,01/14/2002,
五,01/11/2002,
四,01/10/2002,
三,01/09/2002,
二,01/08/2002,
一,01/07/2002,
五,01/04/2002,
四,01/03/2002,
三,01/02/2002,
一,12/31/2001,
五,12/28/2001,
四,12/27/2001,
三,12/26/2001,
一,12/24/2001,
五,12/21/2001,
四,12/20/2001,
三,12/19/2001,
二,12/18/2001,
一,12/17/2001,
五,12/14/2001,
四,12/13/2001,
三,12/12/2001,
二,12/11/2001,
一,12/10/2001,
五,12/07/2001,
四,12/06/2001,
三,12/05/2001,
二,12/04/2001,
一,12/03/2001,
五,11/30/2001,
四,11/29/2001,
三,11/28/2001,
二,11/27/2001,
一,11/26/2001,
五,11/23/2001,
三,11/21/2001,
二,11/20/2001,
一,11/19/2001,
五,11/16/2001,
四,11/15/2001,
三,11/14/2001,
二,11/13/2001,
一,11/12/2001,
五,11/09/2001,
四,11/08/2001,
三,11/07/2001,
二,11/06/2001,
一,11/05/2001,
五,11/02/2001,
四,11/01/2001,
三,10/31/2001,
二,10/30/2001,
一,10/29/2001,
五,10/26/2001,
四,10/25/2001,
三,10/24/2001,
二,10/23/2001,
一,10/22/2001,
五,10/19/2001,
四,10/18/2001,
三,10/17/2001,
二,10/16/2001,
一,10/15/2001,
五,10/12/2001,
四,10/11/2001,
三,10/10/2001,
二,10/09/2001,
一,10/08/2001,
五,10/05/2001,
四,10/04/2001,
三,10/03/2001,
二,10/02/2001,
一,10/01/2001,
五,09/28/2001,
四,09/27/2001,
三,09/26/2001,
二,09/25/2001,
一,09/24/2001,
五,09/21/2001,
四,09/20/2001,
三,09/19/2001,
二,09/18/2001,
一,09/17/2001,
二,09/11/2001,
一,09/10/2001,
五,09/07/2001,
四,09/06/2001,
三,09/05/2001,
二,09/04/2001,
五,08/31/2001,
四,08/30/2001,
三,08/29/2001,
二,08/28/2001,
一,08/27/2001,
五,08/24/2001,
四,08/23/2001,
三,08/22/2001,
二,08/21/2001,
一,08/20/2001,
五,08/17/2001,
四,08/16/2001,
三,08/15/2001,
二,08/14/2001,
一,08/13/2001,
五,08/10/2001,
四,08/09/2001,
三,08/08/2001,
二,08/07/2001,
一,08/06/2001,
五,08/03/2001,
四,08/02/2001,
三,08/01/2001,
二,07/31/2001,
一,07/30/2001,
五,07/27/2001,
四,07/26/2001,
三,07/25/2001,
二,07/24/2001,
一,07/23/2001,
五,07/20/2001,
四,07/19/2001,
三,07/18/2001,
二,07/17/2001,
一,07/16/2001,
五,07/13/2001,
四,07/12/2001,
三,07/11/2001,
二,07/10/2001,
一,07/09/2001,
五,07/06/2001,
四,07/05/2001,
二,07/03/2001,
一,07/02/2001,
五,06/29/2001,
四,06/28/2001,
三,06/27/2001,
二,06/26/2001,
一,06/25/2001,
五,06/22/2001,
四,06/21/2001,
三,06/20/2001,
二,06/19/2001,
一,06/18/2001,
五,06/15/2001,
四,06/14/2001,
三,06/13/2001,
二,06/12/2001,
一,06/11/2001,
五,06/08/2001,
四,06/07/2001,
三,06/06/2001,
二,06/05/2001,
一,06/04/2001,
五,06/01/2001,
四,05/31/2001,
三,05/30/2001,
二,05/29/2001,
五,05/25/2001,
四,05/24/2001,
三,05/23/2001,
二,05/22/2001,
一,05/21/2001,
五,05/18/2001,
四,05/17/2001,
三,05/16/2001,
二,05/15/2001,
一,05/14/2001,
五,05/11/2001,
四,05/10/2001,
三,05/09/2001,
二,05/08/2001,
一,05/07/2001,
五,05/04/2001,
四,05/03/2001,
三,05/02/2001,
二,05/01/2001,
一,04/30/2001,
五,04/27/2001,
四,04/26/2001,
三,04/25/2001,
二,04/24/2001,
一,04/23/2001,
五,04/20/2001,
四,04/19/2001,
三,04/18/2001,
二,04/17/2001,
一,04/16/2001,
四,04/12/2001,
三,04/11/2001,
二,04/10/2001,
一,04/09/2001,
五,04/06/2001,
四,04/05/2001,
三,04/04/2001,
二,04/03/2001,
一,04/02/2001,
五,03/30/2001,
四,03/29/2001,
三,03/28/2001,
二,03/27/2001,
一,03/26/2001,
五,03/23/2001,
四,03/22/2001,
三,03/21/2001,
二,03/20/2001,
一,03/19/2001,
五,03/16/2001,
四,03/15/2001,
三,03/14/2001,
二,03/13/2001,
一,03/12/2001,
五,03/09/2001,
四,03/08/2001,
三,03/07/2001,
二,03/06/2001,
一,03/05/2001,
五,03/02/2001,
四,03/01/2001,
三,02/28/2001,
二,02/27/2001,
一,02/26/2001,
五,02/23/2001,
四,02/22/2001,
三,02/21/2001,
二,02/20/2001,
五,02/16/2001,
四,02/15/2001,
三,02/14/2001,
二,02/13/2001,
一,02/12/2001,
五,02/09/2001,
四,02/08/2001,
三,02/07/2001,
二,02/06/2001,
一,02/05/2001,
五,02/02/2001,
四,02/01/2001,
三,01/31/2001,
二,01/30/2001,
一,01/29/2001,
五,01/26/2001,
四,01/25/2001,
三,01/24/2001,
二,01/23/2001,
一,01/22/2001,
五,01/19/2001,
四,01/18/2001,
三,01/17/2001,
二,01/16/2001,
五,01/12/2001,
四,01/11/2001,
三,01/10/2001,
二,01/09/2001,
一,01/08/2001,
五,01/05/2001,
四,01/04/2001,
三,01/03/2001,
二,01/02/2001,
五,12/29/2000,
四,12/28/2000,
三,12/27/2000,
二,12/26/2000,
五,12/22/2000,
四,12/21/2000,
三,12/20/2000,
二,12/19/2000,
一,12/18/2000,
五,12/15/2000,
四,12/14/2000,
三,12/13/2000,
二,12/12/2000,
一,12/11/2000,
五,12/08/2000,
四,12/07/2000,
三,12/06/2000,
二,12/05/2000,
一,12/04/2000,
五,12/01/2000,
四,11/30/2000,
三,11/29/2000,
二,11/28/2000,
一,11/27/2000,
五,11/24/2000,
三,11/22/2000,
二,11/21/2000,
一,11/20/2000,
五,11/17/2000,
四,11/16/2000,
三,11/15/2000,
二,11/14/2000,
一,11/13/2000,
五,11/10/2000,
四,11/09/2000,
三,11/08/2000,
二,11/07/2000,
一,11/06/2000,
五,11/03/2000,
四,11/02/2000,
三,11/01/2000,
二,10/31/2000,
一,10/30/2000,
五,10/27/2000,
四,10/26/2000,
三,10/25/2000,
二,10/24/2000,
一,10/23/2000,
五,10/20/2000,
四,10/19/2000,
三,10/18/2000,
二,10/17/2000,
一,10/16/2000,
五,10/13/2000,
四,10/12/2000,
三,10/11/2000,
二,10/10/2000,
一,10/09/2000,
五,10/06/2000,
四,10/05/2000,
三,10/04/2000,
二,10/03/2000,
一,10/02/2000,
五,09/29/2000,
四,09/28/2000,
三,09/27/2000,
二,09/26/2000,
一,09/25/2000,
五,09/22/2000,
四,09/21/2000,
三,09/20/2000,
二,09/19/2000,
一,09/18/2000,
五,09/15/2000,
四,09/14/2000,
三,09/13/2000,
二,09/12/2000,
一,09/11/2000,
五,09/08/2000,
四,09/07/2000,
三,09/06/2000,
二,09/05/2000,
五,09/01/2000,
四,08/31/2000,
三,08/30/2000,
二,08/29/2000,
一,08/28/2000,
五,08/25/2000,
四,08/24/2000,
三,08/23/2000,
二,08/22/2000,
一,08/21/2000,
五,08/18/2000,
四,08/17/2000,
三,08/16/2000,
二,08/15/2000,
一,08/14/2000,
五,08/11/2000,
四,08/10/2000,
三,08/09/2000,
二,08/08/2000,
一,08/07/2000,
五,08/04/2000,
四,08/03/2000,
三,08/02/2000,
二,08/01/2000,
一,07/31/2000,
五,07/28/2000,
四,07/27/2000,
三,07/26/2000,
二,07/25/2000,
一,07/24/2000,
五,07/21/2000,
四,07/20/2000,
三,07/19/2000,
二,07/18/2000,
一,07/17/2000,
五,07/14/2000,
四,07/13/2000,
三,07/12/2000,
二,07/11/2000,
一,07/10/2000,
五,07/07/2000,
四,07/06/2000,
三,07/05/2000,
一,07/03/2000,
五,06/30/2000,
四,06/29/2000,
三,06/28/2000,
二,06/27/2000,
一,06/26/2000,
五,06/23/2000,
四,06/22/2000,
三,06/21/2000,
二,06/20/2000,
一,06/19/2000,
五,06/16/2000,
四,06/15/2000,
三,06/14/2000,
二,06/13/2000,
一,06/12/2000,
五,06/09/2000,
四,06/08/2000,
三,06/07/2000,
二,06/06/2000,
一,06/05/2000,
五,06/02/2000,
四,06/01/2000,
三,05/31/2000,
二,05/30/2000,
五,05/26/2000,
四,05/25/2000,
三,05/24/2000,
二,05/23/2000,
一,05/22/2000,
五,05/19/2000,
四,05/18/2000,
三,05/17/2000,
二,05/16/2000,
一,05/15/2000,
五,05/12/2000,
四,05/11/2000,
三,05/10/2000,
二,05/09/2000,
一,05/08/2000,
五,05/05/2000,
四,05/04/2000,
三,05/03/2000,
二,05/02/2000,
一,05/01/2000,
五,04/28/2000,
四,04/27/2000,
三,04/26/2000,
二,04/25/2000,
一,04/24/2000,
四,04/20/2000,
三,04/19/2000,
二,04/18/2000,
一,04/17/2000,
五,04/14/2000,
四,04/13/2000,
三,04/12/2000,
二,04/11/2000,
一,04/10/2000,
五,04/07/2000,
四,04/06/2000,
三,04/05/2000,
二,04/04/2000,
一,04/03/2000,
五,03/31/2000,
四,03/30/2000,
三,03/29/2000,
二,03/28/2000,
一,03/27/2000,
五,03/24/2000,
四,03/23/2000,
三,03/22/2000,
二,03/21/2000,
一,03/20/2000,
五,03/17/2000,
四,03/16/2000,
三,03/15/2000,
二,03/14/2000,
一,03/13/2000,
五,03/10/2000,
四,03/09/2000,
三,03/08/2000,
二,03/07/2000,
一,03/06/2000,
五,03/03/2000,
四,03/02/2000,
三,03/01/2000,
二,02/29/2000,
一,02/28/2000,
五,02/25/2000,
四,02/24/2000,
三,02/23/2000,
二,02/22/2000,
五,02/18/2000,
四,02/17/2000,
三,02/16/2000,
二,02/15/2000,
一,02/14/2000,
五,02/11/2000,
四,02/10/2000,
三,02/09/2000,
二,02/08/2000,
一,02/07/2000,
五,02/04/2000,
四,02/03/2000,
三,02/02/2000,
二,02/01/2000,
一,01/31/2000,
五,01/28/2000,
四,01/27/2000,
三,01/26/2000,
二,01/25/2000,
一,01/24/2000,
五,01/21/2000,
四,01/20/2000,
三,01/19/2000,
二,01/18/2000,
五,01/14/2000,
四,01/13/2000,
三,01/12/2000,
二,01/11/2000,
一,01/10/2000,
五,01/07/2000,
四,01/06/2000,
三,01/05/2000,
二,01/04/2000,
一,01/03/2000,
五,12/31/1999,
四,12/30/1999,
三,12/29/1999,
二,12/28/1999,
一,12/27/1999,
四,12/23/1999,
三,12/22/1999,
二,12/21/1999,
一,12/20/1999,
五,12/17/1999,
四,12/16/1999,
三,12/15/1999,
二,12/14/1999,
一,12/13/1999,
五,12/10/1999,
四,12/09/1999,
三,12/08/1999,
二,12/07/1999,
一,12/06/1999,
五,12/03/1999,
四,12/02/1999,
三,12/01/1999,
二,11/30/1999,
一,11/29/1999,
五,11/26/1999,
三,11/24/1999,
二,11/23/1999,
一,11/22/1999,
五,11/19/1999,
四,11/18/1999,
三,11/17/1999,
二,11/16/1999,
一,11/15/1999,
五,11/12/1999,
四,11/11/1999,
三,11/10/1999,
二,11/09/1999,
一,11/08/1999,
五,11/05/1999,
四,11/04/1999,
三,11/03/1999,
二,11/02/1999,
一,11/01/1999,
五,10/29/1999,
四,10/28/1999,
三,10/27/1999,
二,10/26/1999,
一,10/25/1999,
五,10/22/1999,
四,10/21/1999,
三,10/20/1999,
二,10/19/1999,
一,10/18/1999,
五,10/15/1999,
四,10/14/1999,
三,10/13/1999,
二,10/12/1999,
一,10/11/1999,
五,10/08/1999,
四,10/07/1999,
三,10/06/1999,
二,10/05/1999,
一,10/04/1999,
五,10/01/1999,
四,09/30/1999,
三,09/29/1999,
二,09/28/1999,
一,09/27/1999,
五,09/24/1999,
四,09/23/1999,
三,09/22/1999,
二,09/21/1999,
一,09/20/1999,
五,09/17/1999,
四,09/16/1999,
三,09/15/1999,
二,09/14/1999,
一,09/13/1999,
五,09/10/1999,
四,09/09/1999,
三,09/08/1999,
二,09/07/1999,
五,09/03/1999,
四,09/02/1999,
三,09/01/1999,
二,08/31/1999,
一,08/30/1999,
五,08/27/1999,
四,08/26/1999,
三,08/25/1999,
二,08/24/1999,
一,08/23/1999,
五,08/20/1999,
四,08/19/1999,
三,08/18/1999,
二,08/17/1999,
一,08/16/1999,
五,08/13/1999,
四,08/12/1999,
三,08/11/1999,
二,08/10/1999,
一,08/09/1999,
五,08/06/1999,
四,08/05/1999,
三,08/04/1999,
二,08/03/1999,
一,08/02/1999,
五,07/30/1999,
四,07/29/1999,
三,07/28/1999,
二,07/27/1999,
一,07/26/1999,
五,07/23/1999,
四,07/22/1999,
三,07/21/1999,
二,07/20/1999,
一,07/19/1999,
五,07/16/1999,
四,07/15/1999,
三,07/14/1999,
二,07/13/1999,
一,07/12/1999,
五,07/09/1999,
四,07/08/1999,
三,07/07/1999,
二,07/06/1999,
五,07/02/1999,
四,07/01/1999,
三,06/30/1999,
二,06/29/1999,
一,06/28/1999,
五,06/25/1999,
四,06/24/1999,
三,06/23/1999,
二,06/22/1999,
一,06/21/1999,
五,06/18/1999,
四,06/17/1999,
三,06/16/1999,
二,06/15/1999,
一,06/14/1999,
五,06/11/1999,
四,06/10/1999,
三,06/09/1999,
二,06/08/1999,
一,06/07/1999,
五,06/04/1999,
四,06/03/1999,
三,06/02/1999,
二,06/01/1999,
五,05/28/1999,
四,05/27/1999,
三,05/26/1999,
二,05/25/1999,
一,05/24/1999,
五,05/21/1999,
四,05/20/1999,
三,05/19/1999,
二,05/18/1999,
一,05/17/1999,
五,05/14/1999,
四,05/13/1999,
三,05/12/1999,
二,05/11/1999,
一,05/10/1999,
五,05/07/1999,
四,05/06/1999,
三,05/05/1999,
二,05/04/1999,
一,05/03/1999,
五,04/30/1999,
四,04/29/1999,
三,04/28/1999,
二,04/27/1999,
一,04/26/1999,
五,04/23/1999,
四,04/22/1999,
三,04/21/1999,
二,04/20/1999,
一,04/19/1999,
五,04/16/1999,
四,04/15/1999,
三,04/14/1999,
二,04/13/1999,
一,04/12/1999,
五,04/09/1999,
四,04/08/1999,
三,04/07/1999,
二,04/06/1999,
一,04/05/1999,
四,04/01/1999,
三,03/31/1999,
二,03/30/1999,
一,03/29/1999,
五,03/26/1999,
四,03/25/1999,
三,03/24/1999,
二,03/23/1999,
一,03/22/1999,
五,03/19/1999,
四,03/18/1999,
三,03/17/1999,
二,03/16/1999,
一,03/15/1999,
五,03/12/1999,
四,03/11/1999,
三,03/10/1999,
二,03/09/1999,
一,03/08/1999,
五,03/05/1999,
四,03/04/1999,
三,03/03/1999,
二,03/02/1999,
一,03/01/1999,
五,02/26/1999,
四,02/25/1999,
三,02/24/1999,
二,02/23/1999,
一,02/22/1999,
五,02/19/1999,
四,02/18/1999,
三,02/17/1999,
二,02/16/1999,
五,02/12/1999,
四,02/11/1999,
三,02/10/1999,
二,02/09/1999,
一,02/08/1999,
五,02/05/1999,
四,02/04/1999,
三,02/03/1999,
二,02/02/1999,
一,02/01/1999,
五,01/29/1999,
四,01/28/1999,
三,01/27/1999,
二,01/26/1999,
一,01/25/1999,
五,01/22/1999,
四,01/21/1999,
三,01/20/1999,
二,01/19/1999,
五,01/15/1999,
四,01/14/1999,
三,01/13/1999,
二,01/12/1999,
一,01/11/1999,
五,01/08/1999,
四,01/07/1999,
三,01/06/1999,
二,01/05/1999,
一,01/04/1999,
四,12/31/1998,
三,12/30/1998,
二,12/29/1998,
一,12/28/1998,
四,12/24/1998,
三,12/23/1998,
二,12/22/1998,
一,12/21/1998,
五,12/18/1998,
四,12/17/1998,
三,12/16/1998,
二,12/15/1998,
一,12/14/1998,
五,12/11/1998,
四,12/10/1998,
三,12/09/1998,
二,12/08/1998,
一,12/07/1998,
五,12/04/1998,
四,12/03/1998,
三,12/02/1998,
二,12/01/1998,
一,11/30/1998,
五,11/27/1998,
三,11/25/1998,
二,11/24/1998,
一,11/23/1998,
五,11/20/1998,
四,11/19/1998,
三,11/18/1998,
二,11/17/1998,
一,11/16/1998,
五,11/13/1998,
四,11/12/1998,
三,11/11/1998,
二,11/10/1998,
一,11/09/1998,
五,11/06/1998,
四,11/05/1998,
三,11/04/1998,
二,11/03/1998,
一,11/02/1998,
五,10/30/1998,
四,10/29/1998,
三,10/28/1998,
二,10/27/1998,
一,10/26/1998,
五,10/23/1998,
四,10/22/1998,
三,10/21/1998,
二,10/20/1998,
一,10/19/1998,
五,10/16/1998,
四,10/15/1998,
三,10/14/1998,
二,10/13/1998,
一,10/12/1998,
五,10/09/1998,
四,10/08/1998,
三,10/07/1998,
二,10/06/1998,
一,10/05/1998,
五,10/02/1998,
四,10/01/1998,
三,09/30/1998,
二,09/29/1998,
一,09/28/1998,
五,09/25/1998,
四,09/24/1998,
三,09/23/1998,
二,09/22/1998,
一,09/21/1998,
五,09/18/1998,
四,09/17/1998,
三,09/16/1998,
二,09/15/1998,
一,09/14/1998,
五,09/11/1998,
四,09/10/1998,
三,09/09/1998,
二,09/08/1998,
五,09/04/1998,
四,09/03/1998,
三,09/02/1998,
二,09/01/1998,
一,08/31/1998,
五,08/28/1998,
四,08/27/1998,
三,08/26/1998,
二,08/25/1998,
一,08/24/1998,
五,08/21/1998,
四,08/20/1998,
三,08/19/1998,
二,08/18/1998,
一,08/17/1998,
五,08/14/1998,
四,08/13/1998,
三,08/12/1998,
二,08/11/1998,
一,08/10/1998,
五,08/07/1998,
四,08/06/1998,
三,08/05/1998,
二,08/04/1998,
一,08/03/1998,
五,07/31/1998,
四,07/30/1998,
三,07/29/1998,
二,07/28/1998,
一,07/27/1998,
五,07/24/1998,
四,07/23/1998,
三,07/22/1998,
二,07/21/1998,
一,07/20/1998,
五,07/17/1998,
四,07/16/1998,
三,07/15/1998,
二,07/14/1998,
一,07/13/1998,
五,07/10/1998,
四,07/09/1998,
三,07/08/1998,
二,07/07/1998,
一,07/06/1998,
四,07/02/1998,
三,07/01/1998,
二,06/30/1998,
一,06/29/1998,
五,06/26/1998,
四,06/25/1998,
三,06/24/1998,
二,06/23/1998,
一,06/22/1998,
五,06/19/1998,
四,06/18/1998,
三,06/17/1998,
二,06/16/1998,
一,06/15/1998,
五,06/12/1998,
四,06/11/1998,
三,06/10/1998,
二,06/09/1998,
一,06/08/1998,
五,06/05/1998,
四,06/04/1998,
三,06/03/1998,
二,06/02/1998,
一,06/01/1998,
五,05/29/1998,
四,05/28/1998,
三,05/27/1998,
二,05/26/1998,
五,05/22/1998,
四,05/21/1998,
三,05/20/1998,
二,05/19/1998,
一,05/18/1998,
五,05/15/1998,
四,05/14/1998,
三,05/13/1998,
二,05/12/1998,
一,05/11/1998,
五,05/08/1998,
四,05/07/1998,
三,05/06/1998,
二,05/05/1998,
一,05/04/1998,
五,05/01/1998,
四,04/30/1998,
三,04/29/1998,
二,04/28/1998,
一,04/27/1998,
五,04/24/1998,
四,04/23/1998,
三,04/22/1998,
二,04/21/1998,
一,04/20/1998,
五,04/17/1998,
四,04/16/1998,
三,04/15/1998,
二,04/14/1998,
一,04/13/1998,
四,04/09/1998,
三,04/08/1998,
二,04/07/1998,
一,04/06/1998,
五,04/03/1998,
四,04/02/1998,
三,04/01/1998,
二,03/31/1998,
一,03/30/1998,
五,03/27/1998,
四,03/26/1998,
三,03/25/1998,
二,03/24/1998,
一,03/23/1998,
五,03/20/1998,
四,03/19/1998,
三,03/18/1998,
二,03/17/1998,
一,03/16/1998,
五,03/13/1998,
四,03/12/1998,
三,03/11/1998,
二,03/10/1998,
一,03/09/1998,
五,03/06/1998,
四,03/05/1998,
三,03/04/1998,
二,03/03/1998,
一,03/02/1998,
五,02/27/1998,
四,02/26/1998,
三,02/25/1998,
二,02/24/1998,
一,02/23/1998,
五,02/20/1998,
四,02/19/1998,
三,02/18/1998,
二,02/17/1998,
五,02/13/1998,
四,02/12/1998,
三,02/11/1998,
二,02/10/1998,
一,02/09/1998,
五,02/06/1998,
四,02/05/1998,
三,02/04/1998,
二,02/03/1998,
一,02/02/1998,
五,01/30/1998,
四,01/29/1998,
三,01/28/1998,
二,01/27/1998,
一,01/26/1998,
五,01/23/1998,
四,01/22/1998,
三,01/21/1998,
二,01/20/1998,
五,01/16/1998,
四,01/15/1998,
三,01/14/1998,
二,01/13/1998,
一,01/12/1998,
五,01/09/1998,
四,01/08/1998,
三,01/07/1998,
二,01/06/1998,
一,01/05/1998,
五,01/02/1998,
三,12/31/1997,
二,12/30/1997,
一,12/29/1997,
五,12/26/1997,
三,12/24/1997,
二,12/23/1997,
一,12/22/1997,
五,12/19/1997,
四,12/18/1997,
三,12/17/1997,
二,12/16/1997,
一,12/15/1997,
五,12/12/1997,
四,12/11/1997,
三,12/10/1997,
二,12/09/1997,
一,12/08/1997,
五,12/05/1997,
四,12/04/1997,
三,12/03/1997,
二,12/02/1997,
一,12/01/1997,
五,11/28/1997,
三,11/26/1997,
二,11/25/1997,
一,11/24/1997,
五,11/21/1997,
四,11/20/1997,
三,11/19/1997,
二,11/18/1997,
一,11/17/1997,
五,11/14/1997,
四,11/13/1997,
三,11/12/1997,
二,11/11/1997,
一,11/10/1997,
五,11/07/1997,
四,11/06/1997,
三,11/05/1997,
二,11/04/1997,
一,11/03/1997,
五,10/31/1997,
四,10/30/1997,
三,10/29/1997,
二,10/28/1997,
一,10/27/1997,
五,10/24/1997,
四,10/23/1997,
三,10/22/1997,
二,10/21/1997,
一,10/20/1997,
五,10/17/1997,
四,10/16/1997,
三,10/15/1997,
二,10/14/1997,
一,10/13/1997,
五,10/10/1997,
四,10/09/1997,
三,10/08/1997,
二,10/07/1997,
一,10/06/1997,
五,10/03/1997,
四,10/02/1997,
三,10/01/1997,
二,09/30/1997,
一,09/29/1997,
五,09/26/1997,
四,09/25/1997,
三,09/24/1997,
二,09/23/1997,
一,09/22/1997,
五,09/19/1997,
四,09/18/1997,
三,09/17/1997,
二,09/16/1997,
一,09/15/1997,
五,09/12/1997,
四,09/11/1997,
三,09/10/1997,
二,09/09/1997,
一,09/08/1997,
五,09/05/1997,
四,09/04/1997,
三,09/03/1997,
二,09/02/1997,
五,08/29/1997,
四,08/28/1997,
三,08/27/1997,
二,08/26/1997,
一,08/25/1997,
五,08/22/1997,
四,08/21/1997,
三,08/20/1997,
二,08/19/1997,
一,08/18/1997,
五,08/15/1997,
四,08/14/1997,
三,08/13/1997,
二,08/12/1997,
一,08/11/1997,
五,08/08/1997,
四,08/07/1997,
三,08/06/1997,
二,08/05/1997,
一,08/04/1997,
五,08/01/1997,
四,07/31/1997,
三,07/30/1997,
二,07/29/1997,
一,07/28/1997,
五,07/25/1997,
四,07/24/1997,
三,07/23/1997,
二,07/22/1997,
一,07/21/1997,
五,07/18/1997,
四,07/17/1997,
三,07/16/1997,
二,07/15/1997,
一,07/14/1997,
五,07/11/1997,
四,07/10/1997,
三,07/09/1997,
二,07/08/1997,
一,07/07/1997,
四,07/03/1997,
三,07/02/1997,
二,07/01/1997,
一,06/30/1997,
五,06/27/1997,
四,06/26/1997,
三,06/25/1997,
二,06/24/1997,
一,06/23/1997,
五,06/20/1997,
四,06/19/1997,
三,06/18/1997,
二,06/17/1997,
一,06/16/1997,
五,06/13/1997,
四,06/12/1997,
三,06/11/1997,
二,06/10/1997,
一,06/09/1997,
五,06/06/1997,
四,06/05/1997,
三,06/04/1997,
二,06/03/1997,
一,06/02/1997,
五,05/30/1997,
四,05/29/1997,
三,05/28/1997,
二,05/27/1997,
五,05/23/1997,
四,05/22/1997,
三,05/21/1997,
二,05/20/1997,
一,05/19/1997,
五,05/16/1997,
四,05/15/1997,
三,05/14/1997,
二,05/13/1997,
一,05/12/1997,
五,05/09/1997,
四,05/08/1997,
三,05/07/1997,
二,05/06/1997,
一,05/05/1997,
五,05/02/1997,
四,05/01/1997,
三,04/30/1997,
二,04/29/1997,
一,04/28/1997,
五,04/25/1997,
四,04/24/1997,
三,04/23/1997,
二,04/22/1997,
一,04/21/1997,
五,04/18/1997,
四,04/17/1997,
三,04/16/1997,
二,04/15/1997,
一,04/14/1997,
五,04/11/1997,
四,04/10/1997,
三,04/09/1997,
二,04/08/1997,
一,04/07/1997,
五,04/04/1997,
四,04/03/1997,
三,04/02/1997,
二,04/01/1997,
一,03/31/1997,
四,03/27/1997,
三,03/26/1997,
二,03/25/1997,
一,03/24/1997,
五,03/21/1997,
四,03/20/1997,
三,03/19/1997,
二,03/18/1997,
一,03/17/1997,
五,03/14/1997,
四,03/13/1997,
三,03/12/1997,
二,03/11/1997,
一,03/10/1997,
五,03/07/1997,
四,03/06/1997,
三,03/05/1997,
二,03/04/1997,
一,03/03/1997,
五,02/28/1997,
四,02/27/1997,
三,02/26/1997,
二,02/25/1997,
一,02/24/1997,
五,02/21/1997,
四,02/20/1997,
三,02/19/1997,
二,02/18/1997,
五,02/14/1997,
四,02/13/1997,
三,02/12/1997,
二,02/11/1997,
一,02/10/1997,
五,02/07/1997,
四,02/06/1997,
三,02/05/1997,
二,02/04/1997,
一,02/03/1997,
五,01/31/1997,
四,01/30/1997,
三,01/29/1997,
二,01/28/1997,
一,01/27/1997,
五,01/24/1997,
四,01/23/1997,
三,01/22/1997,
二,01/21/1997,
一,01/20/1997,
五,01/17/1997,
四,01/16/1997,
三,01/15/1997,
二,01/14/1997,
一,01/13/1997,
五,01/10/1997,
四,01/09/1997,
三,01/08/1997,
二,01/07/1997,
一,01/06/1997,
五,01/03/1997,
四,01/02/1997,
二,12/31/1996,
一,12/30/1996,
五,12/27/1996,
四,12/26/1996,
二,12/24/1996,
一,12/23/1996,
五,12/20/1996,
四,12/19/1996,
三,12/18/1996,
二,12/17/1996,
一,12/16/1996,
五,12/13/1996,
四,12/12/1996,
三,12/11/1996,
二,12/10/1996,
一,12/09/1996,
五,12/06/1996,
四,12/05/1996,
三,12/04/1996,
二,12/03/1996,
一,12/02/1996,
五,11/29/1996,
三,11/27/1996,
二,11/26/1996,
一,11/25/1996,
五,11/22/1996,
四,11/21/1996,
三,11/20/1996,
二,11/19/1996,
一,11/18/1996,
五,11/15/1996,
四,11/14/1996,
三,11/13/1996,
二,11/12/1996,
一,11/11/1996,
五,11/08/1996,
四,11/07/1996,
三,11/06/1996,
二,11/05/1996,
一,11/04/1996,
五,11/01/1996,
四,10/31/1996,
三,10/30/1996,
二,10/29/1996,
一,10/28/1996,
五,10/25/1996,
四,10/24/1996,
三,10/23/1996,
二,10/22/1996,
一,10/21/1996,
五,10/18/1996,
四,10/17/1996,
三,10/16/1996,
二,10/15/1996,
一,10/14/1996,
五,10/11/1996,
四,10/10/1996,
三,10/09/1996,
二,10/08/1996,
一,10/07/1996,
五,10/04/1996,
四,10/03/1996,
三,10/02/1996,
二,10/01/1996,
一,09/30/1996,
五,09/27/1996,
四,09/26/1996,
三,09/25/1996,
二,09/24/1996,
一,09/23/1996,
五,09/20/1996,
四,09/19/1996,
三,09/18/1996,
二,09/17/1996,
一,09/16/1996,
五,09/13/1996,
四,09/12/1996,
三,09/11/1996,
二,09/10/1996,
一,09/09/1996,
五,09/06/1996,
四,09/05/1996,
三,09/04/1996,
二,09/03/1996,
五,08/30/1996,
四,08/29/1996,
三,08/28/1996,
二,08/27/1996,
一,08/26/1996,
五,08/23/1996,
四,08/22/1996,
三,08/21/1996,
二,08/20/1996,
一,08/19/1996,
五,08/16/1996,
四,08/15/1996,
三,08/14/1996,
二,08/13/1996,
一,08/12/1996,
五,08/09/1996,
四,08/08/1996,
三,08/07/1996,
二,08/06/1996,
一,08/05/1996,
五,08/02/1996,
四,08/01/1996,
三,07/31/1996,
二,07/30/1996,
一,07/29/1996,
五,07/26/1996,
四,07/25/1996,
三,07/24/1996,
二,07/23/1996,
一,07/22/1996,
五,07/19/1996,
四,07/18/1996,
三,07/17/1996,
二,07/16/1996,
一,07/15/1996,
五,07/12/1996,
四,07/11/1996,
三,07/10/1996,
二,07/09/1996,
一,07/08/1996,
五,07/05/1996,
三,07/03/1996,
二,07/02/1996,
一,07/01/1996,
五,06/28/1996,
四,06/27/1996,
三,06/26/1996,
二,06/25/1996,
一,06/24/1996,
五,06/21/1996,
四,06/20/1996,
三,06/19/1996,
二,06/18/1996,
一,06/17/1996,
五,06/14/1996,
四,06/13/1996,
三,06/12/1996,
二,06/11/1996,
一,06/10/1996,
五,06/07/1996,
四,06/06/1996,
三,06/05/1996,
二,06/04/1996,
一,06/03/1996,
五,05/31/1996,
四,05/30/1996,
三,05/29/1996,
二,05/28/1996,
五,05/24/1996,
四,05/23/1996,
三,05/22/1996,
二,05/21/1996,
一,05/20/1996,
五,05/17/1996,
四,05/16/1996,
三,05/15/1996,
二,05/14/1996,
一,05/13/1996,
五,05/10/1996,
四,05/09/1996,
三,05/08/1996,
二,05/07/1996,
一,05/06/1996,
五,05/03/1996,
四,05/02/1996,
三,05/01/1996,
二,04/30/1996,
一,04/29/1996,
